150
11357
4
351.692
150 0 10.8352 10.5413 0.802521 7.08447 
150 1 5.80814 1.78739 3.98047 10.4604 
150 2 2.46149 9.72096 8.33878 10.5606 
150 3 6.43997 9.37573 10.9504 1.1199 
150 4 0.715313 4.98042 9.28447 11.4725 
150 5 0.537191 3.93392 5.44486 6.22645 
150 6 8.97987 9.96387 7.10673 3.98416 
150 7 1.90194 4.9391 2.44647 2.07232 
150 8 4.7104 3.3315 3.32589 4.5414 
150 9 4.3193 6.74327 3.89333 5.78478 
150 10 11.5961 6.58274 4.47318 6.77092 
150 11 4.79036 9.51768 1.06943 11.4009 
150 12 8.77398 10.7189 5.38428 4.306 
150 13 7.92529 11.544 10.6531 4.95612 
150 14 4.15244 5.04592 2.90112 2.14178 
150 15 0.872914 5.30254 3.90207 10.5208 
150 16 1.7447 11.4732 4.67521 6.10536 
150 17 7.16032 9.05487 7.48787 0.834097 
150 18 4.8331 6.69527 7.20154 4.26254 
150 19 4.08352 4.85694 8.99815 2.45165 
150 20 8.04782 3.2701 6.26274 4.48278 
150 21 1.24096 0.760911 2.58709 1.30263 
150 22 5.72194 6.42103 1.8644 2.15008 
150 23 6.47986 10.093 0.880857 8.31481 
150 24 9.91649 5.83996 2.72472 5.23053 
150 25 9.44246 9.26657 1.4345 9.04789 
150 26 3.85189 8.64044 7.41346 2.27081 
150 27 6.11864 4.53357 0.349388 4.10334 
150 28 7.39203 6.97508 7.80498 4.54103 
150 29 2.50671 0.597169 5.04513 6.90403 
150 30 1.77266 7.53409 8.17225 7.38234 
150 31 0.626375 3.42695 5.29684 10.2207 
150 32 8.28739 1.87059 10.9272 1.33116 
150 33 5.36767 0.586616 9.25492 4.56833 
150 34 4.41232 7.20488 6.97991 10.2325 
150 35 5.31237 7.79126 3.13533 6.9709 
150 36 7.97283 5.75976 0.974435 10.192 
150 37 10.5621 1.25184 0.546532 2.23441 
150 38 1.33604 3.86849 2.77922 1.9752 
150 39 5.80006 3.39967 3.07904 3.64548 
150 40 3.84256 2.91914 10.9121 4.45364 
150 41 7.88323 9.05649 8.03287 0.646433 
150 42 9.04893 10.5321 10.874 3.06287 
150 43 0.946864 7.43267 11.0026 9.30444 
150 44 2.33901 6.14855 2.65703 5.82566 
150 45 1.03012 7.90987 2.2908 4.24005 
150 46 1.42733 5.08356 2.00785 6.35242 
150 47 3.03031 9.41836 4.86186 6.20596 
150 48 5.51447 3.55583 3.56162 3.46381 
150 49 7.14169 1.44063 2.67026 9.40527 
150 50 6.01467 7.49164 0.790019 6.42555 
150 51 4.57048 6.82781 10.8035 10.6642 
150 52 6.78056 0.610032 6.25629 7.59814 
150 53 4.45304 3.20935 5.47006 4.00092 
150 54 8.74229 8.12207 4.57152 9.95206 
150 55 5.48828 10.0991 10.746 5.27504 
150 56 7.07753 10.1626 7.79165 7.83495 
150 57 11.2001 11.7478 6.24721 5.32267 
150 58 2.46422 7.2655 6.65141 6.0533 
150 59 7.48046 5.22584 5.10797 3.79647 
150 60 1.14213 5.42943 0.86065 3.37011 
150 61 7.80103 1.89448 8.63851 11.2082 
150 62 8.94898 8.21232 3.23677 9.94582 
150 63 6.7495 8.97944 10.3578 6.75877 
150 64 7.00045 7.34058 3.22168 10.8861 
150 65 1.81851 9.52056 11.0576 3.69368 
150 66 11.3737 6.44306 9.43419 8.02103 
150 67 0.886422 9.11347 6.35718 5.91971 
150 68 9.35197 0.842648 11.1963 6.96123 
150 69 2.05978 2.82804 11.3019 5.62352 
150 70 10.0534 3.57545 10.2687 11.9065 
150 71 5.10178 9.0586 6.06351 1.10317 
150 72 3.88518 4.31483 0.612616 5.13028 
150 73 2.59006 11.0456 3.87467 8.48885 
150 74 0.723645 7.48975 9.55112 7.35302 
150 75 5.96016 4.49688 1.62977 8.05651 
150 76 4.44067 1.03419 3.57673 3.23505 
150 77 9.97465 9.96895 8.04766 9.24429 
150 78 6.24343 0.975615 3.02677 2.22634 
150 79 10.7568 8.98434 1.21051 9.79674 
150 80 6.96161 8.45773 9.32715 3.62029 
150 81 2.00454 2.47722 11.3039 2.81586 
150 82 9.41175 10.0463 9.68533 9.34239 
150 83 8.9925 7.51343 5.37828 8.31178 
150 84 2.9534 4.41613 9.96108 2.54204 
150 85 1.92071 1.05072 5.10847 7.93145 
150 86 3.95856 6.98159 4.26234 7.75733 
150 87 10.1149 0.908769 5.66685 5.72072 
150 88 9.82164 4.85656 9.66843 5.26913 
150 89 7.0582 4.26484 9.1457 8.73343 
150 90 2.95225 1.72497 5.06621 5.28247 
150 91 8.94177 11.747 8.20489 0.753337 
150 92 10.5989 6.98319 8.88631 11.4186 
150 93 1.59673 3.40419 2.47057 1.22552 
150 94 9.32162 2.69877 7.61291 2.94068 
150 95 3.44117 2.09819 8.21756 6.5233 
150 96 6.48396 0.813653 1.05879 5.96013 
150 97 4.69698 5.07663 3.44901 3.03293 
150 98 7.16147 10.305 7.29789 11.3877 
150 99 4.93739 4.42755 5.05808 3.82999 
150 100 5.9486 8.92738 7.53483 3.08417 
150 101 11.4832 4.89876 2.82322 3.66394 
150 102 7.37585 11.3821 5.87455 10.4757 
150 103 7.87267 10.2372 5.31835 8.86356 
150 104 11.2769 0.780171 3.92585 5.76426 
150 105 6.01457 2.89897 6.63941 6.33513 
150 106 1.4836 7.80855 0.588302 1.485 
150 107 1.15254 6.22572 9.01241 1.23192 
150 108 9.95621 6.08607 3.48814 10.1273 
150 109 11.5044 6.10806 7.39193 2.0194 
150 110 11.4809 8.87278 6.28571 2.60805 
150 111 7.45074 5.67806 9.75558 7.86875 
150 112 6.77433 8.68533 7.59658 0.779198 
150 113 10.4427 3.33189 3.00422 6.93496 
150 114 10.8273 3.33053 2.75034 7.08925 
150 115 3.51349 11.5746 7.40915 1.25762 
150 116 0.954861 5.72532 5.51062 5.30603 
150 117 6.15926 2.09465 7.44383 1.64678 
150 118 4.3966 3.49217 2.61078 2.50003 
150 119 7.78067 6.38133 3.37045 3.91192 
150 120 8.76723 9.89096 10.6283 3.18128 
150 121 5.82786 5.31383 3.78219 1.47053 
150 122 8.66606 6.64558 6.40539 5.96678 
150 123 11.2894 9.71808 8.10467 11.2909 
150 124 4.27524 7.78439 6.46527 9.30528 
150 125 5.58193 8.9369 4.33591 9.6618 
150 126 11.2424 5.98355 5.46915 7.28286 
150 127 7.65512 7.50784 4.94615 6.18343 
150 128 0.786901 8.82715 3.61614 5.69977 
150 129 4.2328 7.33692 6.12676 6.52039 
150 130 7.04898 8.18096 0.941693 6.52079 
150 131 4.93241 3.91768 0.419865 3.65839 
150 132 10.358 8.40532 7.17183 3.68472 
150 133 4.69719 11.3382 2.26088 9.66146 
150 134 1.03709 7.21417 11.1017 9.11061 
150 135 9.85224 11.0187 9.70316 9.99545 
150 136 7.70781 1.17717 10.5651 6.33021 
150 137 3.61037 0.892734 0.797919 9.69174 
150 138 8.2632 7.17154 0.495895 8.65388 
150 139 9.80908 0.977327 6.57892 4.50002 
150 140 2.4776 3.73437 6.89384 2.05789 
150 141 8.21196 4.09741 0.577558 8.80909 
150 142 3.9912 0.993195 0.451503 3.49788 
150 143 5.03519 10.2548 6.24088 1.7499 
150 144 6.52104 11.1427 3.19311 9.5015 
150 145 11.4965 8.8941 3.44448 2.98232 
150 146 4.80946 3.79628 11.179 3.44259 
150 147 4.34121 5.66447 3.06957 2.98595 
150 148 4.00039 9.61042 3.63353 11.4788 
150 149 7.11536 3.75171 3.37457 2.36201 
150 150 9.44983 4.54961 9.9532 4.35211 
150 151 10.3926 10.8279 11.4393 10.5028 
150 152 9.50924 2.31613 8.39151 4.38539 
150 153 0.669251 6.2194 6.72158 11.2057 
150 154 8.23026 1.3687 9.197 7.3712 
150 155 2.49008 0.414712 8.35025 10.8089 
150 156 10.0111 6.54252 11.4675 6.02779 
150 157 3.84869 3.82453 2.49379 3.15542 
150 158 1.92868 11.3224 11.3654 0.521565 
150 159 10.1015 5.36121 10.7465 3.88257 
150 160 8.5146 2.86193 6.94748 2.8388 
150 161 2.63482 8.37745 1.82327 10.1529 
150 162 9.40943 1.25597 0.825295 5.5802 
150 163 0.818323 3.19423 4.61802 4.29746 
150 164 9.34263 11.4272 5.59441 3.14114 
150 165 9.96033 7.08888 10.4288 11.0019 
150 166 1.26061 10.1949 5.23728 1.68504 
150 167 4.19297 11.2635 9.01308 5.91853 
150 168 6.41133 4.39359 3.67042 8.08673 
150 169 3.0702 1.17525 2.34844 5.10885 
150 170 6.72886 1.38362 11.1568 6.68058 
150 171 5.11024 10.8405 6.33667 9.1214 
150 172 12.2111 12.1658 10.4695 9.15328 
150 173 1.00203 4.00057 2.49896 1.50097 
150 174 2.21289 8.1162 8.91717 11.2791 
150 175 7.09783 5.78955 0.537117 7.57239 
150 176 5.41958 9.60599 5.90336 7.45525 
150 177 9.67598 7.28443 6.86398 4.49298 
150 178 3.94064 0.958967 5.0611 2.78507 
150 179 1.94745 1.08416 9.6257 0.982763 
150 180 5.69092 3.62374 3.3558 3.38423 
150 181 6.26708 6.39258 10.5403 2.22027 
150 182 3.45509 6.71047 2.801 3.79313 
150 183 7.77423 8.84551 0.672737 2.22534 
150 184 6.98017 0.631568 3.34533 1.87309 
150 185 6.69016 10.9639 5.21244 10.2795 
150 186 6.18282 0.362777 5.68327 6.79661 
150 187 6.54659 5.2705 7.9169 7.03711 
150 188 3.08754 1.31555 2.89194 8.44047 
150 189 6.61252 1.49218 1.2898 4.83774 
150 190 9.52852 8.80003 4.03858 1.90338 
150 191 1.15469 9.95977 2.75863 2.61055 
150 192 9.90554 0.764612 4.571 5.3394 
150 193 6.35368 5.17338 9.56053 11.645 
150 194 9.73332 5.22064 8.09254 5.69404 
150 195 2.78066 10.539 6.11837 6.2911 
150 196 6.12062 10.6417 10.6092 7.14963 
150 197 11.2868 10.5727 1.26596 3.42241 
150 198 2.70489 9.98028 3.90644 2.57677 
150 199 9.12143 1.38081 6.55438 7.51543 
150 200 6.89398 5.13767 7.45754 0.938426 
150 201 9.77566 1.32157 5.89657 8.78061 
150 202 10.2457 8.59279 8.72727 3.4819 
150 203 6.65656 8.91004 3.21711 7.61303 
150 204 6.45415 1.53926 3.78962 2.64808 
150 205 6.03115 10.1808 11.6993 3.23497 
150 206 8.51262 9.69663 0.656349 1.798 
150 207 4.79371 3.26704 8.5771 0.646344 
150 208 6.38992 5.4635 6.9094 5.61719 
150 209 1.13002 1.9051 8.90729 10.9551 
150 210 9.87098 6.10319 8.15378 10.6148 
150 211 3.88521 0.853089 0.386629 4.37999 
150 212 7.94864 9.1425 2.60672 8.66967 
150 213 7.85961 1.39833 0.578445 10.8612 
150 214 10.6808 0.893817 0.968329 4.61342 
150 215 3.06358 3.92421 10.0651 4.10266 
150 216 4.18308 4.81736 3.25681 4.10285 
150 217 2.55292 1.10678 3.43288 4.25205 
150 218 1.82764 1.41468 10.1005 10.6587 
150 219 7.23183 10.8276 11.97 9.74237 
150 220 7.63327 2.50607 2.18947 9.64607 
150 221 8.50294 1.63248 3.69853 8.24401 
150 222 8.71683 10.7428 7.09408 4.71498 
150 223 3.76119 5.67719 3.70554 2.7208 
150 224 6.37718 7.57305 5.43344 8.07984 
150 225 8.45623 4.38825 2.07094 5.23524 
150 226 11.0429 11.9181 10.8946 7.36207 
150 227 3.5994 10.7211 11.3063 11.6003 
150 228 5.23348 0.958482 4.09024 3.69022 
150 229 8.82686 8.43054 1.08476 10.7871 
150 230 6.23675 4.12521 4.79951 4.34694 
150 231 4.12323 8.61751 5.6788 9.47109 
150 232 10.443 5.5698 0.687658 3.71322 
150 233 10.4007 1.5819 8.02101 9.46953 
150 234 7.60439 7.89139 10.6929 11.9008 
150 235 1.94874 4.91564 5.04933 6.93476 
150 236 5.45796 9.61136 11.3522 3.0307 
150 237 1.15779 7.34856 8.10958 6.81676 
150 238 8.32629 2.86228 5.68528 5.66518 
150 239 4.83766 9.90579 4.96259 4.39565 
150 240 5.08282 10.968 8.35224 8.21249 
150 241 0.982917 9.793 0.716356 2.48584 
150 242 1.30766 0.914526 7.77983 2.23571 
150 243 5.38208 2.29515 8.42805 5.88837 
150 244 6.47974 8.19351 3.39966 5.64939 
150 245 8.89905 0.440954 6.99122 6.13588 
150 246 7.36441 7.76791 5.99341 2.12469 
150 247 1.15611 6.34228 0.842981 10.7344 
150 248 4.70285 3.50845 7.95428 1.03023 
150 249 7.35025 9.09661 3.22746 8.17509 
150 250 4.68163 6.62084 10.4145 9.6389 
150 251 8.85706 1.52828 3.9645 8.65381 
150 252 10.7919 3.25118 9.32673 8.22429 
150 253 2.19677 0.566878 7.2891 9.81646 
150 254 7.81911 2.2178 6.49326 8.40957 
150 255 1.77751 2.16673 8.18987 6.11461 
150 256 9.68335 11.5767 7.21929 5.48829 
150 257 9.64461 4.39617 2.65539 6.60034 
150 258 10.2101 7.63466 5.46482 2.58359 
150 259 9.23575 4.55161 10.4554 2.41261 
150 260 6.36919 4.24976 8.1918 3.2594 
150 261 4.20925 10.9105 8.71258 6.11556 
150 262 7.10608 3.45794 9.99958 9.15371 
150 263 10.2761 7.16832 3.88891 7.99675 
150 264 2.87097 5.29537 3.12898 4.28048 
150 265 9.2341 11.6121 0.528424 2.97456 
150 266 7.20437 1.46021 5.04172 4.25904 
150 267 4.29853 10.7458 6.74171 5.62549 
150 268 2.55867 9.38793 3.75285 1.90249 
150 269 4.11915 11.7904 8.17776 11.1322 
150 270 7.79319 7.35803 4.11683 6.47333 
150 271 8.56723 1.72029 9.60625 11.2723 
150 272 6.82481 7.2101 8.08765 10.7684 
150 273 0.997294 8.68101 3.35481 7.49475 
150 274 9.82364 1.49732 6.45417 8.9936 
150 275 1.93199 7.57549 8.78989 4.51361 
150 276 2.96907 0.927643 0.448138 4.29072 
150 277 6.89093 8.73701 9.68929 3.51681 
150 278 10.5836 2.09106 3.56616 6.72451 
150 279 3.09404 3.41168 11.1132 4.47311 
150 280 3.66113 7.49583 3.08973 3.64494 
150 281 6.04725 5.90496 0.748388 8.88539 
150 282 7.84063 1.32493 6.00566 4.46423 
150 283 3.83299 9.24424 3.08308 5.0281 
150 284 10.3957 3.51224 3.55879 5.00236 
150 285 6.12684 3.32817 2.62139 3.99166 
150 286 10.1087 7.24091 0.504522 3.12854 
150 287 4.00649 6.32882 5.39367 5.78224 
150 288 2.50759 4.43311 9.2805 2.49366 
150 289 9.89291 4.64327 0.99483 2.30292 
150 290 0.863006 2.97468 4.32797 4.02271 
150 291 0.625027 6.98138 9.43243 4.76204 
150 292 4.91295 7.73518 4.69782 10.2987 
150 293 10.9892 7.73904 4.23011 8.63467 
150 294 3.07306 10.1692 5.34919 6.4266 
150 295 4.42911 6.57537 6.70935 6.86137 
150 296 9.51246 6.00119 4.26793 2.89501 
150 297 5.49093 10.7686 10.8348 5.57458 
150 298 0.887175 10.1206 9.70361 8.29455 
150 299 5.76181 1.83593 6.54737 4.18259 
150 300 8.66292 1.16389 4.11205 3.09564 
150 301 2.9514 2.73841 5.18138 1.65679 
150 302 0.949969 5.68931 7.98494 3.75373 
150 303 0.648 9.81825 6.11688 4.18737 
150 304 4.65772 10.8206 2.47805 9.52207 
150 305 9.64598 1.34733 9.31464 4.92195 
150 306 11.1975 7.97868 6.95235 11.6978 
150 307 4.54773 3.62319 3.677 3.57788 
150 308 3.71313 2.51097 4.84049 6.67262 
150 309 4.58918 6.13679 8.17301 4.45231 
150 310 10.6789 11.4632 2.95915 5.76176 
150 311 10.1665 9.51668 11.0221 7.39489 
150 312 3.77668 0.958725 0.317013 6.07001 
150 313 9.64934 9.15936 7.25574 8.16486 
150 314 0.812504 3.3016 3.30917 3.88428 
150 315 5.89311 6.62783 5.35234 4.32873 
150 316 8.89222 4.90002 0.737731 8.02662 
150 317 4.20619 4.19158 0.249575 3.45158 
150 318 9.13152 9.62433 9.54811 1.08193 
150 319 1.95567 3.50391 8.65603 4.75721 
150 320 4.36818 4.95322 5.59576 6.62512 
150 321 8.11556 1.0206 4.69307 7.0497 
150 322 4.22075 5.54155 0.44076 3.46038 
150 323 8.30613 0.855461 7.07795 0.851054 
150 324 0.653589 7.11977 9.1526 4.63685 
150 325 4.39638 3.98117 2.84857 3.62731 
150 326 1.23904 6.4318 3.6503 2.59125 
150 327 10.4507 7.61857 1.95901 8.61051 
150 328 5.45836 1.33797 4.22577 2.79044 
150 329 8.34473 4.02496 4.70015 1.82451 
150 330 10.6166 11.7699 10.5933 7.25805 
150 331 6.29965 7.3031 1.17384 6.36226 
150 332 9.86969 10.0314 5.41927 3.78603 
150 333 7.05176 3.98484 0.674558 7.73523 
150 334 10.5735 10.8058 5.64181 10.2017 
150 335 1.68555 2.15066 6.49017 6.22357 
150 336 4.32529 5.68931 3.12148 2.98408 
150 337 10.6767 1.82862 8.46159 9.33296 
150 338 0.669793 2.99502 10.158 6.95267 
150 339 9.54254 7.35343 7.60516 7.82575 
150 340 5.89044 7.74231 4.9918 7.45831 
150 341 0.832261 4.88597 3.26071 0.795432 
150 342 10.5448 4.72745 4.11725 10.8965 
150 343 1.26143 6.5782 1.00437 10.0263 
150 344 0.847828 9.00035 6.69772 10.9153 
150 345 10.379 3.67752 3.39996 5.13784 
150 346 5.1162 8.94652 1.92932 9.34034 
150 347 4.20877 4.32379 3.7205 3.97994 
150 348 6.18255 5.38796 10.8856 1.46598 
150 349 5.65566 8.61407 2.53366 5.09097 
150 350 2.90302 1.0128 2.90909 7.97783 
150 351 6.26032 9.58991 7.44484 2.37821 
150 352 6.18122 1.54707 0.678214 5.55076 
150 353 11.4291 10.0503 0.387396 11.6893 
150 354 7.12343 7.3681 8.7729 11.2104 
150 355 5.41073 8.99141 3.16055 1.02362 
150 356 3.67998 8.10965 3.07084 6.9934 
150 357 5.78918 10.3941 11.4507 1.75317 
150 358 11.2127 9.83312 11.3788 12.0759 
150 359 7.2503 6.33625 0.674422 8.0638 
150 360 8.24655 7.01262 3.44424 3.83316 
150 361 5.61998 8.40049 3.90974 0.93926 
150 362 10.1772 0.894579 5.62356 5.4994 
150 363 4.12357 7.74848 5.4358 1.66915 
150 364 10.79 3.56581 8.51654 5.19624 
150 365 6.78256 3.39852 6.29349 1.41907 
150 366 6.72823 0.878259 1.16697 6.63739 
150 367 7.58764 7.18729 3.79583 10.809 
150 368 3.06712 1.18459 2.74361 7.84647 
150 369 10.8889 11.9229 10.1777 10.3181 
150 370 6.43021 10.1998 3.49943 11.2873 
150 371 6.92093 1.97156 0.702051 5.89776 
150 372 10.4423 4.73668 5.70676 6.88561 
150 373 1.34102 7.38719 7.27401 6.47086 
150 374 7.59806 2.53888 2.55503 9.70459 
150 375 9.75272 8.9355 8.58141 0.981916 
150 376 9.06406 5.82767 4.08924 2.36106 
150 377 5.46408 7.82215 2.00652 5.99991 
150 378 6.399 9.73032 6.35682 8.21284 
150 379 7.42857 1.35113 7.99725 1.35626 
150 380 10.5109 3.57273 6.86287 0.825144 
150 381 9.93441 8.80647 7.45602 6.98372 
150 382 11.2304 11.3367 4.89701 8.45692 
150 383 2.37705 7.9766 4.38752 10.5814 
150 384 7.29916 7.72087 1.97428 7.42701 
150 385 3.66443 8.76511 3.03602 4.93831 
150 386 7.6999 3.19248 1.86464 8.94781 
150 387 9.56565 10.1847 9.83201 9.4367 
150 388 2.16642 1.14831 8.26657 6.54401 
150 389 9.68213 10.8676 7.46495 9.14156 
150 390 9.3488 6.17403 0.922043 5.84937 
150 391 8.31219 10.1813 11.4954 4.25593 
150 392 1.65233 2.18034 0.738965 9.99317 
150 393 6.25241 8.26863 3.74408 8.38439 
150 394 5.21308 4.64099 5.08259 4.00808 
150 395 9.12019 11.1228 7.14715 5.07469 
150 396 11.5606 4.35398 11.7392 8.42095 
150 397 8.27709 1.37509 0.897344 2.63702 
150 398 7.91925 7.43529 7.48998 9.12638 
150 399 0.90527 5.43635 2.6327 1.62249 
150 400 3.12013 8.46011 0.915993 8.32987 
150 401 1.2357 10.2689 11.435 6.32623 
150 402 8.64176 5.46195 4.71728 7.75274 
150 403 10.8521 10.8451 0.969901 10.6066 
150 404 8.18343 6.64316 1.90578 5.58197 
150 405 2.44316 7.65709 7.59076 3.67883 
150 406 10.1723 3.8986 2.51028 10.3623 
150 407 5.40824 9.52167 1.16137 7.60508 
150 408 6.78999 6.82733 10.4929 2.26803 
150 409 10.6979 10.4675 8.50961 9.50546 
150 410 10.6882 1.05383 4.35292 9.36662 
150 411 10.4426 11.9931 2.54152 2.70246 
150 412 1.44532 4.77938 7.47969 3.44672 
150 413 6.25398 5.45593 6.94047 5.59445 
150 414 3.27837 8.82229 4.8701 6.31126 
150 415 7.78465 10.293 3.34134 9.16855 
150 416 11.9088 9.41853 11.4024 10.7361 
150 417 6.82184 1.17132 2.85861 1.92609 
150 418 2.06817 1.18168 10.7228 7.24048 
150 419 0.62144 7.85935 9.85194 7.63016 
150 420 6.25548 2.06189 11.1396 2.38609 
150 421 5.92523 1.31924 1.94827 7.6477 
150 422 4.69076 1.3181 4.6852 10.8021 
150 423 5.06875 2.90097 3.37245 4.91521 
150 424 10.9154 8.97738 10.3487 1.35011 
150 425 9.92624 7.19907 1.8179 1.88859 
150 426 7.96276 6.7504 3.44889 3.8314 
150 427 4.32876 7.21328 11.4777 10.8491 
150 428 9.63361 10.2958 7.81583 9.62144 
150 429 6.68187 9.10454 6.46454 10.0497 
150 430 9.34234 6.48295 10.2342 3.46591 
150 431 2.42876 7.23093 3.67807 6.11437 
150 432 4.00511 8.50813 7.46769 2.4016 
150 433 3.74815 4.95529 9.04917 0.621725 
150 434 11.5295 6.86583 3.27937 4.40213 
150 435 3.25774 9.35931 9.08076 6.02542 
150 436 3.22281 4.12308 4.04038 7.94427 
150 437 2.35869 5.20913 6.96355 5.34802 
150 438 4.88266 1.08609 7.72602 1.52451 
150 439 7.9602 6.45453 6.61271 7.12994 
150 440 3.13421 9.55949 9.85813 5.45268 
150 441 1.00132 3.98638 0.460681 1.47252 
150 442 10.3775 9.82677 11.3757 7.66076 
150 443 6.96792 8.4841 2.98024 9.08542 
150 444 2.41358 1.37102 0.48936 8.59916 
150 445 1.46743 7.31738 3.52278 5.70758 
150 446 8.00682 10.8799 7.77482 4.00471 
150 447 1.25622 2.49437 10.5353 2.43462 
150 448 5.83029 4.00944 3.57291 7.89703 
150 449 7.23386 4.23319 9.94023 10.1207 
150 450 8.55058 4.69948 6.43267 9.5781 
150 451 2.22342 3.46955 1.36106 8.53263 
150 452 9.89539 1.2885 7.43505 10.881 
150 453 7.70698 10.2227 5.21473 4.19773 
150 454 3.71624 6.2458 2.3867 4.20724 
150 455 3.69327 7.60748 2.1505 10.0189 
150 456 5.6886 5.26848 6.43126 6.57139 
150 457 2.71724 10.5269 5.97628 6.11078 
150 458 4.25 6.37897 3.66417 10.9204 
150 459 4.20271 10.4921 8.84978 3.01049 
150 460 0.971574 5.02663 6.55732 3.15414 
150 461 8.3137 6.91214 1.88024 7.18754 
150 462 2.62259 10.0717 5.71691 6.09955 
150 463 6.46887 3.58751 10.6873 6.4969 
150 464 7.63802 0.661429 2.71393 5.10475 
150 465 11.6887 2.95984 11.3333 9.05056 
150 466 2.93857 3.75619 8.99994 2.23018 
150 467 0.89164 5.81274 10.3731 7.51591 
150 468 4.87328 6.78462 9.91637 8.28581 
150 469 2.62628 0.616303 9.41481 11.1096 
150 470 5.15669 10.5226 11.0101 11.6536 
150 471 2.83072 9.92828 0.777099 9.28691 
150 472 9.89794 9.12132 3.5452 4.91246 
150 473 7.46221 2.73053 2.30032 9.3201 
150 474 10.4216 0.612973 6.87984 6.67176 
150 475 1.73136 5.77658 7.96817 0.786733 
150 476 6.49629 7.77887 3.36959 8.20678 
150 477 2.8764 1.07978 2.43535 5.55239 
150 478 10.1447 1.62223 0.735987 1.66916 
150 479 0.968507 6.74942 4.70375 4.62819 
150 480 5.52496 8.35478 9.14775 11.8946 
150 481 4.9204 7.69405 4.3399 9.21021 
150 482 1.08716 11.2213 10.8227 7.81374 
150 483 11.3366 7.96882 8.4277 6.04835 
150 484 3.745 10.1439 10.1081 11.4216 
150 485 4.13338 0.927313 0.487608 3.55907 
150 486 7.77788 7.55854 11.6532 2.7646 
150 487 4.51486 4.93634 7.27749 9.01673 
150 488 5.92517 1.75517 3.90473 10.5489 
150 489 6.68575 2.88023 2.94124 3.64988 
150 490 8.3983 2.45658 10.6052 7.5992 
150 491 9.82357 1.49011 7.6112 8.0954 
150 492 0.928893 1.69015 6.47637 0.730308 
150 493 6.81262 4.11449 4.60334 4.59883 
150 494 10.6721 10.1715 6.78894 2.57777 
150 495 2.3679 10.3141 6.46391 7.5096 
150 496 9.75126 4.50417 2.69525 1.39478 
150 497 5.09275 4.99166 9.62737 0.856185 
150 498 6.88144 9.05305 8.87691 11.348 
150 499 10.5952 0.617654 6.95526 6.49993 
150 500 1.68728 8.91065 6.08249 8.18139 
150 501 5.99677 10.0239 1.819 5.27863 
150 502 8.24705 1.80514 2.19886 5.13587 
150 503 0.606907 8.37338 7.20385 5.69437 
150 504 11.479 10.0439 0.445543 11.6162 
150 505 9.48947 10.0525 1.11681 10.0386 
150 506 8.63953 4.27639 9.05456 2.61657 
150 507 4.32339 10.6177 8.18448 0.600052 
150 508 8.80451 1.85125 8.36424 4.4232 
150 509 7.36005 5.05777 3.48867 9.61113 
150 510 0.888879 4.87949 9.51614 6.832 
150 511 7.2588 6.25302 0.694525 3.09007 
150 512 4.05432 6.64525 2.23893 8.07 
150 513 5.18269 3.361 7.19697 7.3057 
150 514 7.18914 5.70521 4.37357 7.22431 
150 515 4.22241 0.612769 6.72103 6.75758 
150 516 9.02071 10.8921 5.40108 9.79791 
150 517 7.41441 2.60965 2.91687 3.54295 
150 518 7.8545 0.701716 10.8411 10.1775 
150 519 2.65531 10.9642 6.48007 6.56586 
150 520 6.34074 8.59879 3.32297 5.79307 
150 521 6.25042 4.60667 2.04023 8.69196 
150 522 7.9508 6.78097 5.06974 7.21332 
150 523 0.838303 5.83704 8.33023 3.91918 
150 524 11.0684 7.81738 2.87961 3.49029 
150 525 10.7331 10.7184 6.36933 1.72946 
150 526 1.03708 5.0982 4.51157 8.07212 
150 527 10.7001 0.949491 4.26483 9.75158 
150 528 8.7313 1.1097 4.99302 5.16519 
150 529 4.97303 1.35915 7.63008 8.09768 
150 530 1.49426 7.21879 10.2868 8.94455 
150 531 8.38079 6.31447 0.891899 2.42723 
150 532 9.59577 9.68236 4.47733 7.93738 
150 533 9.41964 5.81605 2.42728 4.93428 
150 534 4.59954 8.13241 2.52584 8.72804 
150 535 9.03769 10.9459 7.20848 7.23068 
150 536 7.0612 6.59228 4.98091 6.38458 
150 537 3.35307 8.06116 2.83256 4.75706 
150 538 4.00556 7.34692 7.96997 0.798886 
150 539 8.19615 8.82208 3.68703 7.04864 
150 540 7.14628 3.07076 8.2674 6.63217 
150 541 3.4334 0.881813 4.44384 4.93019 
150 542 9.28582 7.23657 8.15997 6.21584 
150 543 1.23383 5.35384 7.65447 6.98503 
150 544 5.41514 8.01954 2.14802 6.20329 
150 545 6.1058 10.2056 5.04187 10.9264 
150 546 5.41847 1.56417 5.6048 3.78667 
150 547 4.46529 4.8721 3.03203 2.3029 
150 548 6.37524 0.923895 2.09456 3.87714 
150 549 1.27507 6.66943 9.13759 10.0611 
150 550 7.51239 1.55844 9.8617 1.99636 
150 551 11.4147 6.37702 8.67174 4.26128 
150 552 9.04328 4.60195 5.23567 4.6024 
150 553 2.81556 4.90827 8.81853 3.99773 
150 554 5.80067 9.52161 2.1126 5.07827 
150 555 3.44876 4.4352 5.53368 4.62812 
150 556 10.9367 2.9542 8.02619 11.7071 
150 557 3.61051 1.03506 2.75173 3.40695 
150 558 2.01545 8.46424 5.09333 1.6181 
150 559 11.3535 3.04731 11.1109 8.92022 
150 560 6.64424 5.31569 6.9663 5.61326 
150 561 8.10114 10.9494 3.52086 9.51019 
150 562 8.51843 4.85467 2.86318 1.81069 
150 563 3.24304 4.20527 10.6758 2.5001 
150 564 5.42736 8.3343 8.03039 3.82577 
150 565 4.11332 6.83091 6.24455 6.41267 
150 566 3.79993 1.07061 2.18696 3.37392 
150 567 9.32377 1.57739 6.03577 0.720785 
150 568 0.643406 7.34647 4.99702 3.26093 
150 569 7.22611 8.59444 6.32686 5.40691 
150 570 7.62159 3.65045 0.465201 11.1533 
150 571 6.26444 5.78678 7.84883 6.30754 
150 572 1.89645 5.62478 8.805 0.914789 
150 573 6.25481 10.4771 1.33079 10.7839 
150 574 1.09148 4.02932 7.55304 9.99834 
150 575 10.7466 9.30784 10.1676 4.40598 
150 576 4.028 9.99594 7.72059 0.62448 
150 577 2.33505 8.97509 11.1715 10.2586 
150 578 10.5883 6.16304 4.54236 0.948459 
150 579 0.47923 7.72483 5.73756 9.44794 
150 580 6.60855 10.7898 9.30688 1.677 
150 581 9.41074 10.8806 12.0689 4.90388 
150 582 7.17172 1.68858 3.72617 2.32876 
150 583 4.42843 8.26514 5.37837 8.75984 
150 584 7.0704 8.15716 3.3098 9.41101 
150 585 9.969 3.70534 2.9448 9.85375 
150 586 10.0011 1.09833 9.70475 4.54801 
150 587 8.61753 11.4636 1.44649 4.5093 
150 588 4.89127 11.026 4.95196 8.58893 
150 589 5.50959 10.2054 2.45554 6.78908 
150 590 7.12586 6.08926 7.07694 11.5463 
150 591 2.05865 7.42674 8.52266 4.347 
150 592 8.91525 7.35972 1.74479 7.59679 
150 593 10.4185 10.8573 6.36694 3.74961 
150 594 1.12776 11.7733 7.6545 8.82173 
150 595 4.9686 2.54349 7.83935 9.6954 
150 596 2.03847 2.58266 5.68246 0.753921 
150 597 6.66214 9.12954 7.76099 2.84224 
150 598 7.59584 4.29535 2.27059 4.79477 
150 599 5.40026 5.32046 8.78389 2.83679 
150 600 1.17356 5.6036 4.84549 4.89005 
150 601 4.5883 5.24937 2.8669 5.22022 
150 602 6.66647 5.71178 9.8387 10.2354 
150 603 7.69447 6.4503 3.5048 10.2566 
150 604 1.65818 9.42245 6.27083 8.69279 
150 605 1.01898 2.36444 10.1087 4.20777 
150 606 11.6884 1.40626 8.36981 4.94581 
150 607 0.904863 5.17448 2.66731 1.70026 
150 608 6.80889 8.06757 7.61715 10.6804 
150 609 2.43219 10.9783 10.5991 2.45849 
150 610 4.81642 2.59884 6.91363 6.11838 
150 611 9.85387 10.224 10.9532 5.89435 
150 612 4.0361 4.99884 3.1293 10.1241 
150 613 6.76426 1.16218 1.71248 6.71251 
150 614 8.98355 11.0068 6.02862 4.49713 
150 615 0.897549 9.08765 6.36969 5.91565 
150 616 11.6121 7.83475 0.992786 8.52377 
150 617 3.35113 6.25436 4.52651 6.62529 
150 618 8.66466 1.00577 6.97747 0.778645 
150 619 6.33906 7.07525 4.98329 2.57175 
150 620 1.21664 7.11126 1.3731 3.25107 
150 621 4.77433 2.20847 9.33682 8.42713 
150 622 7.79564 10.8946 0.959649 9.4917 
150 623 1.89335 1.95286 10.0786 2.18087 
150 624 9.94581 11.0278 5.53289 11.0174 
150 625 10.9089 10.4973 0.781041 7.59646 
150 626 5.50245 8.46814 3.20627 10.0174 
150 627 10.8633 8.42396 1.51666 0.846354 
150 628 11.5436 7.99787 3.14575 9.53257 
150 629 10.9496 7.59523 11.6084 2.63637 
150 630 0.856626 0.653871 10.3722 2.92306 
150 631 6.53252 4.12716 5.03123 4.38931 
150 632 9.77431 6.04332 10.0831 9.13474 
150 633 3.79002 6.77678 10.7057 8.53097 
150 634 1.17545 3.74176 2.46159 1.42916 
150 635 10.8128 3.36984 6.81617 6.02729 
150 636 11.0997 4.41058 3.67158 5.37133 
150 637 6.46963 3.3061 7.26626 6.86602 
150 638 10.6918 1.36068 10.4037 5.10693 
150 639 11.2402 11.3103 4.84968 8.42852 
150 640 9.93772 9.09199 6.63763 2.0619 
150 641 2.30945 4.8356 4.051 0.635372 
150 642 1.07987 1.72909 6.23407 0.949987 
150 643 4.43928 2.9885 0.843106 9.40376 
150 644 1.00627 4.76766 10.2519 7.50058 
150 645 1.89213 1.51569 8.72346 0.847719 
150 646 7.24751 3.75593 0.548799 7.33767 
150 647 2.49902 10.2454 4.37191 1.59523 
150 648 7.75133 5.18441 7.85912 5.79792 
150 649 3.84405 6.79082 5.36655 5.59995 
150 650 7.88776 0.933036 0.938338 6.66531 
150 651 9.73115 1.11229 0.715339 11.6699 
150 652 6.17751 10.1582 2.65821 2.87519 
150 653 4.73301 5.39616 3.43163 2.90129 
150 654 9.41506 8.89643 9.5883 5.63048 
150 655 3.68916 7.05606 0.981166 5.72317 
150 656 1.18275 3.36279 11.3857 9.93302 
150 657 11.3094 11.456 9.78433 3.25454 
150 658 0.606672 11.2367 9.57625 4.40169 
150 659 1.12819 9.46385 4.79771 2.38329 
150 660 2.79028 2.06566 9.55504 2.96256 
150 661 7.9561 1.65815 4.12945 11.151 
150 662 6.27695 7.52038 5.2284 7.93383 
150 663 4.35321 6.95274 7.62742 11.0532 
150 664 9.31181 7.83774 9.63914 9.86542 
150 665 6.40903 3.3922 5.04935 3.20078 
150 666 2.4217 4.156 7.40374 8.60013 
150 667 7.22433 6.9531 4.6858 6.08509 
150 668 8.93608 4.00749 8.27723 1.37375 
150 669 0.880124 0.712978 10.7613 0.626798 
150 670 4.12188 5.72459 3.11051 6.26272 
150 671 6.07403 10.9529 5.97768 3.94055 
150 672 2.274 10.7033 6.55606 8.16189 
150 673 1.69216 1.09064 5.48154 9.31628 
150 674 8.99207 1.48594 2.3896 0.817037 
150 675 3.72039 6.04954 4.40264 2.44149 
150 676 4.39063 6.90382 6.96345 4.23671 
150 677 2.44152 7.69089 10.2246 4.65614 
150 678 6.58494 2.99043 11.1675 0.984786 
150 679 3.07149 0.636179 8.8275 5.27501 
150 680 5.29409 4.77456 6.96264 3.00214 
150 681 10.3529 8.12718 6.23577 8.84787 
150 682 9.90171 8.9035 8.09231 1.16516 
150 683 3.04453 7.94874 8.3671 1.01699 
150 684 5.27134 10.5979 0.929346 6.46751 
150 685 6.34033 11.0224 5.36602 7.14392 
150 686 3.41154 5.68046 2.85103 10.5832 
150 687 1.84847 1.2846 9.03922 0.86227 
150 688 10.2172 11.2986 2.56755 10.1537 
150 689 7.19436 9.41107 1.51628 11.1998 
150 690 10.6097 3.78757 7.3024 8.11523 
150 691 6.95718 4.72868 8.37879 5.6927 
150 692 2.66879 9.50259 6.22501 3.6026 
150 693 7.8607 0.975731 5.31979 4.85391 
150 694 0.794133 6.83535 9.6614 1.61596 
150 695 1.74213 8.14799 8.67315 0.472035 
150 696 7.52156 11.2295 3.72248 9.62834 
150 697 1.97896 11.3087 7.92541 1.92099 
150 698 8.9568 4.17517 9.98848 4.21226 
150 699 1.95728 1.6226 9.75192 10.2101 
150 700 9.85977 5.06638 8.65596 2.35542 
150 701 5.21347 0.912829 6.48887 6.71269 
150 702 3.65946 4.49169 2.84418 3.90987 
150 703 7.24887 0.799583 9.50885 9.22788 
150 704 6.5023 2.29311 6.16533 8.57214 
150 705 6.07792 4.31503 4.67232 4.41558 
150 706 2.31779 9.29351 8.41176 10.1474 
150 707 11.2651 6.17428 8.59281 4.28205 
150 708 6.11841 5.94185 6.20841 10.8617 
150 709 1.80683 8.23743 0.641203 8.54398 
150 710 7.27312 10.2236 1.21642 9.37608 
150 711 10.1679 5.40036 7.72634 4.53941 
150 712 6.69789 3.31776 7.81604 7.81751 
150 713 1.96111 7.85542 0.578277 8.17953 
150 714 0.623206 9.05997 6.55819 10.7399 
150 715 9.91908 8.929 4.50351 10.3137 
150 716 8.69282 5.15608 3.53925 9.49289 
150 717 6.34469 5.10837 6.01363 3.49196 
150 718 3.57778 1.43697 0.457018 7.40272 
150 719 7.96526 7.31016 7.37161 8.87408 
150 720 5.46651 9.56947 4.90987 11.3378 
150 721 6.13655 0.570762 7.02699 6.19112 
150 722 8.74776 8.21027 0.81445 2.53154 
150 723 5.86433 10.0691 11.5215 3.36743 
150 724 2.62275 3.26224 6.63372 9.58166 
150 725 2.12223 8.199 6.34432 0.709888 
150 726 6.32946 7.23993 7.68856 7.24088 
150 727 10.4698 3.76021 10.2333 9.01979 
150 728 2.03664 4.02763 8.14131 2.02302 
150 729 9.98654 10.6943 4.06424 2.54726 
150 730 1.16705 3.91748 2.66478 1.77397 
150 731 2.69584 9.01336 0.888487 10.0703 
150 732 7.49581 2.72608 2.2829 9.25694 
150 733 5.51487 9.17648 4.77297 10.9997 
150 734 10.3481 1.64683 6.4056 2.61366 
150 735 0.629973 5.9219 11.4053 8.25859 
150 736 4.53458 3.45305 0.53268 7.14102 
150 737 8.3551 3.97818 10.3764 3.89208 
150 738 2.32647 7.70043 7.58868 3.63017 
150 739 6.53604 8.79231 7.50411 6.5316 
150 740 6.24568 10.6744 5.158 11.075 
150 741 2.85958 9.87091 10.9331 6.82486 
150 742 6.69267 1.12346 9.6659 5.66359 
150 743 0.781793 4.51584 9.33138 9.89448 
150 744 1.87118 9.39415 6.72763 9.61286 
150 745 7.17385 5.06809 9.10158 8.28096 
150 746 2.14271 4.80772 5.50698 1.60104 
150 747 7.29303 9.04972 7.59501 0.877882 
150 748 8.38145 6.95564 5.88652 5.4719 
150 749 10.5912 6.0556 0.980522 5.97358 
150 750 1.18986 10.7222 5.39701 1.44024 
150 751 9.9309 3.8311 6.06947 1.17618 
150 752 6.54148 2.13844 4.13568 6.478 
150 753 1.43801 2.47959 9.91538 2.15364 
150 754 1.4729 5.81796 8.86353 3.31262 
150 755 8.66763 6.12052 10.4776 5.42821 
150 756 1.4386 4.99926 4.91182 2.12501 
150 757 4.86982 6.52704 0.623699 5.82068 
150 758 1.96185 5.67537 2.67906 11.2068 
150 759 3.4643 7.88444 11.3752 8.36795 
150 760 4.20435 4.0838 9.67769 5.95723 
150 761 1.03144 7.65738 2.68473 2.19703 
150 762 7.88712 0.953275 5.45889 4.88876 
150 763 1.33467 4.41699 4.44475 2.1021 
150 764 10.917 10.9945 9.2039 4.75801 
150 765 6.123 10.401 5.05237 5.82243 
150 766 10.104 6.55443 1.02945 1.49601 
150 767 8.62191 1.28317 4.52883 2.42129 
150 768 10.423 3.57976 6.71639 0.899285 
150 769 11.3198 3.50687 9.19806 8.2667 
150 770 5.54791 4.04471 7.0396 5.5221 
150 771 3.44259 1.39311 2.5868 2.60219 
150 772 1.6284 7.37992 0.562602 1.63359 
150 773 6.15617 5.17812 2.20741 10.1347 
150 774 4.72743 4.01938 0.295028 3.53714 
150 775 8.68148 5.24729 5.15514 8.03627 
150 776 3.30773 6.02136 3.56377 7.1926 
150 777 10.3773 0.892671 3.97577 9.06642 
150 778 9.27656 6.62918 10.6474 1.33339 
150 779 8.8559 1.60461 8.14531 4.33791 
150 780 2.85525 9.52992 10.8234 10.0602 
150 781 7.55541 1.20195 9.00579 2.96492 
150 782 3.76179 4.6269 5.4786 6.53472 
150 783 2.65256 5.30095 9.65419 5.09683 
150 784 11.1984 1.21405 2.01423 9.4727 
150 785 7.83722 0.676889 1.20439 6.62844 
150 786 6.73739 1.13674 2.45377 8.30477 
150 787 8.02444 10.5731 7.53306 0.7528 
150 788 3.11117 6.62887 4.27811 9.88157 
150 789 6.8675 1.48772 7.45754 4.19529 
150 790 10.9254 7.51378 0.497473 3.75791 
150 791 1.19294 11.1734 7.81333 7.36033 
150 792 6.86145 5.30344 10.314 9.38248 
150 793 10.7699 0.602708 4.44361 6.03154 
150 794 1.69206 6.87456 9.27092 9.89115 
150 795 0.72693 5.26603 3.31397 2.51806 
150 796 10.3793 9.17221 8.48081 0.999911 
150 797 4.84205 4.03056 4.03544 4.08424 
150 798 6.69376 0.823215 1.65553 6.73212 
150 799 4.60391 5.01842 2.7837 5.15296 
150 800 8.99075 1.57428 3.92539 8.65957 
150 801 8.62444 2.63585 8.74982 11.472 
150 802 3.68361 1.00599 2.8252 3.46939 
150 803 6.60969 8.15365 7.86881 10.525 
150 804 10.8569 11.0112 4.9686 4.71285 
150 805 9.92738 9.38927 3.52811 4.96003 
150 806 4.31751 4.37254 0.319963 3.50811 
150 807 10.1456 9.35533 10.8553 7.09506 
150 808 4.69257 9.01802 11.0621 2.99453 
150 809 10.7029 3.01082 7.73837 3.90607 
150 810 4.2536 6.58279 6.84268 4.1931 
150 811 2.73867 10.7155 8.83574 7.82501 
150 812 4.20411 4.19116 0.247945 3.45281 
150 813 7.20165 8.94037 7.51357 0.80793 
150 814 2.6602 1.68257 10.2405 1.16813 
150 815 5.84891 9.40752 3.7217 10.727 
150 816 5.29821 8.61511 8.58955 0.38429 
150 817 10.8892 11.0159 4.17612 9.4772 
150 818 5.41737 5.10766 7.69492 2.73603 
150 819 4.78157 6.24759 9.02898 8.34847 
150 820 9.18369 5.7649 10.3765 10.6984 
150 821 3.46981 0.888454 4.62045 4.89173 
150 822 3.09027 4.42737 0.728611 6.97098 
150 823 7.88907 4.09107 1.41976 8.82084 
150 824 1.13981 4.32597 8.54607 5.80315 
150 825 3.94935 0.84568 3.96345 7.70865 
150 826 7.25698 1.12584 4.52772 6.63319 
150 827 1.02158 3.02302 7.87565 3.39241 
150 828 7.50401 2.9293 2.10381 8.93724 
150 829 2.30887 2.04805 9.12746 9.47167 
150 830 6.91046 8.90215 6.13136 3.18939 
150 831 6.54159 1.20111 1.8183 3.57902 
150 832 5.22574 10.9713 8.42375 8.18938 
150 833 6.50885 7.05842 10.5178 1.74748 
150 834 0.997144 4.0001 2.49947 1.50275 
150 835 11.5695 12.1531 11.6578 7.25614 
150 836 2.30318 8.88893 10.51 9.61823 
150 837 11.7942 1.46641 8.54917 5.6195 
150 838 10.6527 8.79647 4.70481 1.45216 
150 839 10.0931 1.89646 3.63101 4.38722 
150 840 0.939053 1.75481 6.03331 1.01789 
150 841 3.34486 0.985116 2.758 3.30708 
150 842 9.87457 6.33508 10.1183 9.49198 
150 843 0.704261 5.46398 10.3469 7.53249 
150 844 2.04757 4.19026 5.53667 1.75095 
150 845 4.67531 9.58472 7.55316 10.4928 
150 846 7.49292 6.85138 10.7676 6.07082 
150 847 6.76006 4.03416 3.7165 2.69923 
150 848 9.37711 5.84197 2.35301 5.07099 
150 849 0.736476 1.0568 7.63164 9.81902 
150 850 0.895567 1.9538 6.60812 0.871098 
150 851 6.54646 1.29108 8.48418 7.65264 
150 852 4.46291 8.75494 4.68699 3.94278 
150 853 7.50026 5.53588 7.79556 9.85132 
150 854 0.591777 7.84793 9.6409 7.67916 
150 855 6.48625 8.55679 3.80813 9.5904 
150 856 1.50945 6.48701 3.69311 2.56457 
150 857 7.91703 6.65414 6.71025 7.54737 
150 858 3.67727 7.74727 3.13133 3.5563 
150 859 9.95618 11.1865 0.504027 8.16916 
150 860 3.59484 10.2919 11.3415 6.29719 
150 861 3.69606 8.18936 3.09362 4.80223 
150 862 11.0874 1.88958 6.48196 11.4901 
150 863 9.85817 11.3492 9.63238 7.11071 
150 864 6.33588 7.57827 3.99347 7.68819 
150 865 3.06483 10.7751 9.80712 5.35682 
150 866 7.79795 1.86255 8.70122 11.2906 
150 867 8.06015 4.0742 7.14053 11.6211 
150 868 1.86058 2.96756 4.62506 0.816159 
150 869 4.51139 3.92468 3.15486 3.80633 
150 870 11.3634 6.36326 9.2874 4.45385 
150 871 5.71736 7.85095 10.8516 5.96604 
150 872 3.84887 3.82416 2.49417 3.15524 
150 873 7.22242 5.7317 2.25967 4.80638 
150 874 7.02555 5.43588 3.18685 3.94108 
150 875 4.52425 5.62672 8.52034 11.7156 
150 876 6.94104 3.19453 11.4197 0.909362 
150 877 1.0914 10.6792 9.99535 0.818463 
150 878 5.83608 8.97074 4.12863 9.31692 
150 879 4.80965 10.4134 9.09593 3.48991 
150 880 5.82986 5.65763 0.793921 3.7217 
150 881 10.5666 3.80972 2.6802 7.0312 
150 882 3.95537 5.9886 3.40509 6.42936 
150 883 5.50521 1.82641 6.09372 3.30864 
150 884 4.92294 1.07733 7.54773 1.34751 
150 885 10.5877 7.24656 0.796051 4.26658 
150 886 4.29747 6.49242 6.7103 4.16007 
150 887 9.44608 5.83024 2.40529 4.97879 
150 888 9.88298 4.06376 8.4421 4.80454 
150 889 1.22973 10.837 10.448 4.02924 
150 890 10.6883 3.614 4.64483 4.81599 
150 891 11.6664 5.86678 0.984518 10.9051 
150 892 6.86164 9.62646 11.0616 6.40979 
150 893 5.1306 0.957086 4.05614 3.65712 
150 894 1.76828 0.426407 8.22701 10.5457 
150 895 6.26274 11.677 5.08254 10.0168 
150 896 9.06833 7.46248 2.30655 6.03826 
150 897 6.29086 6.64172 3.78324 0.803302 
150 898 6.2087 8.91896 11.2254 5.54099 
150 899 3.81069 1.00021 3.59853 3.9883 
150 900 10.5407 5.00821 11.39 10.049 
150 901 11.167 9.39072 2.82706 6.85798 
150 902 9.54198 6.20654 6.46909 8.49193 
150 903 11.7208 5.40607 7.23494 9.75414 
150 904 0.385683 10.062 8.63243 1.07701 
150 905 10.8934 1.45695 1.3064 5.85391 
150 906 6.42951 1.30016 10.502 8.6402 
150 907 3.13516 3.97892 6.83638 6.9412 
150 908 4.10635 0.961216 4.86316 2.86105 
150 909 10.5112 3.17331 8.86186 7.89314 
150 910 7.95337 10.3282 5.35087 8.88536 
150 911 3.79055 6.7532 1.88 8.43105 
150 912 12.0325 11.548 10.9497 11.8018 
150 913 1.1645 5.94297 5.18926 5.45914 
150 914 2.24434 10.0981 8.99642 10.646 
150 915 1.92955 11.2305 5.57416 0.91569 
150 916 1.21131 6.63167 8.73109 9.68973 
150 917 8.46422 6.80776 0.583807 1.28238 
150 918 10.5773 11.4919 4.01874 7.72627 
150 919 6.96458 4.41166 5.46144 5.0646 
150 920 10.6322 10.9095 12.099 11.3418 
150 921 10.2688 6.0438 11.524 1.20108 
150 922 3.47681 3.50968 10.0758 1.49936 
150 923 2.98134 11.0258 7.92514 9.2062 
150 924 5.97753 4.43211 1.43196 7.87137 
150 925 4.57342 3.44956 3.30071 4.10264 
150 926 8.0386 6.55045 6.24582 3.43029 
150 927 1.99373 6.86798 3.41514 9.90244 
150 928 5.13258 3.54488 4.12665 8.62781 
150 929 2.15311 10.5507 9.81973 11.4322 
150 930 1.97296 9.71804 7.04277 10.4818 
150 931 2.73035 1.74145 8.61303 7.70764 
150 932 5.67977 10.7892 11.1955 11.6037 
150 933 6.87245 4.14156 9.06134 3.40226 
150 934 10.5385 4.75933 1.25469 6.23872 
150 935 11.3139 3.42706 10.9612 9.85551 
150 936 2.02218 8.36101 7.8145 3.53846 
150 937 7.12612 1.22088 7.76011 4.10449 
150 938 4.05837 3.53802 2.65251 6.59414 
150 939 4.46903 5.81861 4.14719 10.3955 
150 940 5.678 8.35422 4.34801 1.95353 
150 941 0.692393 7.97394 10.5541 5.58452 
150 942 6.20722 11.2775 6.10433 0.654108 
150 943 9.67649 5.96339 10.1548 9.78124 
150 944 2.63456 1.00998 6.69854 8.6486 
150 945 7.23765 3.9541 0.797514 10.9715 
150 946 7.40877 9.51734 7.51198 0.877299 
150 947 5.16312 4.61119 4.83452 4.49302 
150 948 4.48304 5.35276 1.60023 10.3412 
150 949 6.33951 11.7172 10.2114 2.00645 
150 950 10.8178 5.32622 2.97371 8.28411 
150 951 8.90167 7.11654 1.73083 5.99459 
150 952 2.31934 8.64502 9.75629 8.64522 
150 953 0.589254 5.8073 8.41543 2.00257 
150 954 3.13054 10.0584 3.2961 2.36365 
150 955 10.5042 3.17156 8.86815 7.88697 
150 956 2.10393 8.71694 5.84182 7.04489 
150 957 2.97935 11.027 9.36524 7.86712 
150 958 3.63041 7.3246 11.0663 6.89798 
150 959 8.04985 0.876131 2.17167 9.97528 
150 960 9.48112 11.6388 7.31671 5.0018 
150 961 4.87334 10.9861 6.55092 1.89568 
150 962 4.76594 3.92398 3.84052 3.91894 
150 963 1.02152 7.35902 10.5469 2.18999 
150 964 4.01606 11.184 4.22039 2.00464 
150 965 11.0172 8.59215 9.28718 8.99069 
150 966 4.19719 9.00144 3.83741 11.3989 
150 967 4.15579 6.49488 3.82453 7.28946 
150 968 1.36466 6.66893 1.00554 9.94472 
150 969 5.58773 1.58222 1.4673 4.60756 
150 970 0.878571 5.85887 8.37294 8.07218 
150 971 6.98424 3.02965 11.1053 0.92977 
150 972 3.07846 9.24242 7.71287 6.98405 
150 973 7.32043 5.54043 3.69038 9.43553 
150 974 8.96688 7.85584 4.06524 2.44102 
150 975 10.5693 3.54022 9.77131 8.69517 
150 976 9.70766 6.0945 7.72283 10.2852 
150 977 1.00044 3.99818 2.50331 1.50264 
150 978 3.2491 6.21103 10.9542 11.9412 
150 979 9.05942 4.19399 5.91644 6.26148 
150 980 2.70345 3.32671 1.16754 8.00941 
150 981 8.77103 10.7194 2.94811 0.828404 
150 982 7.63839 0.760623 2.5839 10.3973 
150 983 4.32391 5.87694 2.9448 6.34633 
150 984 11.0408 4.271 5.81497 2.53237 
150 985 7.63203 4.12799 10.2515 11.2925 
150 986 9.80434 8.97876 6.59618 2.06597 
150 987 7.47685 0.61699 7.06381 10.5086 
150 988 3.66487 3.92848 2.6056 4.24937 
150 989 3.50524 4.42102 5.28913 4.4042 
150 990 10.572 3.18786 5.01032 8.21867 
150 991 8.01343 1.01625 4.01619 3.07593 
150 992 5.73517 3.98342 3.83591 7.84291 
150 993 7.24689 3.44482 6.92842 1.29113 
150 994 6.96295 6.80475 7.45806 4.16201 
150 995 6.82611 4.28648 2.40174 4.15788 
150 996 1.56545 3.97327 4.00033 3.53767 
150 997 3.5793 5.75198 3.50199 6.81786 
150 998 8.09781 7.70877 4.40356 11.2963 
150 999 9.08862 8.53045 2.86614 10.3357 
150 1000 7.38437 7.38865 5.92621 8.83478 
150 1001 4.85843 8.18022 9.12229 0.626227 
150 1002 3.90511 5.40012 3.25331 4.36491 
150 1003 4.51001 10.8886 10.279 0.947385 
150 1004 3.96273 4.03514 4.70724 11.3629 
150 1005 8.50724 8.38875 7.66394 11.2908 
150 1006 10.0572 7.02034 10.4193 3.04201 
150 1007 8.41168 1.47215 0.941434 5.18621 
150 1008 8.47762 7.56206 3.75036 2.39447 
150 1009 2.58812 7.08706 6.89472 0.859121 
150 1010 6.55903 11.4292 5.85577 0.40409 
150 1011 9.90958 4.69221 6.53576 9.05225 
150 1012 3.16043 10.435 3.65464 11.2351 
150 1013 2.32652 4.66338 10.4205 6.88203 
150 1014 10.1344 9.51243 4.5195 8.13199 
150 1015 4.57288 5.03958 6.53852 8.7176 
150 1016 5.27376 10.6243 9.3989 3.48779 
150 1017 1.18044 5.07659 4.1175 7.1882 
150 1018 11.0435 4.71634 1.78704 5.64806 
150 1019 8.69486 7.44382 2.12316 5.95312 
150 1020 2.24084 4.88323 4.41943 8.85743 
150 1021 9.18575 9.34317 4.17585 2.9336 
150 1022 1.60909 3.35765 4.09127 0.917672 
150 1023 7.58665 1.25387 8.71572 7.47 
150 1024 5.62802 7.36274 10.3842 6.1094 
150 1025 7.31885 9.11181 7.59434 0.930741 
150 1026 3.17309 4.40287 5.5428 5.02775 
150 1027 0.622427 3.02375 10.7806 7.49878 
150 1028 6.85724 11.1762 5.54402 10.5728 
150 1029 3.40808 4.6428 7.37421 10.9844 
150 1030 6.98509 0.948455 1.22854 7.74994 
150 1031 7.82093 9.77065 4.06026 1.6795 
150 1032 1.05735 9.36935 2.46036 2.26869 
150 1033 3.79744 3.99528 2.69814 3.91312 
150 1034 6.4983 4.39065 3.71842 8.06342 
150 1035 6.94681 9.02154 4.55317 8.79535 
150 1036 7.00943 5.27527 7.20198 5.62993 
150 1037 10.0866 9.29852 4.6745 10.6996 
150 1038 9.96158 0.683211 6.97972 6.49054 
150 1039 10.214 6.13075 2.62731 5.31588 
150 1040 4.96253 2.95795 7.18572 6.51203 
150 1041 7.00593 5.46678 6.04461 8.19537 
150 1042 9.76292 9.91708 5.91085 10.4911 
150 1043 1.31763 4.25438 6.93857 9.15452 
150 1044 8.6755 9.77667 8.57358 0.835578 
150 1045 6.83862 2.99186 11.111 0.950459 
150 1046 8.19673 1.44776 5.87209 7.03552 
150 1047 7.41519 8.41266 0.822518 6.52755 
150 1048 5.7233 1.40466 1.93349 7.18059 
150 1049 6.04696 3.74231 4.4162 9.37144 
150 1050 7.13118 4.4028 9.01847 8.36566 
150 1051 7.49433 5.79 0.87571 9.48468 
150 1052 8.69184 10.5549 5.21381 4.57419 
150 1053 6.26086 4.16312 4.84843 4.32655 
150 1054 6.15593 7.03016 4.1908 7.30195 
150 1055 3.67428 1.13873 2.44991 3.30906 
150 1056 2.15736 0.701743 5.11585 7.51848 
150 1057 4.68445 5.43098 1.7733 10.2689 
150 1058 8.56083 9.94134 2.36639 9.72748 
150 1059 9.34848 3.2441 3.36639 6.20441 
150 1060 1.96575 7.85405 6.64178 1.96453 
150 1061 6.05995 0.542933 5.55767 6.09678 
150 1062 7.76549 10.433 2.87042 5.07869 
150 1063 10.7781 6.19269 4.21281 7.93356 
150 1064 1.2666 9.36068 9.59481 4.34687 
150 1065 1.74963 10.8548 9.65297 4.04195 
150 1066 4.305 10.7116 9.43736 2.11204 
150 1067 7.66363 0.576894 3.75762 9.61352 
150 1068 9.38362 9.53956 1.18916 9.54787 
150 1069 4.91081 1.05578 4.155 2.60307 
150 1070 6.02305 0.697449 0.755139 2.00172 
150 1071 1.82384 9.14294 8.10747 3.24307 
150 1072 7.30026 1.3697 5.22662 4.35538 
150 1073 1.64739 9.11362 3.11226 10.9362 
150 1074 3.5781 0.555718 6.59123 1.79327 
150 1075 0.771894 10.4924 9.36032 3.65676 
150 1076 3.85938 4.16232 2.34337 7.09612 
150 1077 0.901706 0.933577 2.34103 1.34441 
150 1078 1.96272 4.36485 7.5965 3.77973 
150 1079 1.33287 4.84277 5.25091 2.54693 
150 1080 11.0753 6.74201 0.891704 6.48635 
150 1081 10.2009 3.59446 5.57295 2.69376 
150 1082 4.25145 0.840527 2.64491 9.29832 
150 1083 6.38544 7.39597 8.15391 7.70626 
150 1084 5.46933 5.04237 10.1427 1.02093 
150 1085 4.30274 1.26366 2.03177 3.34315 
150 1086 10.747 9.36831 6.96967 1.19027 
150 1087 7.5713 7.78632 8.92347 7.44733 
150 1088 9.67077 9.90906 7.96336 9.1073 
150 1089 8.15136 2.17623 10.8148 5.63266 
150 1090 9.26758 2.02133 9.59075 3.95512 
150 1091 4.3086 7.38689 6.73056 8.62679 
150 1092 6.58493 4.9377 9.33263 6.12809 
150 1093 1.46371 5.99452 8.31597 1.20515 
150 1094 4.02451 10.2929 6.45595 5.44714 
150 1095 6.8913 4.09161 6.45434 4.35426 
150 1096 8.31834 4.39821 1.44839 9.55587 
150 1097 5.94326 1.7579 3.9756 10.5533 
150 1098 9.00531 9.37862 7.41708 6.69436 
150 1099 3.857 8.49969 3.3505 4.91299 
150 1100 2.33389 8.07623 10.5138 4.41477 
150 1101 9.04722 8.40702 9.48165 6.12212 
150 1102 6.54821 4.81748 0.583471 7.38132 
150 1103 8.34149 3.0595 1.66366 10.0257 
150 1104 7.31729 3.20195 8.71799 7.27333 
150 1105 9.05642 8.27436 5.44542 1.48412 
150 1106 4.72491 8.01123 7.51467 4.29705 
150 1107 5.58174 5.91508 8.40807 8.81476 
150 1108 7.80149 2.6909 6.12605 5.26156 
150 1109 10.1856 4.47486 5.28376 1.08414 
150 1110 3.35382 1.67264 7.38253 6.10083 
150 1111 3.64698 3.83035 4.83614 9.05886 
150 1112 0.665444 8.48127 5.22972 3.57117 
150 1113 4.4982 5.9003 4.36917 4.52888 
150 1114 4.02377 6.78679 2.71985 8.39812 
150 1115 7.12505 5.58365 0.788472 8.7354 
150 1116 7.67412 1.28127 8.13101 1.30828 
150 1117 6.59799 3.88271 5.64556 4.1339 
150 1118 3.71535 9.60284 9.33 6.70289 
150 1119 1.145 4.01449 3.36164 1.74424 
150 1120 6.11287 5.59233 5.00425 1.50663 
150 1121 11.2678 5.25793 11.2652 9.78763 
150 1122 11.591 7.40258 7.36264 1.16737 
150 1123 2.18117 7.69017 9.71218 4.51423 
150 1124 8.98852 7.51491 5.37639 8.30897 
150 1125 10.1239 5.44541 0.986507 2.65472 
150 1126 2.76689 10.7253 3.81271 4.19423 
150 1127 7.91511 3.45244 5.82957 3.82608 
150 1128 8.39541 6.66789 9.03723 3.18831 
150 1129 10.6511 9.99395 0.492243 10.7484 
150 1130 5.16408 6.83235 5.37084 1.5143 
150 1131 8.52325 5.92464 4.56262 6.03253 
150 1132 1.2355 4.45587 8.51735 5.87251 
150 1133 9.85498 9.92324 4.04966 2.7332 
150 1134 3.83841 7.20957 5.68198 1.73065 
150 1135 11.6398 6.73083 9.94902 8.16624 
150 1136 1.6488 7.62719 10.7217 1.07423 
150 1137 0.78498 10.8867 6.04449 11.5306 
150 1138 1.36897 1.11201 1.02671 8.92725 
150 1139 5.78084 0.802523 9.6631 1.21907 
150 1140 4.65263 7.61773 7.69473 4.16672 
150 1141 1.67437 12.1776 10.7718 10.2027 
150 1142 1.3573 10.8271 5.43557 1.27987 
150 1143 5.7601 3.71315 3.28755 3.41439 
150 1144 1.36351 8.00806 3.54626 6.25109 
150 1145 1.91914 4.00327 5.65674 2.2179 
150 1146 9.58547 3.31878 6.48352 10.804 
150 1147 8.17745 5.93798 0.601933 2.14867 
150 1148 7.25346 3.13325 11.531 7.46683 
150 1149 8.19781 4.99159 6.9315 9.8955 
150 1150 4.48777 5.81211 5.05397 5.50961 
150 1151 10.9238 3.347 7.1743 6.15423 
150 1152 11.1638 6.08887 1.12182 6.59752 
150 1153 7.84942 3.54256 4.09375 2.4653 
150 1154 11.3835 10.7988 0.683495 7.88256 
150 1155 9.24938 6.5077 11.009 5.64894 
150 1156 7.53938 5.25462 7.62699 5.63262 
150 1157 10.4772 8.71392 8.88312 3.49923 
150 1158 3.21993 8.68817 9.30065 1.72122 
150 1159 0.653552 11.7603 8.19189 5.29052 
150 1160 5.97709 4.43205 1.43054 7.87276 
150 1161 6.88751 5.2236 9.82227 6.43498 
150 1162 10.6748 4.2986 3.6384 7.99044 
150 1163 10.2612 8.5437 2.57929 6.93429 
150 1164 8.52339 9.31329 6.36366 6.80816 
150 1165 5.5302 4.09198 4.31675 4.29928 
150 1166 1.58092 8.04667 7.52146 7.26466 
150 1167 7.6857 8.99051 2.03645 7.75888 
150 1168 3.0882 4.16046 9.69888 3.9305 
150 1169 3.21884 4.07633 10.3017 2.37464 
150 1170 7.68234 8.47527 10.9431 6.06144 
150 1171 11.275 8.18464 7.07746 9.17652 
150 1172 0.994183 3.9798 2.51854 1.50636 
150 1173 1.68409 2.89661 5.46122 6.99291 
150 1174 10.0396 6.59473 4.18626 1.41303 
150 1175 4.60003 0.58222 7.9209 2.73833 
150 1176 3.78416 6.50154 4.881 2.2217 
150 1177 10.2414 10.7046 4.05886 6.31848 
150 1178 7.2606 8.23565 5.86314 2.12509 
150 1179 10.8853 2.76947 9.52875 5.37986 
150 1180 9.67094 7.12674 7.27978 10.577 
150 1181 8.94955 7.43484 1.45203 7.68833 
150 1182 2.09771 4.21223 8.48488 2.06307 
150 1183 3.65396 1.04262 2.70134 3.35772 
150 1184 7.42993 3.6989 3.49994 2.08581 
150 1185 3.99257 0.995663 0.451279 3.49576 
150 1186 5.11353 7.7024 4.66522 10.0591 
150 1187 2.16054 3.55181 3.45487 2.06011 
150 1188 4.39553 5.07186 0.556406 2.99357 
150 1189 1.69063 1.23708 5.22766 9.41442 
150 1190 0.9494 1.73985 6.20078 10.2617 
150 1191 9.06489 3.76358 7.41751 11.0971 
150 1192 7.50081 6.19867 11.1215 9.90788 
150 1193 1.50234 7.49718 7.54205 6.75514 
150 1194 3.37002 0.939407 0.659209 10.7404 
150 1195 9.23599 5.23348 0.911635 2.45457 
150 1196 5.32358 6.6058 3.96509 2.18919 
150 1197 4.09188 8.09247 5.30452 8.85451 
150 1198 4.67847 1.05193 7.69652 1.52507 
150 1199 3.7557 4.33261 0.493869 4.86562 
150 1200 4.25189 7.0208 9.48423 7.24135 
150 1201 1.39934 6.40456 8.30311 8.85249 
150 1202 7.25068 8.85093 8.6188 5.99871 
150 1203 7.35347 4.50862 3.17808 2.26012 
150 1204 2.27257 6.85045 3.4762 9.53345 
150 1205 8.10183 3.33506 7.50731 2.44315 
150 1206 3.11811 10.2687 8.97327 1.33936 
150 1207 8.99732 3.11547 6.88438 2.88593 
150 1208 9.43497 5.92173 9.6424 9.38051 
150 1209 0.903067 0.933411 2.34201 1.34299 
150 1210 9.35325 10.9098 2.33804 0.584892 
150 1211 10.1524 5.63671 8.08903 10.9491 
150 1212 4.40817 4.94663 3.06654 3.20109 
150 1213 9.32147 10.7402 9.61762 10.9719 
150 1214 4.49071 5.3353 5.82499 3.60933 
150 1215 7.97501 3.52365 5.16031 5.17489 
150 1216 2.51547 9.20024 9.81593 1.28458 
150 1217 4.90113 0.446394 9.24863 3.36222 
150 1218 5.17213 0.474659 8.74082 4.4931 
150 1219 11.2447 6.15953 8.57221 4.2683 
150 1220 0.554413 0.84454 3.99242 2.31193 
150 1221 6.35947 3.2117 2.03635 10.0125 
150 1222 3.44991 7.94608 1.02588 5.943 
150 1223 5.15001 0.86189 3.84123 7.5614 
150 1224 6.00852 8.97932 4.06842 9.26856 
150 1225 8.57634 3.10309 6.71768 2.85522 
150 1226 8.17029 5.18379 1.83423 6.82973 
150 1227 6.4973 10.0298 11.1283 1.21241 
150 1228 5.96951 10.1594 3.80125 11.2838 
150 1229 7.19077 0.820272 10.187 5.60975 
150 1230 9.62233 6.20068 9.57177 8.84173 
150 1231 2.84487 8.83404 4.98071 6.55613 
150 1232 5.71524 3.49009 4.05176 3.36427 
150 1233 11.4206 7.37165 0.993537 7.87445 
150 1234 7.42559 1.38061 9.3278 2.2738 
150 1235 6.43698 3.31704 2.13169 10.8507 
150 1236 1.88465 11.8506 10.9991 4.36932 
150 1237 11.6835 5.45979 9.39099 8.16785 
150 1238 10.114 1.54198 0.677626 1.63192 
150 1239 9.86197 10.9824 2.6324 5.41957 
150 1240 2.06912 2.61267 7.45988 2.7245 
150 1241 7.68201 3.45883 5.42092 4.37777 
150 1242 10.279 9.01805 11.4495 4.53068 
150 1243 1.30997 7.31828 10.595 9.19241 
150 1244 6.65689 5.65875 2.54581 5.58278 
150 1245 8.99234 11.1293 10.3931 3.28583 
150 1246 0.720013 9.86826 9.028 11.1397 
150 1247 9.59984 10.7944 4.00983 7.00711 
150 1248 0.875056 5.83977 8.46296 4.02307 
150 1249 3.10578 7.98841 8.28311 1.03616 
150 1250 6.681 2.34045 0.608323 6.59322 
150 1251 10.0244 10.6768 11.4224 5.86265 
150 1252 4.88293 0.9274 6.31473 6.73193 
150 1253 7.17026 4.64287 9.93537 6.56604 
150 1254 7.67458 8.51869 0.774135 6.48983 
150 1255 3.07393 10.0805 0.810514 9.5159 
150 1256 9.8398 4.49685 3.04466 2.38443 
150 1257 6.26779 5.29336 3.68387 1.545 
150 1258 7.43196 3.71536 3.35586 2.0267 
150 1259 8.52039 2.4135 0.532373 2.46934 
150 1260 9.19453 7.03449 3.68756 5.03578 
150 1261 10.6095 3.39827 5.39874 7.56008 
150 1262 6.42933 6.41821 7.81687 3.58251 
150 1263 11.5373 4.09294 0.701436 9.82619 
150 1264 8.00873 8.87955 1.00579 3.43341 
150 1265 9.8111 4.60319 10.731 5.84368 
150 1266 3.53398 7.80355 0.943471 5.90638 
150 1267 4.25932 1.14823 2.0075 3.48262 
150 1268 7.02283 4.90164 7.75664 0.854523 
150 1269 7.23078 2.98467 2.86001 6.76946 
150 1270 4.34275 10.7358 9.12598 3.42504 
150 1271 2.2915 4.60664 8.17175 4.2392 
150 1272 1.79133 8.91602 3.72794 0.901778 
150 1273 7.57567 8.29619 0.598211 4.08488 
150 1274 5.39018 7.07166 9.55185 5.75348 
150 1275 6.78045 1.12576 9.07831 8.23361 
150 1276 6.48619 1.4357 8.00638 7.1987 
150 1277 9.16674 10.8841 10.7101 2.89192 
150 1278 4.30799 1.93032 1.31992 5.30283 
150 1279 6.54393 8.23412 5.93655 2.82629 
150 1280 7.03271 3.52799 8.84085 8.32682 
150 1281 0.96244 9.06979 0.997366 1.0168 
150 1282 9.82312 0.900929 5.32317 5.49536 
150 1283 1.00107 3.99257 2.49967 1.4974 
150 1284 4.75418 6.22153 7.81552 7.83257 
150 1285 10.0585 0.778217 9.5777 1.95971 
150 1286 4.05216 4.48158 8.38618 9.45252 
150 1287 2.06631 7.73914 1.79135 2.08949 
150 1288 1.04054 5.31225 10.3075 0.591815 
150 1289 8.34739 6.57681 6.67266 7.2969 
150 1290 6.4119 0.959751 1.89315 3.5775 
150 1291 9.59866 10.1841 4.04481 7.54608 
150 1292 9.06844 5.75567 4.70917 7.89968 
150 1293 6.64817 8.41297 10.6292 9.79272 
150 1294 1.8675 1.20924 2.53138 8.02272 
150 1295 10.6712 9.03683 5.01375 5.40773 
150 1296 3.46826 5.3935 0.857575 10.9563 
150 1297 6.51993 7.0998 6.37987 2.01554 
150 1298 2.20881 3.9493 4.58973 10.0736 
150 1299 7.16927 2.87283 6.12871 4.85793 
150 1300 7.36488 5.28582 7.00791 3.23693 
150 1301 2.13746 6.46474 7.1689 9.47143 
150 1302 3.78878 8.63236 6.70091 7.88538 
150 1303 7.18425 0.851107 2.26631 9.0321 
150 1304 11.3965 7.74877 9.02147 5.72867 
150 1305 8.70096 4.47963 1.53789 9.70755 
150 1306 2.97215 6.66381 3.53134 8.30721 
150 1307 7.56907 5.37077 3.5282 9.75175 
150 1308 9.42047 4.59326 1.9158 5.95374 
150 1309 11.5118 8.23279 4.47551 8.62079 
150 1310 0.759203 10.6349 6.15768 7.36077 
150 1311 5.5179 1.05016 11.3786 9.92956 
150 1312 8.62725 9.10784 3.79013 7.19342 
150 1313 8.1696 11.6352 4.14604 10.055 
150 1314 6.4285 7.45962 8.00922 7.57584 
150 1315 6.13948 5.41204 6.77591 5.66166 
150 1316 3.38235 3.66426 11.1928 4.03081 
150 1317 5.24203 3.94281 0.991042 6.35154 
150 1318 8.94907 11.9247 8.41597 7.99937 
150 1319 0.611302 8.43601 6.93356 9.99343 
150 1320 0.786393 5.74107 10.8405 7.74769 
150 1321 5.65578 9.05476 2.39434 5.21858 
150 1322 1.45897 4.75194 2.21134 6.34526 
150 1323 3.42545 4.0739 0.488464 5.21059 
150 1324 11.1777 6.7673 3.82483 5.77299 
150 1325 5.0051 4.7739 5.90646 3.37544 
150 1326 10.1369 3.10673 4.49249 11.6251 
150 1327 6.17811 10.3969 4.94148 5.68497 
150 1328 9.17028 3.20306 3.49603 3.6168 
150 1329 2.05508 3.94953 7.42192 1.88546 
150 1330 1.09142 5.48964 8.87411 4.11268 
150 1331 2.28159 9.65858 10.34 1.3459 
150 1332 10.245 3.86069 2.76407 3.02717 
150 1333 3.03329 8.44631 9.82165 1.6805 
150 1334 6.04057 3.37647 1.97715 10.5746 
150 1335 1.7423 5.69921 5.50806 1.695 
150 1336 4.44777 3.77833 8.74045 5.83155 
150 1337 1.3907 1.65375 7.37453 3.78148 
150 1338 11.0374 0.394352 7.59179 2.35024 
150 1339 3.22602 7.2216 8.45952 3.44239 
150 1340 5.17309 9.42553 6.14382 7.34196 
150 1341 2.06531 5.58366 3.29075 5.12273 
150 1342 8.78025 11.028 5.70437 4.55544 
150 1343 0.767548 5.66462 10.6308 4.51779 
150 1344 3.11933 3.81213 10.0191 4.17292 
150 1345 4.08914 1.94306 6.98274 3.54371 
150 1346 2.16464 10.1511 10.6515 5.797 
150 1347 11.8046 1.64627 8.39928 4.95659 
150 1348 0.661022 8.85427 6.29866 0.87968 
150 1349 8.85751 10.2607 1.04924 5.44164 
150 1350 4.27036 5.80078 3.9547 4.60619 
150 1351 7.19735 4.18824 9.19815 8.97438 
150 1352 7.03394 2.90769 8.15738 6.61292 
150 1353 4.1742 5.11467 3.23837 1.60351 
150 1354 10.0004 8.99581 0.884011 9.52923 
150 1355 10.1582 4.53031 8.88461 5.12235 
150 1356 1.89112 10.7407 6.55569 9.41228 
150 1357 3.82857 7.17095 9.65821 7.98227 
150 1358 7.52485 3.16155 1.90329 8.75265 
150 1359 1.4571 5.10079 1.72993 7.1633 
150 1360 8.60279 9.85962 7.6778 7.06306 
150 1361 9.83448 0.542515 6.70522 6.94941 
150 1362 8.47515 7.09166 1.58828 7.19882 
150 1363 4.65117 4.14568 0.819014 6.15326 
150 1364 2.72859 1.59838 10.8604 0.948749 
150 1365 2.66177 9.54598 8.39614 4.9581 
150 1366 1.00252 3.99403 2.49958 1.49832 
150 1367 9.91753 9.42459 3.99996 1.45863 
150 1368 8.50874 0.530681 6.17661 5.82645 
150 1369 6.52184 6.97975 8.25115 3.47993 
150 1370 9.35527 8.25669 4.9304 3.84764 
150 1371 7.37424 5.95492 10.0617 8.82872 
150 1372 0.899378 5.70054 8.79794 4.08494 
150 1373 3.58752 1.11745 3.97534 8.31386 
150 1374 5.19569 0.915424 4.13504 3.81245 
150 1375 10.111 3.65307 4.72248 7.41483 
150 1376 1.97845 6.62473 7.22529 2.97879 
150 1377 2.6224 4.87319 5.39207 1.34441 
150 1378 2.6096 11.4159 9.58221 8.38762 
150 1379 10.5086 2.17575 0.715626 1.51776 
150 1380 7.30113 5.45827 10.8353 9.80983 
150 1381 5.05701 3.39188 2.15086 1.71158 
150 1382 3.4572 6.38972 10.1487 2.41826 
150 1383 9.00047 9.72827 3.85267 7.0798 
150 1384 5.29168 0.876078 8.92401 7.84957 
150 1385 4.70534 9.69138 3.29386 1.85982 
150 1386 3.74016 0.962336 2.93671 3.45772 
150 1387 3.68045 5.05728 9.90429 10.6642 
150 1388 3.67254 9.44678 3.58602 10.5958 
150 1389 1.29846 5.26539 4.72414 10.0428 
150 1390 5.18441 4.60613 5.87548 3.63362 
150 1391 9.27015 10.4049 4.02676 2.77384 
150 1392 11.2971 8.0227 4.41588 9.13873 
150 1393 6.80725 7.99394 11.2518 10.6876 
150 1394 2.23707 4.26931 2.2799 10.2183 
150 1395 4.13844 0.710749 3.89978 7.51421 
150 1396 5.17177 6.46288 0.6237 1.62423 
150 1397 6.02567 5.72901 10.7426 1.11417 
150 1398 4.75534 6.15225 8.48267 8.15074 
150 1399 10.6478 1.2581 10.0706 4.63918 
150 1400 8.40952 2.63859 3.12443 3.91541 
150 1401 4.01671 1.91563 8.50231 11.4891 
150 1402 1.0192 6.13091 10.1398 3.20415 
150 1403 7.48558 3.95511 5.59587 5.67619 
150 1404 5.34744 5.40151 6.97624 10.7611 
150 1405 5.5335 0.807347 4.72762 4.3127 
150 1406 0.592953 3.84633 6.45839 10.9991 
150 1407 5.85924 4.24974 4.19131 8.32944 
150 1408 1.22444 6.93823 6.72989 11.3992 
150 1409 3.2527 4.70901 10.7531 3.01433 
150 1410 10.0687 4.68767 2.58037 1.21657 
150 1411 3.57678 6.56265 1.03612 5.95647 
150 1412 6.98802 8.29236 0.879505 6.69337 
150 1413 8.62973 5.99658 5.90725 3.55386 
150 1414 3.67323 1.13807 2.44903 3.30881 
150 1415 1.01046 4.0132 0.455806 1.48101 
150 1416 4.92196 1.13889 7.03413 7.61034 
150 1417 5.728 1.63023 5.46335 10.2868 
150 1418 6.26567 7.42299 5.1458 7.82261 
150 1419 7.74011 7.27584 9.68835 8.53916 
150 1420 4.15821 4.38704 10.1527 6.70483 
150 1421 4.64068 11.3251 4.78405 8.48405 
150 1422 6.57552 8.79435 6.84972 6.19168 
150 1423 6.47963 6.42567 2.66861 9.59583 
150 1424 2.38598 10.4066 0.782067 2.50098 
150 1425 0.913531 4.21688 2.52423 1.48415 
150 1426 6.98461 7.05532 4.04742 3.2309 
150 1427 9.55395 1.56986 5.72099 8.38009 
150 1428 5.72636 5.18783 3.32425 6.07212 
150 1429 4.22517 8.80285 3.64254 11.0565 
150 1430 1.20078 8.60596 0.530854 1.53507 
150 1431 10.4122 9.64052 11.2199 7.60292 
150 1432 8.42888 10.9296 10.7365 3.45211 
150 1433 11.3342 1.95399 10.9832 6.15527 
150 1434 4.25513 4.4752 2.84 3.03987 
150 1435 0.71679 9.37116 3.75286 6.56818 
150 1436 8.43345 7.02115 1.81208 7.15759 
150 1437 10.7166 10.6931 0.796031 6.90985 
150 1438 4.22666 0.603965 7.04622 7.27418 
150 1439 9.01349 1.6431 4.20588 1.60561 
150 1440 6.04385 2.88738 10.8106 1.05047 
150 1441 10.2072 9.70357 6.62361 2.27245 
150 1442 7.65512 10.4677 9.69644 9.27171 
150 1443 1.82376 1.3718 5.0097 10.46 
150 1444 4.26846 1.61947 6.42829 8.21952 
150 1445 6.37856 7.66085 8.6509 8.2569 
150 1446 2.40776 10.7433 11.0707 0.973185 
150 1447 6.34169 3.78957 5.99925 2.0307 
150 1448 6.27831 5.7508 2.56661 5.01082 
150 1449 8.92139 3.15033 3.10344 5.75342 
150 1450 6.70897 5.93148 2.75348 9.29429 
150 1451 1.63096 3.35008 2.57396 1.32198 
150 1452 8.45177 10.4424 10.4349 3.35393 
150 1453 0.512994 2.63435 4.62149 2.39733 
150 1454 1.2025 11.4586 8.25394 1.53833 
150 1455 3.76409 9.54997 2.99388 5.08602 
150 1456 5.45798 9.74204 5.08704 8.06488 
150 1457 6.57936 6.85843 8.27196 3.32291 
150 1458 7.85548 0.50947 5.13856 10.5722 
150 1459 9.03995 4.08038 10.8854 4.81894 
150 1460 1.64988 4.75639 2.02743 6.87751 
150 1461 10.4973 1.94662 4.4309 0.830653 
150 1462 2.97821 1.78688 6.57746 4.81413 
150 1463 6.5552 3.84736 4.55469 10.2355 
150 1464 2.28156 7.8794 2.02524 2.46396 
150 1465 10.5075 11.6121 10.5127 7.14255 
150 1466 4.55338 4.86832 0.483406 3.11948 
150 1467 7.83195 5.56779 1.76619 5.07556 
150 1468 5.0521 8.8601 5.7758 3.99373 
150 1469 11.8232 11.477 9.36546 1.83426 
150 1470 6.23278 5.63782 0.761796 3.4536 
150 1471 7.79407 5.23121 7.64992 5.67669 
150 1472 7.33938 3.42839 8.09149 6.97878 
150 1473 2.12715 6.79572 7.4676 1.57184 
150 1474 6.72474 8.06196 3.23779 8.79556 
150 1475 8.06437 10.5575 8.01505 0.782674 
150 1476 7.54682 9.3835 4.07284 6.61549 
150 1477 8.13205 2.46744 2.65752 10.2564 
150 1478 0.834839 8.96409 7.10532 10.4413 
150 1479 8.04358 3.57725 3.29918 5.48997 
150 1480 5.12123 5.42471 0.820544 3.67536 
150 1481 6.6837 8.01012 5.56568 8.3462 
150 1482 9.9122 3.55599 0.947455 7.16593 
150 1483 7.25566 8.79354 2.61351 2.87831 
150 1484 6.98856 5.85707 4.05882 9.53599 
150 1485 3.29318 6.03036 2.61363 3.7896 
150 1486 11.2793 9.18984 7.65138 8.18071 
150 1487 1.14404 11.3408 7.69717 1.58981 
150 1488 11.867 8.79122 9.20808 6.77818 
150 1489 10.8413 9.19694 8.94061 4.84862 
150 1490 11.5887 10.0073 5.82007 6.33934 
150 1491 6.36342 7.13603 3.95918 7.38345 
150 1492 7.89826 8.67331 0.584582 9.4696 
150 1493 9.38688 3.04741 7.23844 3.28017 
150 1494 0.981423 4.58387 11.2694 6.04819 
150 1495 8.92514 7.43246 1.36716 9.6442 
150 1496 9.87134 11.2604 11.0698 3.30361 
150 1497 8.74869 8.32179 7.4891 3.33091 
150 1498 5.92113 7.21525 3.97779 2.23067 
150 1499 3.93106 8.14976 3.54384 10.3725 
150 1500 10.413 3.75864 3.6458 3.65085 
150 1501 6.91848 9.49851 7.14097 6.78288 
150 1502 1.9512 6.86911 6.87913 0.686815 
150 1503 7.92725 8.97231 4.22779 1.57841 
150 1504 2.01364 3.32034 4.44056 0.824917 
150 1505 1.2016 7.4519 8.02522 6.86379 
150 1506 1.69819 6.43664 2.89074 1.34129 
150 1507 8.95108 1.18192 5.13578 8.10796 
150 1508 5.56489 7.82684 0.534695 6.23696 
150 1509 1.37748 2.74539 7.44454 3.19339 
150 1510 3.44703 4.82085 9.38506 10.3619 
150 1511 8.92695 7.70443 5.49776 1.33583 
150 1512 10.0793 6.03539 0.838575 5.95482 
150 1513 11.474 3.31147 6.37808 8.24289 
150 1514 9.61487 3.88654 4.04806 7.27456 
150 1515 4.84744 9.84156 10.4467 4.68511 
150 1516 5.69335 4.16076 0.829086 6.70666 
150 1517 5.72493 3.48967 3.99778 3.36528 
150 1518 2.78965 9.13798 1.80347 10.2667 
150 1519 5.31047 2.24269 10.1291 9.79499 
150 1520 7.39008 5.1145 9.20415 8.00105 
150 1521 7.97116 4.64739 9.93246 0.921013 
150 1522 2.79373 3.49894 1.08247 7.66513 
150 1523 0.396194 5.96188 7.4031 1.53746 
150 1524 10.7825 3.74873 2.98435 10.9187 
150 1525 6.25448 7.47456 3.66443 7.64879 
150 1526 11.3161 11.3221 6.24048 10.5781 
150 1527 2.03564 11.1509 9.60098 4.13503 
150 1528 4.77325 0.911333 5.89948 6.13663 
150 1529 5.97947 4.47342 1.52982 7.95952 
150 1530 2.61477 4.2926 10.8516 7.80161 
150 1531 3.26929 7.43177 8.85313 3.63842 
150 1532 10.8694 0.778668 9.26267 11.0696 
150 1533 1.88312 6.43642 7.00166 1.24587 
150 1534 0.792627 8.77146 11.6928 2.48452 
150 1535 8.26938 3.16369 2.40058 7.78974 
150 1536 3.70291 6.94716 2.98714 3.52488 
150 1537 1.93263 10.9507 6.44185 9.70772 
150 1538 8.15048 5.77525 7.36052 1.64753 
150 1539 6.71024 5.42702 10.3035 11.6643 
150 1540 10.2166 8.70951 11.6323 1.48256 
150 1541 8.82818 7.53384 8.72031 9.60138 
150 1542 10.9932 3.41592 5.85457 7.90358 
150 1543 6.39195 8.23797 10.2127 3.55373 
150 1544 3.56423 7.97838 1.06597 0.885215 
150 1545 7.82016 1.07249 10.9213 5.04107 
150 1546 5.50772 6.80651 6.28278 6.4071 
150 1547 5.76394 5.44205 6.65425 5.82186 
150 1548 7.34456 5.958 2.13036 4.95358 
150 1549 8.63109 9.77268 7.68583 7.26589 
150 1550 1.91539 3.85238 8.68906 1.95912 
150 1551 11.0207 9.10898 0.644725 10.203 
150 1552 5.66601 1.18296 10.2606 7.87434 
150 1553 2.77848 10.1611 0.937752 2.70815 
150 1554 10.6161 0.598659 4.43962 5.59348 
150 1555 1.20412 1.35046 10.3713 7.74023 
150 1556 1.17509 11.4722 7.67443 8.09157 
150 1557 4.22696 3.8967 9.19492 5.73247 
150 1558 2.20774 7.0091 1.97687 1.78783 
150 1559 11.0426 1.52668 11.2262 5.38605 
150 1560 9.78939 5.42704 6.0179 6.82596 
150 1561 3.86023 1.24721 4.24222 8.54131 
150 1562 1.15053 3.92543 2.61456 1.73785 
150 1563 9.39113 8.10727 4.93023 10.4459 
150 1564 0.933012 6.18455 1.96993 3.27908 
150 1565 10.0338 0.817792 4.5208 1.21658 
150 1566 7.94501 11.5703 8.22839 8.01606 
150 1567 2.7144 2.67257 6.24465 4.75534 
150 1568 7.13352 3.12467 5.79661 4.77086 
150 1569 3.89156 5.33165 3.15002 10.8648 
150 1570 9.60559 6.75315 8.73021 6.75357 
150 1571 7.00499 3.66412 0.562141 7.62049 
150 1572 4.02211 1.78354 5.78833 3.39267 
150 1573 2.39903 5.30071 10.3439 9.91043 
150 1574 4.50796 0.697998 0.781268 2.70251 
150 1575 1.87053 8.10302 5.60665 8.72905 
150 1576 4.35216 5.25692 3.07468 3.16349 
150 1577 6.37231 5.77728 6.98712 3.85521 
150 1578 6.43721 6.30246 4.14693 6.9703 
150 1579 2.99407 3.92825 3.51475 5.04356 
150 1580 0.855099 4.57551 2.59027 1.57893 
150 1581 10.7482 7.00614 7.26257 4.66218 
150 1582 6.81739 8.75037 10.7361 9.49002 
150 1583 10.7882 6.49256 6.65382 10.431 
150 1584 6.29337 3.69249 5.80424 1.81755 
150 1585 4.68995 2.74771 8.34103 10.1617 
150 1586 2.10163 6.73786 0.853041 9.37653 
150 1587 11.0857 11.0096 4.12939 6.38154 
150 1588 5.09706 1.59894 9.38575 9.9003 
150 1589 8.08515 10.8222 7.96908 3.8882 
150 1590 7.24843 7.80223 5.85316 2.18979 
150 1591 6.75666 7.55602 5.68488 2.37964 
150 1592 11.1135 7.8759 7.24693 9.4798 
150 1593 3.30265 4.7169 6.2868 5.00618 
150 1594 1.71368 1.92984 2.87219 6.01621 
150 1595 2.87716 1.34449 2.34271 5.16162 
150 1596 8.74743 5.95084 10.074 10.3327 
150 1597 4.122 6.23665 0.89916 5.49079 
150 1598 3.07871 1.6156 2.85284 8.90498 
150 1599 8.4255 8.35498 6.2544 2.06317 
150 1600 9.66732 8.8335 10.9425 1.64106 
150 1601 2.56778 1.1055 6.0435 7.79571 
150 1602 2.37467 4.60802 8.38348 3.99125 
150 1603 0.776375 5.09813 2.85436 2.09389 
150 1604 4.23152 1.46467 2.15443 7.2906 
150 1605 7.72299 9.44352 9.23483 5.93301 
150 1606 11.4171 0.73606 8.84569 3.36146 
150 1607 1.91377 4.19746 4.52288 1.78713 
150 1608 1.38975 4.77117 3.84123 6.88061 
150 1609 4.66587 4.7563 9.5279 2.5924 
150 1610 4.11769 1.97362 6.85193 9.16759 
150 1611 0.736466 10.5183 6.79227 4.65391 
150 1612 7.16018 9.23316 7.04427 9.78647 
150 1613 5.93694 5.15353 3.61827 1.58556 
150 1614 3.97295 0.932695 3.13822 3.48295 
150 1615 10.0715 8.51306 4.2871 5.32918 
150 1616 6.37236 2.82159 1.75799 1.60155 
150 1617 1.11988 5.31328 10.4413 9.81277 
150 1618 6.00038 4.42035 2.34304 3.41892 
150 1619 10.1993 10.3065 7.79679 10.7647 
150 1620 6.91383 3.45073 8.32708 7.80412 
150 1621 9.77455 0.921737 8.0624 8.49569 
150 1622 7.25158 0.96544 10.8428 6.17941 
150 1623 3.49587 10.3855 10.8822 11.3173 
150 1624 6.44399 5.21558 6.06091 3.3628 
150 1625 5.31117 5.08832 5.8912 5.80006 
150 1626 3.73481 9.29441 8.36848 8.54761 
150 1627 6.89513 5.26241 7.41749 7.48205 
150 1628 1.81458 4.69019 3.55533 0.699894 
150 1629 11.1622 6.75891 3.34121 6.31237 
150 1630 3.00967 3.92502 5.736 6.02665 
150 1631 7.85804 11.3172 5.79919 9.04521 
150 1632 11.7823 6.73541 10.7165 4.74949 
150 1633 11.0318 6.96318 10.9641 3.18392 
150 1634 10.3462 8.63378 4.98055 5.33236 
150 1635 7.55917 2.06159 8.4766 10.8181 
150 1636 0.947289 6.37999 5.66887 5.83368 
150 1637 2.59348 8.34948 7.44606 4.22925 
150 1638 5.87653 3.20946 4.37442 3.13681 
150 1639 1.89572 4.40208 4.63573 1.68011 
150 1640 11.3527 5.43412 0.566717 10.3829 
150 1641 6.17175 11.4219 8.13233 5.19783 
150 1642 3.18618 7.50502 4.97349 5.05889 
150 1643 3.86609 1.03406 4.15538 4.3636 
150 1644 7.67568 4.37311 5.39994 4.72362 
150 1645 1.39713 2.56673 9.58346 2.01871 
150 1646 3.84985 8.60511 4.01844 11.1109 
150 1647 2.1741 5.01924 5.95307 1.55096 
150 1648 5.01601 7.83132 7.28207 10.0219 
150 1649 2.37692 10.2045 9.24313 11.0802 
150 1650 6.51308 3.75469 4.56055 10.3325 
150 1651 4.38057 3.53228 10.1807 6.53804 
150 1652 7.34721 10.3972 1.12321 9.45609 
150 1653 0.493802 4.26973 11.895 8.97222 
150 1654 2.31183 10.4619 4.00776 8.89423 
150 1655 3.61289 10.6076 5.49737 2.00753 
150 1656 3.45664 1.0689 2.34388 3.31111 
150 1657 4.18899 11.2217 8.84796 5.72866 
150 1658 9.12547 1.37769 10.2624 7.81957 
150 1659 4.64267 4.4364 3.61037 10.785 
150 1660 2.58047 9.22945 3.74654 2.05718 
150 1661 2.56178 3.02782 6.26871 9.3762 
150 1662 8.73226 10.2101 6.86385 7.01639 
150 1663 9.69788 0.383872 8.63848 6.42573 
150 1664 5.85535 5.16682 3.41222 6.12572 
150 1665 10.4555 1.02648 11.2974 8.2808 
150 1666 1.27615 10.6196 9.79082 0.608961 
150 1667 9.08352 1.94379 10.949 11.4931 
150 1668 6.01161 4.4431 7.51368 3.0873 
150 1669 3.49782 4.31135 0.408845 3.91654 
150 1670 3.56422 2.06623 5.00738 7.02768 
150 1671 7.57149 3.10655 1.96045 8.77114 
150 1672 6.52301 0.685281 3.25292 1.97404 
150 1673 1.51478 9.14794 8.31478 3.21039 
150 1674 2.46888 7.53425 8.46074 10.2457 
150 1675 3.19411 7.80016 10.3463 4.69464 
150 1676 6.44778 7.47729 5.58116 2.54378 
150 1677 4.92394 0.915988 6.29569 6.63152 
150 1678 3.1833 0.403355 8.48859 5.18843 
150 1679 9.08253 11.469 8.46974 10.7704 
150 1680 11.9839 0.900043 10.8254 6.14176 
150 1681 4.85101 3.16642 3.35663 5.10923 
150 1682 3.96777 11.6106 5.51596 2.45646 
150 1683 8.02178 4.00092 7.43285 8.44029 
150 1684 5.39514 2.19333 10.4796 9.90956 
150 1685 4.37676 5.30182 0.567477 2.52991 
150 1686 1.14018 8.84829 0.650825 9.0875 
150 1687 4.52576 8.82388 2.30604 9.08843 
150 1688 4.0191 1.01951 4.22387 8.05804 
150 1689 4.27856 6.13837 3.92939 3.0942 
150 1690 2.39955 3.51012 5.71474 3.59267 
150 1691 2.60709 1.39888 2.31859 5.55187 
150 1692 9.54303 1.37321 10.5403 8.02381 
150 1693 1.39252 11.4607 8.5103 7.58445 
150 1694 8.17321 3.95126 5.31719 5.68331 
150 1695 2.58349 1.27557 4.19822 5.25904 
150 1696 2.48095 3.69018 8.75215 2.0519 
150 1697 4.19793 6.52892 3.81258 5.63483 
150 1698 9.79372 5.55848 10.8259 11.284 
150 1699 5.58104 0.737834 0.977681 10.9921 
150 1700 8.00825 10.2475 7.45623 4.02638 
150 1701 9.58083 6.31122 10.9881 1.28814 
150 1702 3.65258 9.66383 2.86711 5.09101 
150 1703 0.731437 5.80662 4.04885 2.86608 
150 1704 3.69019 7.50009 10.6137 8.09157 
150 1705 3.38488 9.23896 8.56011 1.21301 
150 1706 2.03847 6.79073 7.1223 3.10667 
150 1707 2.80848 7.01072 3.54849 9.17987 
150 1708 5.85433 10.1934 1.93951 10.4889 
150 1709 8.99182 8.31533 6.71162 6.65186 
150 1710 6.36939 8.3861 11.0772 5.68214 
150 1711 2.34436 10.5953 3.91671 1.24336 
150 1712 1.62113 8.73652 8.36535 3.67798 
150 1713 5.85003 5.99297 11.1984 3.44918 
150 1714 6.31468 5.99435 0.844441 3.5612 
150 1715 7.49903 9.80544 8.16046 3.11478 
150 1716 3.14472 3.89634 6.82596 6.66247 
150 1717 10.5769 1.56467 1.24603 5.74271 
150 1718 9.64476 8.20473 6.82729 7.05317 
150 1719 6.90611 9.9003 7.33303 7.38903 
150 1720 0.819125 9.5417 6.50314 6.27526 
150 1721 10.2767 6.49449 3.62864 10.7891 
150 1722 6.51209 4.53092 2.51538 3.55407 
150 1723 9.00779 10.7199 0.72552 1.29627 
150 1724 3.53229 8.31747 7.14581 1.7492 
150 1725 11.0067 7.8275 2.69454 3.97104 
150 1726 3.97063 8.14041 11.2182 5.00548 
150 1727 0.791447 1.89774 6.66196 0.810698 
150 1728 0.903872 7.46955 1.2076 3.60821 
150 1729 8.49581 10.5837 3.69201 4.59324 
150 1730 9.84162 7.2357 3.15962 7.8082 
150 1731 1.02715 3.06913 7.22363 3.33829 
150 1732 5.98221 9.51228 6.04471 11.5334 
150 1733 6.53415 7.80926 3.29076 5.20681 
150 1734 11.5607 9.16459 5.75276 11.1321 
150 1735 10.575 7.18951 4.73017 5.47071 
150 1736 3.57002 7.35467 8.24867 0.655844 
150 1737 7.1312 7.62964 9.99099 11.5504 
150 1738 8.9888 1.37607 6.82229 7.85126 
150 1739 10.038 9.86959 0.690718 10.1536 
150 1740 7.35751 1.01303 9.19687 2.74253 
150 1741 3.80012 1.07881 2.1873 3.37586 
150 1742 11.0065 1.28322 7.64479 4.62137 
150 1743 8.18488 2.59243 9.569 7.17805 
150 1744 3.9963 0.993911 0.450771 3.49563 
150 1745 3.84251 5.6298 3.36791 10.8225 
150 1746 1.2729 5.02695 7.77675 10.8595 
150 1747 2.51525 2.25193 9.55672 9.97747 
150 1748 8.89877 8.31817 6.34971 1.33392 
150 1749 4.99655 9.77926 8.81913 10.2662 
150 1750 4.99408 5.44042 3.13066 6.68639 
150 1751 1.66764 6.43853 2.79877 1.32036 
150 1752 1.97823 8.59555 4.39368 0.854285 
150 1753 3.2971 3.58119 10.7094 4.4219 
150 1754 7.47898 0.693781 4.07945 9.82936 
150 1755 9.71574 8.08616 2.5652 6.50021 
150 1756 10.4846 9.48814 7.82987 10.3395 
150 1757 0.887118 11.6582 8.21875 5.49216 
150 1758 11.23 5.98648 7.13772 2.31903 
150 1759 7.34373 9.28815 9.01642 5.64248 
150 1760 6.75211 3.84128 5.24979 4.32114 
150 1761 10.7102 5.05604 9.32764 1.31818 
150 1762 1.22487 7.36709 10.8044 10.0566 
150 1763 11.7627 7.95669 10.6191 9.855 
150 1764 5.09145 1.27528 3.52084 2.67537 
150 1765 0.992038 4.18851 0.515766 1.39528 
150 1766 11.5022 9.19753 8.11908 1.37798 
150 1767 6.88791 7.367 5.65745 8.32615 
150 1768 3.18373 10.0167 7.71268 7.792 
150 1769 9.38432 5.68158 7.51386 4.05392 
150 1770 6.94109 1.75311 7.72426 6.27505 
150 1771 9.16423 7.92912 9.34869 10.0032 
150 1772 9.66308 1.10328 9.09599 4.59316 
150 1773 6.00177 10.9038 10.7594 11.7235 
150 1774 8.16008 7.52076 1.10643 9.30857 
150 1775 8.4619 6.01869 1.23474 5.5071 
150 1776 11.4519 7.80077 2.19274 9.43806 
150 1777 1.32855 9.98243 1.27776 7.79189 
150 1778 6.17096 4.41453 7.72499 3.29447 
150 1779 0.993286 6.08408 1.23961 3.59851 
150 1780 7.19333 5.18189 7.84744 7.61141 
150 1781 4.2874 7.37552 6.49504 6.69292 
150 1782 9.54246 8.236 4.3252 2.29755 
150 1783 8.77591 5.61094 1.78448 4.87261 
150 1784 7.51806 3.08446 1.97317 8.68868 
150 1785 7.53885 8.11364 0.534954 2.28554 
150 1786 1.23931 8.84349 11.4007 7.88594 
150 1787 9.21677 6.67864 0.768591 0.984127 
150 1788 10.9872 4.38718 7.80866 9.45588 
150 1789 10.2443 3.70483 3.71118 3.53973 
150 1790 7.23299 4.17105 10.2081 10.4911 
150 1791 3.02295 11.2757 2.64294 9.97571 
150 1792 8.2104 10.7606 2.6603 5.15194 
150 1793 3.04251 8.76139 0.810032 9.26436 
150 1794 1.01356 1.20563 5.91987 9.88827 
150 1795 7.58822 1.53765 9.97884 1.88959 
150 1796 4.35963 7.65151 10.2874 8.78698 
150 1797 5.77434 8.44475 0.944295 6.62962 
150 1798 1.1473 5.00803 5.15101 2.45278 
150 1799 4.78584 3.39434 6.87849 2.07382 
150 1800 8.91316 9.59107 0.936045 10.7186 
150 1801 0.996911 3.99563 2.50056 1.50366 
150 1802 9.47008 4.3545 10.9016 5.00321 
150 1803 5.64229 4.36951 0.815861 8.45738 
150 1804 0.759578 9.81387 1.11344 0.902163 
150 1805 7.55363 7.21104 1.02119 3.02986 
150 1806 1.6645 2.68217 11.4054 5.66718 
150 1807 4.80379 7.31579 2.72353 2.50886 
150 1808 1.1881 3.18388 7.24473 1.70988 
150 1809 5.847 10.3053 2.07855 10.4054 
150 1810 3.02335 8.31834 9.01227 1.39275 
150 1811 0.807176 9.65145 6.52348 6.39104 
150 1812 4.25187 7.44912 7.12395 10.6929 
150 1813 4.56119 3.95935 8.25597 5.62033 
150 1814 5.32433 7.87434 5.14504 10.7674 
150 1815 4.4234 3.09743 6.27194 4.24672 
150 1816 5.70713 3.98016 0.837954 6.57981 
150 1817 7.40353 3.23554 5.67477 4.86124 
150 1818 5.15445 4.05406 6.71536 5.20868 
150 1819 7.66238 2.27364 8.36367 10.9109 
150 1820 8.70006 3.84786 5.54693 6.36383 
150 1821 5.5795 2.51526 6.11113 5.72464 
150 1822 9.4647 6.03058 4.74567 8.08773 
150 1823 8.93818 7.13915 7.02059 10.1923 
150 1824 10.1108 7.27703 11.2152 1.06312 
150 1825 9.56572 4.68171 6.29169 8.97592 
150 1826 3.66411 7.4336 2.6347 4.67869 
150 1827 3.77242 10.1819 4.02626 7.4175 
150 1828 7.16289 8.92607 3.1739 7.96788 
150 1829 4.77704 8.93666 2.29855 9.06676 
150 1830 9.51837 1.40642 5.50599 8.44731 
150 1831 7.5023 1.06924 5.59226 1.17724 
150 1832 7.02373 6.21114 1.99314 1.47257 
150 1833 5.0999 2.75211 8.52199 1.79717 
150 1834 4.78072 7.47825 6.44502 8.12107 
150 1835 11.6477 5.85995 4.52172 6.95294 
150 1836 3.04264 8.31911 9.29077 1.49767 
150 1837 0.888577 7.00831 10.6142 10.8103 
150 1838 7.28093 5.55912 2.11701 4.92011 
150 1839 0.904341 2.06523 11.2618 8.09493 
150 1840 7.38673 7.16449 4.07769 6.20328 
150 1841 10.2267 7.34484 3.04095 8.26165 
150 1842 2.86778 3.91255 6.03229 7.34579 
150 1843 7.69016 5.66381 3.72115 5.84766 
150 1844 8.08429 7.78524 7.63044 9.11971 
150 1845 2.5265 6.86589 2.39147 0.760267 
150 1846 6.83822 8.94087 10.1413 6.38382 
150 1847 10.0528 11.1319 9.81238 11.3387 
150 1848 6.38908 6.89104 0.576247 10.6309 
150 1849 7.80609 2.70771 2.59771 9.98839 
150 1850 6.30659 8.39026 0.822343 3.52601 
150 1851 4.03722 5.22759 8.09367 11.5973 
150 1852 8.86778 10.0642 2.46118 0.797208 
150 1853 0.88727 9.13579 6.35854 5.90828 
150 1854 1.07829 11.8015 7.26448 10.5407 
150 1855 11.0153 12.404 11.4777 12.2421 
150 1856 0.820726 11.3278 5.0442 8.3137 
150 1857 8.30595 7.22533 3.13007 3.75122 
150 1858 11.115 3.5361 0.753869 8.71209 
150 1859 8.1786 2.81364 2.77569 10.4493 
150 1860 1.60803 10.8413 10.5679 2.48179 
150 1861 4.1613 4.23762 2.80148 3.6421 
150 1862 10.9328 5.4103 3.39255 8.73096 
150 1863 4.50817 7.37783 2.82504 5.14335 
150 1864 2.98521 1.86468 2.90158 9.5595 
150 1865 5.3166 5.10477 6.91531 10.2421 
150 1866 8.00566 7.93584 7.8476 9.80198 
150 1867 5.70283 4.53357 9.07576 6.79113 
150 1868 4.31012 3.46275 2.82033 6.90387 
150 1869 3.64641 0.911817 5.38361 2.65157 
150 1870 5.81787 8.98788 4.75773 4.14979 
150 1871 0.813871 3.3592 3.56867 1.92793 
150 1872 4.662 2.09554 6.88022 8.97942 
150 1873 1.39555 3.15799 7.14034 2.92069 
150 1874 4.87349 9.78198 8.16661 10.1633 
150 1875 2.95625 1.04421 11.2468 2.75838 
150 1876 1.8771 3.43885 4.41321 0.780686 
150 1877 9.99541 11.0031 1.3317 10.7488 
150 1878 3.79916 1.0773 2.18634 3.37832 
150 1879 3.20939 3.03652 11.6364 7.6755 
150 1880 4.69385 6.83314 11.578 10.989 
150 1881 4.30082 4.03193 2.82198 3.64653 
150 1882 7.26799 11.4172 5.95075 10.5262 
150 1883 5.84529 5.98895 6.6238 8.96761 
150 1884 4.49659 11.6117 9.08801 7.82967 
150 1885 10.1668 5.14135 6.52031 1.91319 
150 1886 5.57521 9.85853 11.5821 3.27499 
150 1887 6.80563 11.267 5.5034 10.6996 
150 1888 1.29069 12.1983 10.4916 10.1726 
150 1889 1.71645 8.38022 7.59557 7.77438 
150 1890 2.93957 3.64367 0.84016 6.90588 
150 1891 3.32757 4.00598 10.6571 2.36406 
150 1892 3.56477 3.07044 10.0281 7.03887 
150 1893 7.241 5.03035 3.62213 8.57852 
150 1894 8.66557 4.4531 5.85304 4.55813 
150 1895 9.68936 0.639942 8.60078 4.31772 
150 1896 0.915637 2.9715 2.86445 7.11339 
150 1897 11.4675 9.67988 11.1595 1.31276 
150 1898 7.17703 1.25244 8.1256 4.56291 
150 1899 3.46157 3.73177 5.96905 0.586694 
150 1900 5.35387 4.86006 7.40993 2.93777 
150 1901 4.34175 0.901784 3.72202 3.20666 
150 1902 10.606 10.9109 0.782922 7.63618 
150 1903 11.8881 10.0482 11.9718 5.52124 
150 1904 1.34038 8.30474 3.43178 6.38886 
150 1905 1.53069 3.05451 7.03017 2.49061 
150 1906 9.0231 11.0046 7.38024 7.24869 
150 1907 2.73781 3.51931 1.10694 7.57296 
150 1908 2.5411 9.24684 3.91982 1.81073 
150 1909 4.32531 4.84865 8.98094 2.45211 
150 1910 3.37346 10.4517 4.32599 9.6578 
150 1911 2.97971 10.3336 9.28611 5.15952 
150 1912 2.24139 0.54372 11.4795 9.19155 
150 1913 7.43754 1.65237 1.06316 4.88609 
150 1914 7.17795 8.35032 6.69638 4.7039 
150 1915 5.93804 8.7375 0.65859 6.95728 
150 1916 1.24158 11.5387 9.2019 0.888605 
150 1917 4.37906 6.32059 3.0126 2.62843 
150 1918 1.0501 2.42261 9.84575 4.1269 
150 1919 6.63395 8.31508 3.29924 8.40269 
150 1920 3.83097 2.85597 7.08543 10.5567 
150 1921 10.9091 1.6446 11.1628 5.91787 
150 1922 10.3977 0.718147 10.3429 10.0309 
150 1923 4.02694 5.11705 0.547802 4.09283 
150 1924 1.49609 9.95284 5.16235 4.41306 
150 1925 0.847206 3.45979 5.45721 6.68387 
150 1926 9.98706 10.6466 11.5068 5.70031 
150 1927 2.01725 2.92261 7.7628 11.1152 
150 1928 10.7562 8.97393 4.92613 5.16057 
150 1929 4.88333 4.16794 4.42237 3.94734 
150 1930 1.03008 4.13857 2.39782 2.70209 
150 1931 4.30895 4.01546 2.82881 3.65696 
150 1932 6.37909 7.9958 3.43733 2.52308 
150 1933 5.13009 3.39145 3.08315 8.22434 
150 1934 6.53777 3.25501 2.37824 4.26089 
150 1935 10.5906 4.55616 3.4187 5.21174 
150 1936 7.69627 8.2985 9.78336 2.31577 
150 1937 8.14398 3.80527 10.5417 3.29448 
150 1938 1.8332 6.47442 6.08111 1.00284 
150 1939 3.53933 10.1406 10.7298 6.11237 
150 1940 2.14403 2.11557 2.71183 11.1068 
150 1941 10.2106 6.43402 8.60414 6.75319 
150 1942 1.48706 4.77048 4.6668 2.14729 
150 1943 4.87542 7.90001 2.45927 2.15674 
150 1944 10.7577 5.16455 8.95565 2.4021 
150 1945 7.52578 7.59481 4.29886 3.35387 
150 1946 4.26198 4.32422 2.82073 3.50463 
150 1947 2.80271 8.94033 8.4515 9.55989 
150 1948 10.8715 11.1758 9.1866 3.74089 
150 1949 9.60283 1.37466 4.41571 1.38574 
150 1950 6.8533 9.04662 8.82469 11.4064 
150 1951 0.798691 9.59018 6.56044 6.30001 
150 1952 4.5614 3.95907 8.25603 5.62042 
150 1953 6.25169 6.36568 2.96855 4.70679 
150 1954 1.31143 2.04843 6.89356 3.63931 
150 1955 9.96534 10.659 7.90973 3.89873 
150 1956 3.82142 0.927196 5.41048 2.77237 
150 1957 2.1183 10.3781 3.57401 3.75267 
150 1958 2.68101 7.00336 7.99455 3.43259 
150 1959 11.2578 3.78111 9.7517 8.82518 
150 1960 3.80461 1.08027 2.18741 3.377 
150 1961 6.86189 0.636434 8.58976 8.98113 
150 1962 1.61942 9.97788 7.33289 11.2876 
150 1963 3.68839 3.61428 2.76143 6.60355 
150 1964 10.4932 10.0435 4.13765 2.45246 
150 1965 4.07575 2.25621 10.1402 6.6881 
150 1966 8.99225 7.51344 5.37818 8.31157 
150 1967 5.70406 3.47486 4.05512 3.32843 
150 1968 9.11529 3.61879 6.01505 5.93426 
150 1969 2.94796 9.10822 8.31274 4.76951 
150 1970 1.10562 5.28383 9.93911 4.27615 
150 1971 1.79961 3.13264 4.26337 1.03053 
150 1972 6.80543 8.55078 3.44472 9.77253 
150 1973 10.5157 2.08763 11.4414 3.08041 
150 1974 3.67827 4.38139 4.40541 8.45035 
150 1975 3.07269 8.79687 0.8131 6.12457 
150 1976 6.51622 0.634823 11.0346 4.64946 
150 1977 8.81403 9.11557 8.55212 9.54412 
150 1978 7.50262 2.92214 2.10958 8.94558 
150 1979 4.09066 6.567 5.3704 5.60777 
150 1980 11.0706 9.02689 9.11606 9.68585 
150 1981 4.20401 8.55352 5.74023 1.5786 
150 1982 8.42518 10.0125 11.5384 4.52432 
150 1983 2.32937 5.48325 10.668 8.73418 
150 1984 5.2722 5.48696 0.875494 3.77456 
150 1985 1.2768 4.97719 6.83266 3.25779 
150 1986 5.6854 4.19763 6.93145 5.35279 
150 1987 5.71581 0.592093 9.80993 4.67838 
150 1988 3.85512 8.6343 7.73365 2.20955 
150 1989 0.697047 4.31257 4.85611 8.56405 
150 1990 7.0549 4.3179 8.89655 8.31188 
150 1991 4.99982 7.79439 5.3723 10.711 
150 1992 2.05385 1.81164 8.88038 8.5623 
150 1993 6.13097 9.99412 1.86334 6.73437 
150 1994 3.03805 7.91503 1.05516 7.74675 
150 1995 3.6633 11.3148 6.98175 7.49325 
150 1996 1.64468 10.2816 9.94318 2.37819 
150 1997 6.47325 3.34213 5.14092 3.13296 
150 1998 1.71915 2.992 10.6378 5.11505 
150 1999 4.39251 0.971947 9.71095 6.01046 
150 2000 1.13954 6.00826 2.74567 1.74267 
150 2001 11.8114 10.8253 8.46734 2.8876 
150 2002 2.02156 9.28137 5.60203 4.41035 
150 2003 4.06393 6.38574 1.05366 5.11041 
150 2004 5.63882 11.2655 2.58604 1.94127 
150 2005 8.56497 1.71854 9.60431 11.2712 
150 2006 4.39791 4.53035 8.65639 9.29726 
150 2007 3.9152 7.64733 8.24651 0.526143 
150 2008 10.0374 0.897626 8.02817 8.42755 
150 2009 5.09867 6.81776 11.4036 6.61616 
150 2010 10.3192 10.6291 0.616292 7.49197 
150 2011 6.636 0.888313 1.08436 6.07957 
150 2012 7.13818 8.52439 3.04018 4.91027 
150 2013 11.2672 1.01611 2.70792 9.60886 
150 2014 3.9306 0.784281 6.38065 2.80242 
150 2015 2.97818 10.0885 9.14181 1.17808 
150 2016 11.2826 6.19892 8.7526 4.32972 
150 2017 5.22013 3.56402 11.1268 10.1969 
150 2018 9.44057 7.31742 5.56949 9.05181 
150 2019 3.43885 0.920511 4.90567 9.11617 
150 2020 4.4742 7.32753 7.58204 4.33561 
150 2021 8.33608 10.2939 2.14494 7.77011 
150 2022 5.79486 4.37197 9.66683 7.373 
150 2023 2.89645 1.04041 2.65883 7.38444 
150 2024 1.83041 6.14175 6.50095 1.25209 
150 2025 3.52376 1.54694 11.143 1.52513 
150 2026 7.65526 11.61 10.9282 10.2373 
150 2027 0.893784 4.40375 2.56934 3.66941 
150 2028 6.08501 10.5309 2.85708 3.05027 
150 2029 4.7566 11.6982 4.76011 9.35023 
150 2030 9.59292 1.64298 0.739864 1.82392 
150 2031 10.1548 9.52627 3.11423 11.4485 
150 2032 5.19185 10.2504 1.07676 8.16347 
150 2033 5.3716 6.43033 3.93188 2.37806 
150 2034 6.92605 8.81215 6.00487 2.82728 
150 2035 8.73786 7.81966 6.91001 3.45684 
150 2036 2.93539 4.65409 5.56556 5.57766 
150 2037 4.85003 9.82504 11.0472 2.71228 
150 2038 7.37976 6.87119 8.79803 11.4462 
150 2039 3.68232 6.57469 10.7031 2.47916 
150 2040 11.6601 7.38681 9.70701 5.40977 
150 2041 3.25423 8.8145 1.20288 9.5414 
150 2042 6.27609 6.82395 0.710329 3.42639 
150 2043 10.2828 1.63665 4.88892 1.13235 
150 2044 0.972264 6.39719 6.8522 10.8745 
150 2045 10.1416 6.26522 1.75867 1.5547 
150 2046 6.92349 5.27896 0.626955 9.33651 
150 2047 5.12061 5.69549 0.678137 4.11683 
150 2048 7.92361 5.73493 11.002 10.3444 
150 2049 1.14956 5.67228 2.68693 1.65156 
150 2050 3.17919 9.00277 10.3263 1.76548 
150 2051 5.62648 4.35696 7.8905 5.79813 
150 2052 6.03279 4.41176 4.63584 9.63868 
150 2053 4.78918 0.814506 10.7564 11.2638 
150 2054 11.1915 5.14913 3.8714 5.31607 
150 2055 1.11633 4.90975 4.07366 7.48531 
150 2056 4.03109 8.54577 1.13833 0.747172 
150 2057 4.90028 5.17144 2.96171 6.22948 
150 2058 7.08139 1.4666 3.67495 2.5355 
150 2059 1.04326 1.95447 5.89906 0.996285 
150 2060 11.7309 12.3459 11.5964 10.9522 
150 2061 1.00474 3.94726 3.9624 4.47821 
150 2062 9.72508 8.46794 11.2656 4.49972 
150 2063 7.29531 3.47594 6.67053 1.28898 
150 2064 0.986942 7.53098 0.885843 5.21172 
150 2065 7.56566 9.19675 7.02317 4.24055 
150 2066 5.07685 10.1872 5.68306 0.883744 
150 2067 5.94094 10.8163 0.629136 4.56134 
150 2068 5.1411 6.45017 8.36414 0.525813 
150 2069 9.67159 1.24337 5.30488 2.93056 
150 2070 10.2003 10.9035 6.81091 1.14317 
150 2071 2.72459 1.66368 0.599886 9.15144 
150 2072 5.25153 7.15616 9.46159 5.91003 
150 2073 11.2813 6.30856 9.09869 4.41015 
150 2074 11.0372 9.46675 10.8052 4.5414 
150 2075 3.96363 6.63955 4.02776 7.83274 
150 2076 0.557938 1.25344 3.12364 3.54071 
150 2077 9.73304 8.90993 6.659 2.04893 
150 2078 8.75443 7.78144 2.16865 5.79373 
150 2079 11.139 8.98436 9.15216 9.79497 
150 2080 9.26194 7.84954 5.34887 8.67487 
150 2081 8.5788 9.28129 6.86815 6.86035 
150 2082 6.08138 6.49666 6.76054 9.48847 
150 2083 2.06526 10.1848 1.09536 7.25592 
150 2084 5.29334 4.10415 0.311985 3.95372 
150 2085 1.10565 2.42982 5.24389 2.88835 
150 2086 9.38876 1.53407 3.67249 3.56516 
150 2087 9.0537 1.94234 2.44188 2.92977 
150 2088 3.51901 0.770012 10.7525 11.9407 
150 2089 8.88923 1.48969 2.08754 4.51228 
150 2090 7.86876 2.12556 8.04307 5.16772 
150 2091 7.16877 8.14113 5.75663 2.28694 
150 2092 1.9791 0.996934 0.819922 8.50019 
150 2093 3.25468 0.717204 6.666 6.49632 
150 2094 2.70713 4.99507 10.4013 6.74112 
150 2095 6.17144 7.54951 9.39591 5.51804 
150 2096 6.8846 3.26671 11.22 0.79195 
150 2097 4.68855 7.06417 10.0692 7.49471 
150 2098 8.97975 6.53615 6.23733 4.02868 
150 2099 4.03703 11.0587 0.830733 0.810112 
150 2100 1.53806 1.07236 2.99349 8.1826 
150 2101 8.09028 10.7919 9.88627 5.13843 
150 2102 4.49963 8.36879 6.06434 6.79211 
150 2103 10.2196 9.63321 6.50453 2.06475 
150 2104 0.998984 4.00001 2.50024 1.49899 
150 2105 11.4192 0.45848 8.07137 8.39884 
150 2106 1.52227 3.15715 7.2108 11.1785 
150 2107 7.79125 9.27969 11.327 3.71978 
150 2108 4.20612 8.50759 5.75895 1.41854 
150 2109 8.52369 5.00785 4.98153 7.86849 
150 2110 6.8528 6.16796 8.38581 6.62053 
150 2111 4.72978 2.23323 6.25644 5.65819 
150 2112 6.352 3.5146 5.57799 2.05822 
150 2113 8.90033 8.24145 3.71563 10.108 
150 2114 4.75128 11.343 9.74552 2.08237 
150 2115 7.76878 5.32076 4.44526 7.50952 
150 2116 2.49654 9.38709 8.02409 4.55447 
150 2117 8.90285 7.36789 6.80961 4.20808 
150 2118 2.7434 4.67192 10.0752 6.37834 
150 2119 6.02368 0.512485 5.64848 6.40901 
150 2120 4.17935 6.99325 7.35457 6.82964 
150 2121 4.22081 0.99098 4.7575 2.89618 
150 2122 0.822139 8.69816 3.04121 2.6277 
150 2123 8.36234 2.31128 9.76779 4.48549 
150 2124 6.84437 1.10443 7.96892 3.38504 
150 2125 7.90445 5.16625 7.72803 5.76788 
150 2126 2.73048 1.10059 5.951 7.80924 
150 2127 1.79861 1.16659 4.92181 10.8327 
150 2128 2.08083 0.57346 7.12912 10.1988 
150 2129 8.10406 6.65115 2.08022 6.88861 
150 2130 4.51024 11.0538 5.24074 5.22948 
150 2131 7.30981 4.01762 9.66502 3.15799 
150 2132 9.65784 1.32841 0.597135 2.3776 
150 2133 5.60581 2.16033 6.78255 3.02421 
150 2134 3.65184 7.71579 10.9476 6.22269 
150 2135 3.6126 8.38393 0.84041 5.95738 
150 2136 10.1702 7.71587 10.1559 6.38674 
150 2137 6.57342 0.592665 7.32737 6.20338 
150 2138 5.96813 2.05643 11.2053 2.00384 
150 2139 10.5544 4.48843 11.2464 9.78837 
150 2140 5.87837 11.0691 5.53782 5.8486 
150 2141 7.41184 8.86136 7.6199 0.828805 
150 2142 4.97904 7.23916 1.41669 7.71786 
150 2143 5.12697 1.77825 7.58607 8.93442 
150 2144 2.09621 7.32451 8.9444 4.57213 
150 2145 0.823878 5.32232 9.9566 7.21409 
150 2146 1.56592 9.976 3.6914 5.35745 
150 2147 2.2469 3.40876 9.51463 2.06186 
150 2148 7.30501 5.28025 7.45249 5.66486 
150 2149 1.24128 4.63302 10.7889 5.77235 
150 2150 4.76323 0.690844 7.92609 4.48263 
150 2151 7.20343 4.38014 2.36341 4.46398 
150 2152 11.1337 6.34279 9.11992 7.33978 
150 2153 5.77549 6.77266 1.90966 2.02941 
150 2154 1.20363 0.994713 6.75981 9.39608 
150 2155 2.93352 6.33478 11.043 4.89747 
150 2156 4.78293 7.09309 4.02949 6.27944 
150 2157 5.92607 4.71112 6.75106 10.4134 
150 2158 10.2721 3.73758 3.44094 7.10155 
150 2159 3.1286 11.7867 11.1575 9.49624 
150 2160 11.1317 3.50756 4.50949 5.13697 
150 2161 10.4857 2.89224 6.38473 6.13543 
150 2162 2.77441 1.91086 3.06346 10.1446 
150 2163 3.56185 3.93258 3.604 7.41168 
150 2164 5.0377 9.79464 8.74998 10.2961 
150 2165 7.42515 9.47398 4.12719 6.37823 
150 2166 2.04625 2.25908 6.51053 0.699183 
150 2167 1.03521 2.53635 9.62839 1.7546 
150 2168 5.97343 8.48634 0.725265 3.76527 
150 2169 10.7817 7.0878 10.6509 2.50901 
150 2170 3.90241 7.0338 0.985844 5.62999 
150 2171 11.2456 11.4779 8.77183 10.3972 
150 2172 8.47154 5.77688 3.50661 9.62882 
150 2173 9.93017 6.42336 5.82485 7.74526 
150 2174 8.35964 0.846157 6.81181 3.72157 
150 2175 3.00161 0.857194 4.63382 5.80406 
150 2176 9.48678 10.8987 5.39908 9.29196 
150 2177 6.1687 9.52598 4.33811 9.50232 
150 2178 6.87693 5.68501 9.65865 11.1542 
150 2179 4.76983 6.36377 9.24176 8.32092 
150 2180 7.01805 7.02045 6.31588 11.5101 
150 2181 2.60003 11.66 7.34859 10.7493 
150 2182 4.90913 3.9175 2.92543 3.5018 
150 2183 4.80222 1.96427 9.01023 8.43638 
150 2184 1.12761 9.46152 4.79589 2.38356 
150 2185 2.3983 10.4 6.20274 7.75208 
150 2186 9.33643 4.57996 2.97416 2.18252 
150 2187 4.83757 6.72354 3.9967 6.2677 
150 2188 1.94609 10.1378 5.93616 4.81765 
150 2189 5.16318 1.66195 10.1305 10.7829 
150 2190 11.4119 8.24446 7.28684 9.60537 
150 2191 9.42989 0.994926 5.22256 5.35107 
150 2192 9.5479 11.0392 0.880523 1.14491 
150 2193 4.29486 5.95794 3.16941 2.7894 
150 2194 4.89461 5.90464 9.08377 4.66895 
150 2195 6.55301 2.1032 4.7837 7.25576 
150 2196 7.3035 0.930785 5.79472 1.05147 
150 2197 7.72539 5.29733 5.17623 3.58175 
150 2198 6.86225 1.15556 0.657232 1.35219 
150 2199 1.65496 5.82676 5.53398 5.33329 
150 2200 10.742 1.30118 6.22155 8.90322 
150 2201 2.90115 4.62393 9.88808 6.54757 
150 2202 4.04987 2.48712 6.60201 9.25149 
150 2203 5.36837 1.90643 11.2739 1.04553 
150 2204 6.57729 1.47676 7.11964 3.7085 
150 2205 6.79447 1.0161 1.35038 7.36328 
150 2206 8.89198 1.43406 7.86306 4.48948 
150 2207 0.971659 8.48994 11.0519 6.46912 
150 2208 10.5696 11.3465 4.41212 1.52149 
150 2209 4.02287 8.26885 2.9156 6.32622 
150 2210 11.1939 9.47312 10.7628 4.55785 
150 2211 8.26162 5.79691 0.273783 3.87738 
150 2212 6.46697 0.920904 1.50453 6.32992 
150 2213 8.28468 9.30186 2.93394 5.2381 
150 2214 9.84116 0.8788 4.72497 5.45685 
150 2215 8.6175 3.82458 1.09535 6.26661 
150 2216 1.48607 4.83984 2.22024 0.913878 
150 2217 2.70067 9.23525 1.68275 8.83907 
150 2218 6.45233 6.97851 7.37489 10.1479 
150 2219 0.563008 8.34205 8.47984 5.87974 
150 2220 4.39961 5.06565 0.692449 2.71186 
150 2221 3.67862 4.56127 0.616253 6.16384 
150 2222 5.17128 5.80547 2.83338 7.8132 
150 2223 8.28254 9.31506 2.93608 5.27724 
150 2224 9.26242 10.9882 0.86957 6.04964 
150 2225 9.35149 2.63384 3.28831 11.2978 
150 2226 8.72861 11.3556 9.06277 3.89388 
150 2227 1.24746 6.3442 9.09596 5.00985 
150 2228 6.60749 10.1618 6.55248 8.56074 
150 2229 9.05744 1.56503 4.01728 8.69279 
150 2230 7.21688 0.569147 4.25546 9.54543 
150 2231 8.97875 3.10966 4.28065 2.19131 
150 2232 2.13243 4.10927 7.28235 1.04547 
150 2233 1.33911 11.7261 10.7907 4.27617 
150 2234 5.45533 3.97349 7.60185 5.88562 
150 2235 3.85397 0.596222 5.87134 9.47211 
150 2236 3.86062 1.13239 2.14771 3.33085 
150 2237 3.85084 0.840919 4.96 4.67365 
150 2238 0.931925 10.4187 2.4123 4.95968 
150 2239 2.18893 0.581017 7.22817 9.75492 
150 2240 11.0872 9.11191 5.07974 1.16144 
150 2241 10.0484 10.8855 10.9931 9.63734 
150 2242 1.23053 3.51593 3.21869 1.17804 
150 2243 2.70986 11.2543 9.75399 8.24403 
150 2244 5.67197 6.20896 4.23665 3.34988 
150 2245 6.37101 11.0546 2.13483 2.57679 
150 2246 11.3057 3.50224 6.4906 7.91112 
150 2247 5.2132 8.60727 5.57013 4.07859 
150 2248 6.95361 0.529744 10.6718 9.7869 
150 2249 11.1399 5.56167 6.95818 7.44283 
150 2250 7.27769 5.37437 7.60298 9.67989 
150 2251 9.86936 2.3812 5.68211 10.2816 
150 2252 7.7038 11.35 7.5561 9.04785 
150 2253 10.9912 9.42996 10.6507 4.43082 
150 2254 2.78131 0.853815 0.522498 11.3423 
150 2255 10.0691 6.76495 10.2617 9.87658 
150 2256 2.02333 3.62685 8.25115 6.43407 
150 2257 8.19948 10.6577 8.42632 3.90318 
150 2258 3.83831 5.39633 1.11311 7.95019 
150 2259 1.22255 2.29415 6.11783 3.42677 
150 2260 5.94669 3.37782 1.83819 1.35153 
150 2261 5.92886 6.31778 4.25843 2.84486 
150 2262 7.80821 10.6175 2.75105 5.19969 
150 2263 6.47416 6.58165 9.80298 2.28971 
150 2264 9.63632 7.88311 9.38107 6.19607 
150 2265 5.13286 0.957264 4.05445 3.6558 
150 2266 5.67559 5.65986 0.860597 3.67014 
150 2267 1.01299 4.00319 0.45513 1.48185 
150 2268 10.703 2.05357 3.31478 6.53262 
150 2269 2.42216 1.94222 8.98671 8.9831 
150 2270 2.80323 5.1373 9.60498 7.54557 
150 2271 11.2398 8.07912 4.71978 8.90549 
150 2272 10.3985 9.05819 9.36734 4.61677 
150 2273 10.2212 3.35885 2.90019 10.6122 
150 2274 3.799 3.96833 2.63837 3.8799 
150 2275 11.2184 2.05254 6.20366 11.4245 
150 2276 9.14266 4.05392 5.55111 1.45877 
150 2277 5.8591 7.932 4.99594 7.47173 
150 2278 2.77428 8.73659 9.50496 1.33415 
150 2279 5.6073 3.71639 4.08791 8.69773 
150 2280 0.622274 3.1893 1.33371 3.03798 
150 2281 10.1336 9.64909 3.57767 1.64957 
150 2282 6.73245 10.9694 10.9708 6.55808 
150 2283 1.77597 11.1673 6.2735 5.22778 
150 2284 3.99519 0.992629 0.450897 3.49662 
150 2285 9.82726 11.5442 10.1714 6.87335 
150 2286 8.82468 7.80105 1.60988 7.75889 
150 2287 5.37525 0.716722 5.00161 1.51886 
150 2288 8.20721 1.08393 4.81451 6.93773 
150 2289 10.9482 8.73032 8.41459 5.83693 
150 2290 7.04462 3.36682 1.10466 3.10581 
150 2291 1.87763 6.77752 2.92414 1.04637 
150 2292 3.65104 3.58499 2.6104 6.26262 
150 2293 3.69686 7.07898 0.99327 5.71112 
150 2294 11.2832 8.604 2.58416 11.0309 
150 2295 8.83758 7.55887 11.3699 5.89918 
150 2296 8.63451 11.2066 8.1581 2.4044 
150 2297 1.55787 9.97265 9.36962 3.89282 
150 2298 1.58741 4.39322 1.92218 8.91494 
150 2299 1.7794 4.75054 4.19742 8.77147 
150 2300 2.90644 6.69543 4.75323 4.65289 
150 2301 10.309 0.581422 9.42891 9.20731 
150 2302 3.69764 0.43502 7.46518 1.22415 
150 2303 3.05256 2.10937 0.552748 10.5605 
150 2304 8.1693 7.73854 2.57663 9.25185 
150 2305 6.25062 5.7046 0.930529 3.63215 
150 2306 8.79558 3.87277 1.84899 5.1643 
150 2307 7.20302 5.45627 3.29933 9.04471 
150 2308 7.63829 2.0014 8.5399 10.9793 
150 2309 7.41367 1.37736 3.08604 1.00085 
150 2310 7.52678 0.703936 0.85523 8.97689 
150 2311 8.68816 7.2439 3.50676 4.47317 
150 2312 9.94763 0.568783 4.17573 5.42633 
150 2313 11.4995 11.0521 4.02264 4.43294 
150 2314 8.13759 10.7811 7.96319 4.00753 
150 2315 10.2554 5.68493 6.57259 6.8669 
150 2316 6.64231 9.34647 0.730667 3.51407 
150 2317 5.83672 4.3424 9.09648 2.21659 
150 2318 9.57756 4.46854 5.57235 6.95205 
150 2319 0.661191 3.76849 6.22755 10.6412 
150 2320 9.92656 5.09101 11.22 9.53074 
150 2321 4.1735 3.35688 1.72943 10.5565 
150 2322 1.94375 5.60449 8.18214 1.39616 
150 2323 10.2522 11.167 1.2909 11.6003 
150 2324 2.78522 1.82014 9.13799 8.38281 
150 2325 5.82918 6.56697 4.63068 4.1229 
150 2326 0.486454 4.52226 5.2111 6.14981 
150 2327 7.38338 1.10865 5.08294 0.890061 
150 2328 5.24401 11.1661 4.89209 2.15152 
150 2329 2.73579 0.529185 8.19938 10.3689 
150 2330 6.40573 5.54227 5.7894 10.2334 
150 2331 11.3318 1.96068 10.1815 2.47008 
150 2332 9.85321 2.06984 6.02663 4.586 
150 2333 10.0857 9.5814 3.55125 4.96001 
150 2334 3.15957 3.75298 11.1529 4.67391 
150 2335 9.6671 0.690368 1.2019 9.61869 
150 2336 1.40955 5.18255 1.19039 8.44845 
150 2337 0.822188 3.07845 7.69203 1.29262 
150 2338 3.77632 9.57041 10.1165 3.27757 
150 2339 10.9545 3.99159 0.746695 8.81902 
150 2340 1.24652 6.65002 8.48811 9.815 
150 2341 4.37867 4.63095 2.86218 3.21967 
150 2342 7.98493 9.36519 2.09404 7.59638 
150 2343 9.74085 1.75659 4.48823 9.9185 
150 2344 1.28112 10.7809 7.27264 1.83163 
150 2345 3.15906 9.45301 7.73609 7.12303 
150 2346 6.94149 1.05607 10.0687 5.96278 
150 2347 4.79135 4.93735 10.201 5.76215 
150 2348 10.8801 6.65224 11.171 9.9591 
150 2349 6.35748 7.89981 0.603206 3.16514 
150 2350 6.39318 3.21098 2.58616 4.36037 
150 2351 10.9233 7.32053 9.63366 11.7782 
150 2352 6.68742 1.44743 7.27721 3.87155 
150 2353 10.2665 3.40777 11.1867 7.18719 
150 2354 4.27841 4.5066 5.89689 3.69379 
150 2355 9.65151 11.4444 3.73734 7.80505 
150 2356 5.7931 8.78225 5.91003 11.6644 
150 2357 6.33717 1.70818 7.23914 6.58953 
150 2358 9.72116 11.1119 6.92959 7.88772 
150 2359 1.00207 3.9943 2.49981 1.50016 
150 2360 5.34511 9.23685 6.10011 4.26818 
150 2361 6.59472 6.17021 4.19042 6.07531 
150 2362 4.3716 6.4428 9.00621 1.69211 
150 2363 6.11509 6.35176 3.83027 6.52571 
150 2364 4.20498 4.46453 0.346708 3.59923 
150 2365 7.26373 3.34646 11.1169 10.0594 
150 2366 1.62337 6.38494 6.85357 2.86154 
150 2367 5.22298 4.7678 11.1653 11.0742 
150 2368 8.40442 6.57768 8.82956 3.41149 
150 2369 7.39046 8.90861 8.64794 6.3715 
150 2370 9.37598 1.13908 8.11272 4.46358 
150 2371 2.63098 7.68773 4.82449 11.2607 
150 2372 0.888136 5.27694 2.93722 2.13344 
150 2373 9.38721 8.66964 2.04843 6.30896 
150 2374 4.52168 3.6878 3.10117 8.63786 
150 2375 6.15941 4.26819 2.39683 3.73034 
150 2376 4.82128 6.21 1.87457 11.1202 
150 2377 9.53545 11.0436 6.91203 7.47641 
150 2378 6.08955 9.09812 0.710869 7.43201 
150 2379 11.2708 11.4161 2.31122 1.37704 
150 2380 6.65786 6.28299 9.47716 9.46621 
150 2381 9.26085 10.7884 10.9782 2.69017 
150 2382 6.925 3.31252 5.40274 3.32813 
150 2383 0.906236 3.32403 1.21797 4.08093 
150 2384 3.56318 3.39127 10.2472 1.87909 
150 2385 8.97577 5.54027 9.03252 8.79159 
150 2386 9.36494 9.28408 0.864929 8.74988 
150 2387 9.0815 2.82807 4.66971 9.23598 
150 2388 3.66364 1.34786 2.31069 2.77441 
150 2389 6.35672 0.838292 8.57931 8.75426 
150 2390 4.42411 3.20583 5.33119 3.96389 
150 2391 10.8537 7.50326 2.90062 3.75804 
150 2392 4.94864 3.80258 3.10228 3.47751 
150 2393 1.5885 3.37125 0.411274 1.11175 
150 2394 5.60861 0.631123 3.67202 8.30886 
150 2395 8.37599 7.5062 2.47897 11.6496 
150 2396 4.11284 4.30681 0.292841 3.6115 
150 2397 11.7244 9.2476 1.98624 9.84845 
150 2398 5.2837 8.62132 8.47013 0.353999 
150 2399 4.18636 10.526 2.94193 5.09009 
150 2400 3.19923 2.44841 6.23643 4.66658 
150 2401 9.44944 1.29056 11.1988 8.60676 
150 2402 7.32538 9.35338 6.48262 3.99781 
150 2403 4.75661 3.81409 3.33445 3.76161 
150 2404 1.30298 10.7487 7.30475 1.8022 
150 2405 3.41534 9.56757 3.82107 10.2488 
150 2406 1.6875 2.34199 9.96458 5.45894 
150 2407 6.25 7.71974 9.68159 3.32842 
150 2408 8.28574 11.0453 7.77723 0.623991 
150 2409 7.08681 1.14213 8.57766 3.29293 
150 2410 10.8897 11.0792 1.69528 10.6311 
150 2411 1.06199 5.9106 8.2358 8.14376 
150 2412 10.6268 3.92866 3.81625 3.54529 
150 2413 8.54407 7.90935 1.0785 9.60017 
150 2414 3.87728 4.79712 9.07739 9.94529 
150 2415 0.802577 3.57223 0.623998 1.79809 
150 2416 7.40677 4.0157 9.60254 3.40479 
150 2417 10.6501 7.63016 6.57288 5.15256 
150 2418 4.96828 8.16103 9.29748 1.28278 
150 2419 8.38886 5.30102 3.74748 1.97934 
150 2420 5.83326 7.54541 4.77976 7.32809 
150 2421 10.4746 1.02291 4.86654 3.0552 
150 2422 5.84796 9.3731 6.5051 11.5773 
150 2423 5.69315 2.72135 7.79516 2.63291 
150 2424 5.78207 6.81181 12.0099 11.6124 
150 2425 7.41049 6.77084 5.03022 6.72712 
150 2426 8.47709 3.29519 7.94564 0.735069 
150 2427 4.14959 0.651185 7.68183 7.7615 
150 2428 3.56125 1.50549 2.67591 2.85579 
150 2429 2.05721 3.3227 9.83296 1.89802 
150 2430 6.4855 6.34542 6.11296 1.38212 
150 2431 2.57759 9.95911 2.16003 8.94238 
150 2432 10.2954 3.22194 3.49534 6.86651 
150 2433 4.25643 7.76581 3.14189 6.07977 
150 2434 4.73181 5.10333 0.674939 3.59535 
150 2435 0.503178 9.04566 5.88106 3.69789 
150 2436 4.67217 4.13223 0.241829 3.42923 
150 2437 1.36754 10.6953 10.3654 7.47656 
150 2438 11.3008 5.93192 7.1739 2.40152 
150 2439 9.82239 4.68443 6.51792 9.1819 
150 2440 1.89567 9.40637 5.22515 4.37354 
150 2441 0.858029 3.36034 5.00955 0.853441 
150 2442 7.35832 1.79207 4.80199 8.26358 
150 2443 10.5721 4.02038 6.94851 11.7264 
150 2444 8.04846 6.9234 2.17243 7.55494 
150 2445 5.7805 1.37031 3.48275 1.76371 
150 2446 1.6123 6.79464 3.44793 10.6684 
150 2447 10.7452 9.52524 9.11596 0.833365 
150 2448 2.29987 8.7007 10.3225 9.04065 
150 2449 4.51356 10.5504 9.72058 1.2404 
150 2450 0.988085 8.19139 3.24985 4.93409 
150 2451 1.15359 9.70196 4.97186 2.3773 
150 2452 6.32377 8.41512 10.9147 5.62216 
150 2453 3.53464 9.27298 6.0638 4.29092 
150 2454 3.60867 4.14024 4.10705 7.8712 
150 2455 8.62945 8.38347 8.58813 10.7836 
150 2456 10.5847 2.89643 2.36766 9.27575 
150 2457 2.34175 0.816523 4.85592 6.97992 
150 2458 9.41199 7.84376 7.2791 4.60066 
150 2459 0.89645 2.02628 6.71772 0.906275 
150 2460 3.99869 0.991331 0.450555 3.49667 
150 2461 10.0945 1.96103 6.37085 8.39188 
150 2462 6.37721 6.12577 4.86872 9.87536 
150 2463 7.56849 8.01824 4.14143 2.05336 
150 2464 4.83801 6.73589 10.2328 1.29177 
150 2465 7.821 4.78151 8.41997 10.4741 
150 2466 4.95464 4.9454 3.42564 1.98615 
150 2467 1.58635 6.7629 3.19462 10.4275 
150 2468 2.13642 9.52711 1.00391 10.97 
150 2469 0.434524 2.94473 2.62298 5.71673 
150 2470 7.96471 3.20447 5.76315 10.9591 
150 2471 3.9435 9.12146 1.25588 9.08854 
150 2472 3.96356 5.37479 3.31191 4.37246 
150 2473 3.83644 0.985915 3.83806 4.13103 
150 2474 10.2156 3.49038 6.29277 5.90402 
150 2475 4.44083 3.33081 3.70899 4.26549 
150 2476 1.55084 1.05178 9.38323 0.698027 
150 2477 3.38876 6.38334 1.85196 11.0026 
150 2478 7.66408 1.04165 4.65297 6.63621 
150 2479 4.38751 4.85614 3.05144 3.3169 
150 2480 6.34799 2.26809 7.67525 9.67465 
150 2481 3.22659 6.54455 3.41788 7.58996 
150 2482 5.54724 8.45365 6.78185 8.65694 
150 2483 5.81068 0.539366 5.46621 5.76875 
150 2484 7.19526 5.30871 0.673257 9.09174 
150 2485 10.7854 8.09825 4.36977 2.61811 
150 2486 10.8558 8.9519 8.84189 9.42218 
150 2487 3.95885 5.78701 0.406642 3.35509 
150 2488 8.11796 4.09651 1.06512 5.43418 
150 2489 4.77528 4.8414 6.84141 9.30486 
150 2490 6.40514 4.3666 1.18691 1.66988 
150 2491 9.43554 7.00571 0.57676 4.72494 
150 2492 5.64141 1.4515 3.36201 1.76974 
150 2493 4.13316 6.88963 2.63311 8.36949 
150 2494 11.0281 5.41236 6.22919 7.30382 
150 2495 0.800853 1.78027 10.4628 8.79238 
150 2496 4.61667 0.689939 9.52507 9.38237 
150 2497 9.17257 4.56641 1.99246 5.50315 
150 2498 1.05223 3.93987 0.466407 1.42092 
150 2499 3.81559 1.00061 4.28347 4.45625 
150 2500 8.26682 3.45963 4.25862 2.39983 
150 2501 4.33103 7.05294 9.58006 4.12197 
150 2502 0.817227 11.2237 11.3802 6.81795 
150 2503 0.734034 4.82941 9.98132 11.0077 
150 2504 4.45537 6.26255 4.1108 3.09941 
150 2505 6.2758 5.49419 2.43083 8.97648 
150 2506 2.39984 3.99576 8.43752 2.19457 
150 2507 6.09606 8.04564 5.96646 8.36982 
150 2508 11.3445 11.4969 9.79948 4.27156 
150 2509 0.711703 3.05321 2.73747 5.39304 
150 2510 7.73267 7.36498 1.01663 3.00889 
150 2511 0.956897 10.948 9.27893 0.802906 
150 2512 1.72098 1.87629 8.61528 8.01903 
150 2513 1.75768 1.13984 5.12782 10.5739 
150 2514 4.4688 7.20028 1.25525 3.18711 
150 2515 4.08731 8.01908 11.3486 4.61578 
150 2516 0.998518 3.99891 2.49933 1.4946 
150 2517 1.05566 11.7582 8.69137 9.32175 
150 2518 6.69581 5.07276 6.29109 3.37814 
150 2519 9.73502 4.71628 2.79248 1.25283 
150 2520 5.61452 0.688541 7.78624 8.45455 
150 2521 7.53262 7.51729 8.13515 5.01844 
150 2522 4.48295 3.64673 2.88782 7.97485 
150 2523 0.82336 2.32605 7.5344 7.19182 
150 2524 0.753532 5.67771 9.24484 2.24255 
150 2525 4.58189 1.64392 5.34498 5.44289 
150 2526 6.0445 1.54522 2.45189 4.65273 
150 2527 6.88415 6.01467 4.51457 6.92615 
150 2528 0.446997 7.25881 9.67909 1.48421 
150 2529 8.93343 0.756543 6.76153 2.38262 
150 2530 4.5252 9.46985 5.8477 10.391 
150 2531 6.48281 7.5266 5.6002 2.55499 
150 2532 0.820185 11.0028 10.4803 11.6691 
150 2533 1.02929 5.7679 10.4704 2.47256 
150 2534 1.4378 3.41282 6.34617 2.57686 
150 2535 1.18847 6.92706 9.89133 8.58583 
150 2536 8.69628 2.67029 10.0678 7.16831 
150 2537 7.9927 5.01843 3.5973 1.85298 
150 2538 9.11076 4.03919 6.33872 10.1299 
150 2539 10.41 6.56746 1.48242 6.06834 
150 2540 6.00352 1.59327 11.0531 1.65529 
150 2541 1.01478 10.1897 3.01816 2.32058 
150 2542 1.7844 5.47025 10.8801 9.24234 
150 2543 6.4554 4.07902 5.10726 4.26861 
150 2544 5.09771 4.43763 4.81703 3.94719 
150 2545 4.64245 3.55947 10.7661 7.36433 
150 2546 6.72457 11.0265 7.40186 6.12855 
150 2547 6.32858 3.51652 5.8373 1.92471 
150 2548 8.73961 6.53308 1.54753 9.43523 
150 2549 5.27775 10.7628 6.37921 1.57782 
150 2550 4.63049 6.50604 10.9209 9.78674 
150 2551 9.74184 6.08124 7.76153 10.3159 
150 2552 11.1913 8.11987 7.47721 9.50376 
150 2553 11.3337 6.22778 5.55907 7.18227 
150 2554 5.84767 7.0462 6.67278 6.58579 
150 2555 8.99095 8.31628 6.71181 6.64947 
150 2556 2.71486 4.54001 9.89379 2.59226 
150 2557 4.08991 5.19246 3.30178 3.13939 
150 2558 11.2757 9.05678 0.466494 4.48782 
150 2559 4.35558 4.66165 7.66154 9.01606 
150 2560 11.3258 4.81561 11.8818 10.7515 
150 2561 5.62684 4.16971 0.857941 6.5528 
150 2562 0.587875 1.10963 2.23275 2.12372 
150 2563 9.55572 3.17704 10.6657 7.20272 
150 2564 1.41895 9.00368 8.96502 4.07612 
150 2565 8.55778 7.14386 6.40825 3.49312 
150 2566 5.26206 0.929927 7.45494 8.33429 
150 2567 3.93875 11.1061 11.3724 10.8519 
150 2568 9.04529 11.0933 3.87036 4.36047 
150 2569 5.59539 3.59366 4.62593 10.4159 
150 2570 10.9314 6.25204 3.12705 4.69781 
150 2571 2.7651 7.47034 9.96748 4.58867 
150 2572 10.9942 3.16186 8.98536 8.26349 
150 2573 10.3415 8.47181 0.426292 4.48706 
150 2574 5.04957 1.76212 7.02647 8.34545 
150 2575 6.6918 6.51054 1.13212 3.84651 
150 2576 6.79434 5.36141 7.16202 5.65136 
150 2577 2.70988 1.2639 11.3198 2.94719 
150 2578 1.02864 7.85219 1.1306 3.48249 
150 2579 5.31326 5.44356 2.2625 9.78123 
150 2580 7.43792 5.97836 6.82476 1.71736 
150 2581 2.69106 3.21593 4.19009 2.0579 
150 2582 10.2289 6.63911 11.2036 5.77944 
150 2583 2.16138 1.76569 9.17258 3.96501 
150 2584 0.879804 0.703761 9.46709 2.63368 
150 2585 6.12156 4.54162 1.33578 1.93949 
150 2586 1.29239 2.29586 11.3007 5.11719 
150 2587 1.74495 2.98532 10.0453 5.00601 
150 2588 7.89266 6.4997 5.04128 4.3882 
150 2589 2.69124 5.04224 5.87999 1.43642 
150 2590 0.756745 0.859991 2.1114 1.96313 
150 2591 7.77454 9.671 2.02627 7.90886 
150 2592 5.27605 6.99366 10.6893 6.77862 
150 2593 10.5473 6.68497 7.19931 10.9107 
150 2594 7.35748 8.35621 11.4674 10.0795 
150 2595 3.59603 10.9968 2.30292 10.609 
150 2596 11.67 1.83155 10.4938 2.56595 
150 2597 7.76074 0.897208 9.85652 8.4828 
150 2598 6.1532 11.3932 6.51939 2.0508 
150 2599 4.4396 3.70322 3.0942 3.89624 
150 2600 8.2217 10.0158 9.84316 6.3827 
150 2601 4.11952 5.72082 0.682589 4.75464 
150 2602 7.8014 6.64433 3.8994 10.7586 
150 2603 6.17573 1.32953 4.51543 11.19 
150 2604 9.09109 9.67998 2.7413 5.49639 
150 2605 10.4555 7.53926 7.47433 5.22994 
150 2606 6.08073 8.4403 2.40272 5.6465 
150 2607 10.5103 0.52943 10.1606 7.27061 
150 2608 10.3756 7.99742 8.73878 8.31029 
150 2609 7.334 3.63695 2.94677 5.00728 
150 2610 9.40447 1.89469 9.62235 3.94389 
150 2611 7.10625 3.64648 2.95423 5.01786 
150 2612 7.68641 0.936541 10.5815 6.59721 
150 2613 2.69139 1.17478 6.31142 8.21834 
150 2614 9.63646 2.81514 8.90265 4.09619 
150 2615 4.28739 6.01576 4.03146 3.06791 
150 2616 2.8868 7.81894 12.0902 11.1852 
150 2617 11.4722 9.43777 10.0102 9.86593 
150 2618 9.80897 8.63209 7.12043 7.08864 
150 2619 5.82496 4.22995 0.41331 4.11009 
150 2620 10.1564 4.42931 5.00518 1.29084 
150 2621 7.15009 11.5975 9.12568 9.85558 
150 2622 9.04472 6.86547 6.94124 2.79823 
150 2623 7.20436 1.46194 5.04008 4.25702 
150 2624 3.15572 11.0581 10.5628 1.49078 
150 2625 8.33692 10.1914 10.4146 6.95654 
150 2626 0.984745 0.908635 6.74277 7.42924 
150 2627 5.23057 8.22846 4.9065 3.86101 
150 2628 7.80258 10.1107 4.52504 7.11453 
150 2629 3.53459 8.48077 0.666673 1.21723 
150 2630 9.46715 7.35022 3.64848 5.49332 
150 2631 2.98759 3.89089 10.2909 4.18564 
150 2632 2.84202 9.52919 6.44828 4.36035 
150 2633 3.77343 0.858505 5.16669 2.82543 
150 2634 0.981418 2.34068 10.202 1.60158 
150 2635 4.26116 5.49706 4.77034 5.25226 
150 2636 7.88828 4.73295 3.0768 2.00198 
150 2637 2.59605 2.27255 3.03268 10.8625 
150 2638 9.51717 1.37733 0.833076 5.61879 
150 2639 4.4329 10.7954 10.668 1.1033 
150 2640 3.9086 0.772703 4.9773 4.80819 
150 2641 6.15651 6.10871 8.68771 2.37985 
150 2642 1.58348 3.62324 2.69649 1.86079 
150 2643 1.11292 1.71117 7.36517 10.0491 
150 2644 6.13291 9.92888 11.0447 1.49184 
150 2645 6.46992 3.34506 1.81234 10.0976 
150 2646 9.76938 7.45306 5.13038 2.77898 
150 2647 7.32457 9.74493 3.29559 4.91319 
150 2648 10.7343 4.75367 10.0292 12.0288 
150 2649 5.30843 1.06757 1.30318 6.26832 
150 2650 3.64444 9.86286 8.75192 5.29218 
150 2651 6.57989 10.0439 3.24321 6.76104 
150 2652 3.39885 9.37198 8.22773 9.17598 
150 2653 6.89961 5.07748 7.77846 5.55945 
150 2654 11.2102 9.05641 7.66623 1.34678 
150 2655 6.76945 6.36213 4.4279 6.19438 
150 2656 5.58767 4.24581 0.857496 8.25912 
150 2657 10.5228 8.98682 5.43058 3.84595 
150 2658 6.67204 8.66175 3.10531 7.60405 
150 2659 7.27643 1.01007 2.68063 9.4301 
150 2660 9.54742 10.2636 2.85438 5.58082 
150 2661 9.15074 11.4909 10.297 8.09321 
150 2662 9.16052 6.34316 9.41687 9.68647 
150 2663 7.54147 8.39904 10.1371 12.095 
150 2664 6.76561 11.0939 9.30578 6.62785 
150 2665 7.67102 8.60583 3.73781 10.0976 
150 2666 4.89607 6.64177 5.78277 6.50142 
150 2667 7.07836 8.12508 0.833596 6.19888 
150 2668 1.35736 3.22989 11.0468 9.5852 
150 2669 8.97585 4.64496 1.1856 10.848 
150 2670 11.1008 5.09955 9.49029 1.19023 
150 2671 2.26937 7.89668 0.615287 8.07611 
150 2672 2.59241 9.77939 8.51345 10.5227 
150 2673 6.84475 1.71778 7.7028 6.5962 
150 2674 8.39746 7.96703 2.69681 9.6942 
150 2675 5.63395 7.70222 10.7802 6.29516 
150 2676 11.3258 5.14469 9.66024 2.55482 
150 2677 8.4121 11.0791 1.74936 2.61483 
150 2678 4.23449 0.813528 2.79808 10.166 
150 2679 3.25887 4.38801 6.06008 4.99741 
150 2680 7.53843 4.25478 9.52861 9.04244 
150 2681 4.73423 0.927346 3.18787 7.36658 
150 2682 8.4036 1.24119 0.693974 2.90447 
150 2683 8.42177 11.2167 3.80098 3.09276 
150 2684 3.94909 7.18315 5.22006 1.85821 
150 2685 6.99422 7.56957 9.85354 5.61619 
150 2686 1.64167 1.2199 5.17298 9.88502 
150 2687 10.8854 6.13613 3.7543 6.17044 
150 2688 4.43146 7.69134 4.44479 3.66081 
150 2689 9.5007 2.78724 11.0743 7.56917 
150 2690 4.33023 0.677914 3.49602 7.2986 
150 2691 5.00027 2.01603 9.15464 8.74715 
150 2692 9.98798 2.81291 4.53693 1.71712 
150 2693 4.86893 2.51752 5.66393 5.61078 
150 2694 4.09415 4.98183 4.62949 3.78718 
150 2695 10.7634 4.20143 3.52402 5.03269 
150 2696 1.2049 2.0867 8.09388 10.3399 
150 2697 4.17591 1.09681 0.471488 3.53554 
150 2698 7.95602 4.98454 3.57053 1.93209 
150 2699 7.64148 1.31513 5.17766 6.74629 
150 2700 10.4393 10.7604 7.33663 3.89203 
150 2701 1.14013 7.44281 10.3989 10.8905 
150 2702 1.91677 9.10926 8.02524 1.38363 
150 2703 8.19592 5.86751 11.3254 9.38744 
150 2704 7.42427 2.83969 2.91448 6.86724 
150 2705 10.9939 3.93733 4.37021 3.09327 
150 2706 3.04451 9.26711 9.59546 5.25192 
150 2707 10.5285 4.74083 11.7033 10.0601 
150 2708 8.01757 1.73095 2.71682 3.7577 
150 2709 8.80348 6.95447 3.52003 5.02696 
150 2710 4.49473 5.08674 0.657269 2.75864 
150 2711 11.1415 1.11809 4.50293 9.07616 
150 2712 9.43923 1.45978 10.428 8.09355 
150 2713 10.447 3.47721 5.28998 2.18596 
150 2714 0.927237 4.39393 7.45311 10.5944 
150 2715 7.04878 2.15021 3.81529 5.74955 
150 2716 8.60163 0.901307 8.45887 1.48858 
150 2717 6.52386 7.07734 5.54916 5.35712 
150 2718 0.838378 7.23154 1.03084 5.04796 
150 2719 2.00057 6.01611 8.34062 5.78292 
150 2720 2.0387 6.47044 8.98983 1.22859 
150 2721 10.0678 2.61538 9.25532 4.54895 
150 2722 7.3932 5.56514 9.71796 8.72161 
150 2723 2.67008 1.85235 2.79127 10.114 
150 2724 4.22083 4.21977 0.252926 3.47995 
150 2725 5.35489 6.58153 8.65104 0.648569 
150 2726 8.56947 10.5166 7.02231 4.51443 
150 2727 10.0836 4.42404 11.5542 0.759191 
150 2728 4.91948 8.93671 2.21356 9.35406 
150 2729 0.844252 4.62649 2.58574 1.5327 
150 2730 6.59461 1.32217 9.21891 7.54793 
150 2731 3.8598 0.961666 0.544508 2.24706 
150 2732 10.9362 0.51962 4.13053 5.92418 
150 2733 3.5299 1.0897 0.486686 3.65571 
150 2734 5.54068 7.32339 9.03131 5.52489 
150 2735 5.73632 9.06575 11.5304 11.1027 
150 2736 11.7868 9.05585 8.83325 0.806303 
150 2737 2.54484 0.886166 2.19108 6.99827 
150 2738 1.95417 11.8905 4.04004 10.595 
150 2739 5.91357 4.93094 10.7549 1.0631 
150 2740 10.2179 4.24373 0.993786 6.77328 
150 2741 10.8937 1.31073 10.2783 4.84322 
150 2742 9.05033 1.91382 9.04568 4.09947 
150 2743 10.7414 9.99854 8.91008 9.83774 
150 2744 5.47401 5.91368 3.90323 2.88 
150 2745 1.07043 0.677008 9.43508 2.55825 
150 2746 6.47706 7.65648 8.06094 7.43761 
150 2747 6.57994 8.77922 6.86729 6.18517 
150 2748 4.62727 4.09118 5.70633 4.69275 
150 2749 4.78061 5.05296 8.82241 2.44661 
150 2750 6.64328 1.98771 11.2344 11.89 
150 2751 5.70517 3.47107 4.65211 10.7093 
150 2752 9.49925 3.70813 7.76034 4.5972 
150 2753 3.51443 5.64745 2.37118 3.96419 
150 2754 3.33347 9.1961 5.71189 4.01787 
150 2755 5.67103 2.30043 8.93235 5.93557 
150 2756 6.22199 5.28287 8.70331 4.91857 
150 2757 4.22171 6.19681 0.892545 4.96222 
150 2758 3.78214 0.872831 4.42013 8.12835 
150 2759 9.57056 8.85045 3.95982 2.03208 
150 2760 6.39325 10.9768 7.28067 5.24257 
150 2761 6.8013 8.09196 8.91963 3.473 
150 2762 6.48816 3.18576 7.27092 6.74787 
150 2763 10.9178 0.522188 0.844191 11.1965 
150 2764 10.7987 10.722 4.65002 4.47521 
150 2765 1.08012 5.48138 7.45881 3.41487 
150 2766 1.15895 8.52283 0.783682 9.1135 
150 2767 11.406 4.29451 11.539 7.24876 
150 2768 4.16766 5.4102 0.395835 3.83499 
150 2769 8.24607 3.82005 3.0583 5.18356 
150 2770 6.1326 5.33127 10.9184 1.18031 
150 2771 6.01474 6.35956 0.634917 9.85505 
150 2772 4.1537 5.08102 8.14324 0.727556 
150 2773 3.84053 4.85025 4.45402 9.48293 
150 2774 7.26508 10.6803 8.0276 7.30344 
150 2775 8.71028 3.31318 7.91866 8.15742 
150 2776 2.82657 7.61099 1.02803 1.20961 
150 2777 0.802049 8.60683 11.2475 1.37476 
150 2778 1.42176 4.07364 2.63795 1.97115 
150 2779 10.9781 9.50411 7.86372 10.8547 
150 2780 7.51436 4.11073 10.8595 11.3868 
150 2781 3.39253 9.55637 9.53565 10.5633 
150 2782 7.22822 0.978009 0.578134 1.31973 
150 2783 9.57699 9.06724 7.55888 1.34923 
150 2784 5.55646 2.24779 7.88839 1.45941 
150 2785 11.3682 7.65639 1.2639 7.73239 
150 2786 7.49081 9.5904 4.23646 6.60696 
150 2787 6.22069 0.937299 1.86615 3.68901 
150 2788 3.83665 7.09687 8.4072 7.16292 
150 2789 4.17197 1.6722 1.29548 4.96783 
150 2790 3.57277 0.68185 5.93909 5.74251 
150 2791 10.583 2.00145 8.19269 9.4607 
150 2792 11.1207 11.1 10.3441 10.6986 
150 2793 2.35665 5.30576 0.889485 8.30263 
150 2794 11.1817 11.5917 9.9689 5.07482 
150 2795 11.6036 5.57288 3.0475 9.52612 
150 2796 11.4416 6.76393 11.4107 3.15004 
150 2797 7.44889 0.540313 3.41347 3.82351 
150 2798 1.15336 4.7978 10.5719 5.39689 
150 2799 1.82172 2.532 4.32278 11.0764 
150 2800 6.61771 2.12583 4.72435 7.34417 
150 2801 2.27667 5.01361 10.7679 1.68069 
150 2802 4.73802 9.47399 0.974121 11.3032 
150 2803 4.54187 3.76686 3.03833 8.66879 
150 2804 10.0231 3.76028 6.53094 1.02197 
150 2805 3.86202 11.5139 10.5634 10.4931 
150 2806 3.58978 10.1887 4.31169 10.7103 
150 2807 5.84159 8.85616 10.298 1.20614 
150 2808 5.10962 3.61328 3.31015 7.35086 
150 2809 9.21728 3.76986 3.85703 7.09293 
150 2810 7.63053 4.37068 2.1645 4.99011 
150 2811 2.76417 4.06024 3.8419 5.4113 
150 2812 6.61828 11.1932 7.29395 5.39536 
150 2813 5.22886 5.46292 9.62177 3.24621 
150 2814 9.96761 3.76376 2.96861 10.1478 
150 2815 5.46161 2.55449 6.03635 5.67457 
150 2816 11.2762 10.3225 7.59715 2.7346 
150 2817 1.99897 11.5055 10.1442 4.18927 
150 2818 3.25314 6.76808 10.0586 5.94272 
150 2819 10.2707 8.96283 6.95387 1.82311 
150 2820 8.70279 1.08687 4.93871 7.71374 
150 2821 1.23562 4.73594 10.9483 5.69556 
150 2822 2.1411 3.19924 10.0648 2.05586 
150 2823 9.80809 6.0613 7.82224 10.361 
150 2824 2.47095 4.34985 0.579368 0.910948 
150 2825 3.52149 6.27028 10.0911 2.41737 
150 2826 0.835678 8.5294 2.85946 4.83362 
150 2827 6.82101 8.88569 6.01752 9.15795 
150 2828 5.48983 5.63988 4.5474 2.01159 
150 2829 4.87541 5.07032 6.5303 5.88611 
150 2830 1.69202 7.36806 7.7594 6.78145 
150 2831 6.6357 10.6066 4.94572 10.0191 
150 2832 4.21913 0.993581 4.76181 2.88655 
150 2833 0.923668 4.56282 9.76048 7.07223 
150 2834 7.45775 6.3846 0.581702 7.85423 
150 2835 11.137 1.38953 11.1027 4.82105 
150 2836 7.68639 5.80982 0.758205 10.406 
150 2837 5.38284 7.56283 11.2154 1.59391 
150 2838 8.1886 2.29857 8.9058 4.29523 
150 2839 0.526228 8.49497 7.38578 9.94426 
150 2840 4.14911 6.33982 5.34041 5.60913 
150 2841 5.48703 9.55557 1.16165 7.62699 
150 2842 6.19715 8.46475 3.65461 10.0607 
150 2843 9.18977 5.35714 3.73996 9.98651 
150 2844 4.20052 4.27874 3.1399 3.84509 
150 2845 6.02355 4.36383 4.6911 8.75543 
150 2846 0.52341 8.96581 5.41955 0.964335 
150 2847 6.61292 8.83854 4.16252 10.369 
150 2848 4.20258 4.41993 3.01321 3.82828 
150 2849 3.39773 11.1201 11.5289 2.09293 
150 2850 3.35685 3.94012 2.46821 4.21373 
150 2851 2.16186 11.0134 3.77323 1.13734 
150 2852 9.75254 8.31452 5.18657 9.39774 
150 2853 6.84904 9.2943 7.16192 6.49651 
150 2854 7.68013 6.96903 0.9506 8.75758 
150 2855 4.61546 6.66865 7.42777 7.39677 
150 2856 4.63333 5.68902 0.545377 3.08231 
150 2857 0.706018 0.815681 2.00123 1.52392 
150 2858 9.32958 2.27999 6.66739 5.97928 
150 2859 7.0217 5.2881 6.25188 0.675711 
150 2860 1.72453 11.7803 9.29757 7.87931 
150 2861 4.12706 10.9009 2.81014 5.50483 
150 2862 7.51847 5.1079 3.53798 10.3816 
150 2863 5.54722 5.41737 2.23188 9.67773 
150 2864 0.540373 8.60394 7.3496 5.96928 
150 2865 3.15471 7.58971 7.96311 0.881283 
150 2866 3.74092 9.18348 7.50531 0.917222 
150 2867 3.91933 9.01741 6.05137 10.2109 
150 2868 7.7685 10.1378 7.49375 0.802528 
150 2869 9.81969 4.6021 0.965119 11.7099 
150 2870 3.16854 4.28166 10.4845 2.55717 
150 2871 8.69056 7.71014 7.16493 3.50045 
150 2872 4.30046 3.75449 9.76194 6.43694 
150 2873 0.651196 6.21379 2.25333 3.35386 
150 2874 11.2159 4.22557 10.4114 3.23184 
150 2875 0.998971 4.47372 0.645292 1.85357 
150 2876 4.89442 1.96653 8.87519 8.6534 
150 2877 0.951921 9.50993 8.64754 10.9154 
150 2878 1.28332 4.16343 7.04807 5.18849 
150 2879 10.4449 4.23899 7.64117 9.007 
150 2880 7.59039 0.99734 9.52057 2.62035 
150 2881 3.5058 0.914914 5.52317 2.60345 
150 2882 11.4279 11.594 10.2233 11.8701 
150 2883 5.51294 9.8507 2.53201 4.60363 
150 2884 6.56384 5.76683 0.839582 3.42251 
150 2885 4.70041 5.05318 7.70174 11.102 
150 2886 6.34905 3.94803 3.10183 1.15448 
150 2887 7.57025 5.76229 9.97982 9.2324 
150 2888 6.76647 8.69536 10.8085 9.46709 
150 2889 4.335 0.494495 8.82038 3.04892 
150 2890 6.67597 8.71121 7.42585 6.23709 
150 2891 1.24377 5.44332 7.52243 3.19437 
150 2892 10.3369 4.96489 0.379819 3.82021 
150 2893 8.39539 8.48746 8.18032 10.0579 
150 2894 1.01586 10.8235 10.505 2.83552 
150 2895 10.7051 3.6964 1.50394 5.4604 
150 2896 6.32623 7.49761 8.52161 8.19488 
150 2897 2.83899 0.951723 5.50474 7.2821 
150 2898 3.99063 2.68671 6.88082 9.8478 
150 2899 7.57346 10.3286 1.10134 2.7791 
150 2900 3.07579 7.56746 5.00908 5.06535 
150 2901 4.69081 6.8782 3.4142 1.7765 
150 2902 1.55141 7.80123 3.7206 1.27716 
150 2903 6.18135 10.5495 1.10429 11.1039 
150 2904 0.912249 8.78382 2.81847 2.35663 
150 2905 10.772 3.46502 4.91469 8.63903 
150 2906 5.82819 10.9921 7.62024 8.11758 
150 2907 9.85602 4.70355 10.03 5.7735 
150 2908 1.73727 8.99002 11.2479 0.996442 
150 2909 4.3196 8.67706 1.3237 0.702572 
150 2910 0.748809 10.3084 1.28182 0.761422 
150 2911 10.3708 2.25907 5.9948 10.9143 
150 2912 5.19756 8.601 8.51934 0.355642 
150 2913 6.41932 6.15816 8.50827 6.59112 
150 2914 1.08502 5.56239 7.8541 3.45792 
150 2915 4.56276 6.77271 10.9559 10.3806 
150 2916 9.89799 4.8469 0.431627 9.40366 
150 2917 8.12869 7.6042 10.2521 8.94868 
150 2918 7.39199 5.53423 8.75196 0.632238 
150 2919 2.85486 4.62986 5.55996 7.45078 
150 2920 7.2441 2.70864 8.58069 7.92371 
150 2921 3.79809 1.07317 2.18972 3.37324 
150 2922 11.3642 10.7487 7.25206 3.14805 
150 2923 10.923 6.33945 3.10033 5.20815 
150 2924 6.04708 8.90158 7.27567 2.93274 
150 2925 4.75308 1.23864 5.2956 5.75661 
150 2926 6.33859 9.6306 0.83663 7.96772 
150 2927 8.72033 7.78286 10.9608 9.84853 
150 2928 3.1147 1.69161 5.16555 5.31408 
150 2929 1.9539 3.82668 8.43746 1.92095 
150 2930 7.16787 10.5299 11.7171 1.26268 
150 2931 5.85327 7.94429 5.72636 6.3282 
150 2932 6.68689 8.7732 7.37023 6.23496 
150 2933 8.60631 9.69648 11.0345 3.50079 
150 2934 7.58277 0.602713 4.85743 10.1493 
150 2935 0.912436 5.73487 8.70341 4.1004 
150 2936 6.36349 9.50396 4.99181 4.25028 
150 2937 0.769064 2.44833 10.6608 1.84505 
150 2938 1.43983 10.3886 3.13235 1.91392 
150 2939 9.04598 8.46893 1.55965 8.25849 
150 2940 5.97759 4.43607 1.44267 7.88733 
150 2941 1.01733 6.78464 1.50824 3.29564 
150 2942 8.44508 0.893826 1.79033 9.77595 
150 2943 0.455628 5.8513 8.05633 1.80571 
150 2944 3.02327 2.61018 5.22899 8.15244 
150 2945 10.6889 5.50338 10.6018 5.95734 
150 2946 9.57046 2.20395 2.5729 2.46424 
150 2947 5.68145 3.34831 9.62533 5.35398 
150 2948 6.66474 0.667362 2.76402 3.51918 
150 2949 3.74071 9.38988 6.11809 10.6924 
150 2950 9.30581 2.74445 3.56854 4.17036 
150 2951 6.43891 7.35592 6.07928 4.39553 
150 2952 9.96304 10.6219 7.29637 3.84529 
150 2953 9.98334 0.768756 8.71922 8.94639 
150 2954 9.39972 5.90381 9.55251 9.17351 
150 2955 8.95685 3.01045 3.15048 11.2613 
150 2956 4.46356 5.24346 2.86071 5.40766 
150 2957 4.08536 4.54084 10.9343 7.36289 
150 2958 5.61642 9.76456 6.38695 7.63759 
150 2959 4.95156 0.469795 5.57274 8.86909 
150 2960 5.46687 1.47316 5.47595 4.06437 
150 2961 8.99078 4.0656 6.44388 6.07523 
150 2962 3.85868 10.8486 3.71571 2.28981 
150 2963 1.75937 6.52632 8.35276 4.9803 
150 2964 8.31245 11.2673 5.83329 4.51846 
150 2965 3.7554 0.693379 5.67476 4.66351 
150 2966 4.00203 0.991442 0.45029 3.49421 
150 2967 8.07303 5.9864 0.73945 2.23097 
150 2968 2.57595 7.20691 1.35674 1.39091 
150 2969 6.20383 6.75266 0.620946 10.3359 
150 2970 6.76871 4.93135 7.07026 8.81522 
150 2971 5.4468 3.94721 8.59147 6.56252 
150 2972 8.98771 9.66298 6.68327 1.605 
150 2973 4.25909 0.984242 10.8604 8.28733 
150 2974 8.95095 11.0933 0.873739 5.50322 
150 2975 0.553467 7.89642 6.64018 9.7264 
150 2976 8.8712 7.49846 3.65411 4.06079 
150 2977 9.53894 4.25501 8.51917 4.95083 
150 2978 2.10402 4.71355 8.17337 3.06145 
150 2979 1.8897 1.51579 8.72001 0.847448 
150 2980 9.9861 3.13711 2.04762 8.92934 
150 2981 10.2403 6.69933 6.0368 7.69672 
150 2982 5.98121 0.420735 0.965014 2.59653 
150 2983 3.00833 3.61167 5.56343 11.1359 
150 2984 10.849 11.118 9.10297 3.61798 
150 2985 2.11371 6.49014 2.53754 0.942489 
150 2986 6.22768 10.4927 3.14349 8.69379 
150 2987 10.9274 0.507661 9.01262 4.21013 
150 2988 9.57027 5.60609 1.60914 8.09378 
150 2989 1.04009 2.52239 9.5445 1.95174 
150 2990 7.73444 11.4361 4.98908 10.2812 
150 2991 3.00033 11.0678 9.42948 7.81344 
150 2992 3.57368 7.45923 10.6002 6.4106 
150 2993 8.57299 1.30681 6.99847 4.27185 
150 2994 5.13426 4.05438 0.394238 4.08166 
150 2995 4.1402 10.0855 3.77174 7.88893 
150 2996 3.87819 11.6228 10.7908 10.6567 
150 2997 7.09409 8.79043 2.93893 4.78794 
150 2998 8.20542 6.58977 1.96953 5.55024 
150 2999 0.656286 5.68536 2.56475 2.85502 
150 3000 1.88456 0.947648 3.59417 0.944747 
150 3001 7.86909 6.60587 9.8345 1.90266 
150 3002 10.4458 11.043 1.31506 10.2325 
150 3003 4.1722 5.18048 5.53187 6.43351 
150 3004 10.2134 5.52502 6.12798 6.79225 
150 3005 4.15759 3.50175 9.30971 6.13008 
150 3006 8.30282 6.30945 0.36264 3.51524 
150 3007 1.0522 7.68867 2.15808 4.21739 
150 3008 3.1599 0.661731 9.64944 11.4179 
150 3009 6.77432 8.68532 7.59658 0.779206 
150 3010 1.59926 8.69074 9.41447 4.74318 
150 3011 8.47902 9.37172 6.42198 6.79206 
150 3012 9.29682 7.05646 7.06734 7.67087 
150 3013 8.83172 5.09483 2.61874 1.96073 
150 3014 0.949656 8.01632 4.49536 1.32838 
150 3015 11.6711 0.894411 11.1465 3.28386 
150 3016 1.34797 4.60437 8.03391 7.954 
150 3017 7.36576 5.0454 7.68258 9.5396 
150 3018 3.50926 1.08322 2.58403 3.33911 
150 3019 10.5298 3.69081 4.8841 8.58209 
150 3020 10.4697 0.803634 3.98035 8.98911 
150 3021 5.4975 0.858541 9.17586 0.965017 
150 3022 3.90298 8.86215 7.74734 2.53491 
150 3023 9.36569 3.58475 6.42651 10.5722 
150 3024 2.31867 3.65429 1.02972 7.78143 
150 3025 3.06146 9.54988 0.737975 8.94622 
150 3026 5.64288 8.8438 2.44099 5.00946 
150 3027 1.85504 6.45093 6.18262 1.06931 
150 3028 7.38651 5.75596 9.59243 7.91998 
150 3029 1.31336 3.89048 7.22686 5.26165 
150 3030 10.8956 10.6292 8.7409 9.63587 
150 3031 0.976133 8.23807 2.6683 2.23103 
150 3032 6.29586 4.30824 5.10727 9.10511 
150 3033 6.58494 6.32748 1.88777 1.65532 
150 3034 4.4001 3.63663 9.37966 6.03502 
150 3035 3.88021 0.689579 0.946063 9.97927 
150 3036 6.26812 4.79318 0.700252 7.07775 
150 3037 7.28523 3.52335 6.76457 2.45996 
150 3038 1.19934 9.67678 4.94623 2.37889 
150 3039 8.24586 7.70257 10.4621 9.21796 
150 3040 10.6157 4.77989 1.47655 1.76731 
150 3041 9.38364 3.10677 2.14984 8.49448 
150 3042 5.25556 5.90292 2.66651 8.18649 
150 3043 6.63932 8.92522 3.16345 2.18107 
150 3044 3.40893 8.67111 3.00798 5.02971 
150 3045 1.13634 10.1013 6.76604 2.33133 
150 3046 8.57743 0.931282 11.4552 10.7681 
150 3047 3.91589 10.323 3.46472 7.96277 
150 3048 8.73414 4.28543 8.82795 2.58765 
150 3049 6.51247 5.07097 9.66921 5.68289 
150 3050 11.0258 7.5702 8.19224 5.56159 
150 3051 4.76849 10.8885 6.38214 1.80969 
150 3052 9.49405 3.70933 7.75758 4.59571 
150 3053 8.07974 9.47423 7.96797 10.794 
150 3054 4.6983 7.38516 9.93132 7.74995 
150 3055 1.53877 1.274 5.27742 9.06403 
150 3056 11.8973 7.92233 10.8555 5.87402 
150 3057 1.11079 5.03157 10.4042 0.559263 
150 3058 11.4743 8.7664 5.50417 10.0518 
150 3059 3.94995 6.19063 0.790756 5.40585 
150 3060 10.1157 8.89799 10.7273 6.4199 
150 3061 5.41898 7.66115 5.08601 10.7526 
150 3062 8.45128 9.81637 2.38719 9.4256 
150 3063 5.38079 0.760346 0.688975 4.86204 
150 3064 8.31864 0.793248 10.9865 9.19307 
150 3065 5.55363 6.00849 10.212 10.4627 
150 3066 9.19849 10.0254 9.31796 10.4003 
150 3067 5.15102 9.83185 6.0848 8.6783 
150 3068 1.29275 10.976 3.25919 1.75128 
150 3069 2.43748 2.82385 6.06317 9.55521 
150 3070 2.24145 6.651 2.00937 2.03753 
150 3071 8.43966 2.81539 7.21634 10.6515 
150 3072 10.0421 1.53947 7.86991 8.37862 
150 3073 6.81786 1.39367 7.43614 3.96019 
150 3074 9.78898 5.06538 8.98684 2.49149 
150 3075 9.26557 9.21196 5.9981 10.0742 
150 3076 9.51118 8.55753 4.85225 10.6745 
150 3077 6.60334 10.8092 8.45654 2.09486 
150 3078 0.920161 5.32778 3.33742 2.91392 
150 3079 7.68397 0.506701 3.11184 4.57287 
150 3080 8.11783 11.0349 3.40092 9.65392 
150 3081 10.9639 4.55057 2.37516 3.29354 
150 3082 9.97477 5.09185 6.42621 1.87533 
150 3083 3.76878 0.857889 5.37075 2.667 
150 3084 2.92799 11.7028 6.8005 9.40791 
150 3085 4.91322 9.45661 6.17448 6.96623 
150 3086 3.48323 9.99997 10.3888 11.0316 
150 3087 5.26703 2.55284 9.87148 1.57045 
150 3088 6.69344 7.39065 10.1358 0.891828 
150 3089 1.22401 6.15734 4.64201 4.48395 
150 3090 1.31302 6.54901 8.31851 9.63938 
150 3091 5.98923 7.02442 6.07211 4.11058 
150 3092 2.92965 1.3915 7.41316 6.62138 
150 3093 5.29545 1.58286 7.58476 8.45257 
150 3094 11.5614 7.54192 2.15775 9.66224 
150 3095 2.3256 7.4135 11.1478 9.80607 
150 3096 2.96595 4.66219 10.3897 2.8354 
150 3097 10.9 11.3844 7.80364 5.93506 
150 3098 4.70878 9.35936 4.03958 5.13414 
150 3099 5.28197 11.4123 9.02797 8.03834 
150 3100 6.32845 10.939 9.04593 1.17045 
150 3101 6.1508 5.13748 3.7064 1.62838 
150 3102 7.13356 5.7669 10.8961 9.63162 
150 3103 0.692294 10.468 2.81132 8.92337 
150 3104 3.83733 6.97219 1.69909 8.49567 
150 3105 7.78805 4.36378 8.99224 11.2908 
150 3106 6.77872 1.97139 4.46766 6.91219 
150 3107 8.00474 8.64421 8.48395 3.00809 
150 3108 8.10009 6.3802 7.70496 3.26535 
150 3109 10.6811 0.637448 4.84469 1.18357 
150 3110 0.68982 10.2248 9.14294 1.012 
150 3111 9.665 6.68498 9.22904 7.07152 
150 3112 2.49025 4.70364 9.60268 2.4768 
150 3113 8.15606 7.52881 2.42549 8.6442 
150 3114 4.59234 1.88743 4.68167 10.9059 
150 3115 9.62963 3.06577 8.31729 2.01206 
150 3116 2.80479 11.5637 10.1139 8.5898 
150 3117 11.8776 10.1114 9.13161 11.9674 
150 3118 8.50407 2.30156 7.18496 11.4685 
150 3119 7.70367 10.6444 1.08878 4.02379 
150 3120 4.37902 11.3764 6.59828 6.25754 
150 3121 2.90092 3.94014 3.62831 5.16686 
150 3122 5.66773 4.17791 0.666441 9.46508 
150 3123 0.642731 2.58196 4.89045 2.57092 
150 3124 7.88409 4.53776 0.969787 7.58895 
150 3125 7.04882 4.36589 2.37047 4.29415 
150 3126 5.67324 8.45049 4.15485 2.35221 
150 3127 7.59972 6.31335 5.79582 6.87005 
150 3128 10.622 7.67937 8.79416 7.60622 
150 3129 5.42992 6.21864 0.821866 4.68939 
150 3130 9.62027 8.43533 4.33275 10.5588 
150 3131 3.48524 5.30416 7.6552 1.11471 
150 3132 3.50679 9.26664 3.52424 10.7176 
150 3133 1.1302 4.09863 2.92843 1.71209 
150 3134 8.03381 2.54893 3.01469 10.3982 
150 3135 1.92826 4.34731 4.77553 1.84491 
150 3136 5.44376 1.59415 9.84068 11.011 
150 3137 8.61578 5.4106 3.96673 1.84013 
150 3138 7.11035 3.8941 6.28284 11.3639 
150 3139 8.28432 2.67896 6.9964 10.1513 
150 3140 5.96316 9.80523 10.0519 1.48878 
150 3141 3.46395 8.22172 2.95852 4.92973 
150 3142 10.589 1.45981 4.32047 2.97169 
150 3143 5.48778 10.2738 10.7823 5.34063 
150 3144 6.82281 3.95166 5.622 9.78736 
150 3145 7.88613 11.4259 6.05957 9.29262 
150 3146 8.10703 0.501881 3.48061 4.41029 
150 3147 2.7735 9.77882 10.816 9.99644 
150 3148 2.43366 9.23191 11.647 11.1543 
150 3149 0.567039 3.51784 5.44395 10.8713 
150 3150 5.76117 9.86748 7.45042 5.30749 
150 3151 2.98082 7.47121 10.5406 4.53066 
150 3152 8.849 4.46401 3.10521 0.848851 
150 3153 10.2393 9.01746 8.71908 1.28496 
150 3154 8.22082 1.13361 5.95743 0.926284 
150 3155 6.25603 9.95035 4.50865 9.64037 
150 3156 2.04375 4.02411 7.83577 1.90223 
150 3157 6.88123 2.54107 3.16083 6.29465 
150 3158 0.829805 9.70662 0.547841 9.63235 
150 3159 12.1583 11.3172 2.65212 9.00431 
150 3160 10.7446 4.78073 3.94799 3.51806 
150 3161 7.89654 1.27095 4.41429 11.0251 
150 3162 8.48664 5.51744 5.74234 3.56006 
150 3163 4.98224 10.9614 0.903083 6.26849 
150 3164 4.55419 3.95675 8.25881 5.61476 
150 3165 5.2535 11.4057 1.01752 1.66103 
150 3166 3.93206 2.72351 10.9682 4.43995 
150 3167 6.40927 1.61684 7.14137 6.36821 
150 3168 0.872849 10.7759 3.35547 3.05823 
150 3169 7.42882 8.50887 3.3414 10.1386 
150 3170 1.87149 8.61491 1.91495 1.11203 
150 3171 9.24606 8.37633 6.93726 6.94971 
150 3172 5.21736 4.9173 0.986311 1.81728 
150 3173 9.01629 3.18547 2.1983 8.3625 
150 3174 8.88504 7.10188 6.62381 4.02802 
150 3175 3.95262 3.96411 4.29531 4.052 
150 3176 8.06489 3.25071 6.31984 4.4727 
150 3177 11.3123 3.60359 9.23904 8.25883 
150 3178 1.78778 10.7125 3.63858 5.47898 
150 3179 3.08279 9.57243 0.741274 8.82269 
150 3180 8.84734 7.72644 3.83602 2.40952 
150 3181 9.98946 11.3373 4.2608 2.61061 
150 3182 7.35231 11.3306 5.72913 10.2635 
150 3183 1.23559 5.78452 7.77864 3.86211 
150 3184 8.78637 8.83435 4.08087 3.02657 
150 3185 1.71179 1.21046 5.33833 8.82681 
150 3186 6.53458 7.89021 8.96381 8.84873 
150 3187 0.8628 9.03167 0.935765 3.81879 
150 3188 6.58936 5.02621 5.69405 10.1878 
150 3189 10.3073 9.48031 1.89702 6.67572 
150 3190 2.85309 2.51039 10.0907 10.7193 
150 3191 3.70684 0.980959 3.9834 4.32844 
150 3192 3.34757 7.42996 7.47419 0.686094 
150 3193 2.96716 7.28117 9.38397 10.0613 
150 3194 8.07367 7.0638 1.09436 9.04176 
150 3195 1.24698 2.98271 7.13287 1.69198 
150 3196 2.70375 0.917023 0.366834 11.3255 
150 3197 4.8213 8.18212 11.6999 2.74075 
150 3198 9.1351 4.66541 2.79148 1.50169 
150 3199 10.1702 6.86375 0.403865 3.90668 
150 3200 8.52961 2.9143 3.19676 11.0875 
150 3201 9.74767 6.36051 4.13006 1.47723 
150 3202 9.42677 5.91005 9.50207 8.9493 
150 3203 8.01171 11.941 9.82865 3.58614 
150 3204 0.587269 10.0779 8.57026 0.922235 
150 3205 5.87297 9.16207 4.17216 9.62587 
150 3206 8.12873 10.9514 4.86531 7.21725 
150 3207 6.67161 6.15742 9.42692 9.23815 
150 3208 8.47406 7.56085 3.75047 2.3962 
150 3209 2.23025 7.05378 2.67481 1.07835 
150 3210 1.26501 5.60996 3.75127 3.48398 
150 3211 5.78195 1.97065 6.55866 2.81789 
150 3212 6.25217 5.23683 7.6302 6.76273 
150 3213 7.34522 1.27979 5.16675 4.40817 
150 3214 5.69676 5.51658 4.54358 2.01031 
150 3215 10.4694 3.66896 3.88812 3.32576 
150 3216 6.01222 7.8644 3.63547 8.18366 
150 3217 4.06187 5.24976 3.3609 1.36804 
150 3218 5.34482 7.48404 3.82027 1.38794 
150 3219 5.15685 5.51126 7.67411 11.117 
150 3220 4.42549 5.16935 5.54482 6.44264 
150 3221 10.6052 5.04185 5.7089 6.60384 
150 3222 9.51024 11.4989 0.544068 3.18187 
150 3223 7.8866 5.18781 5.24242 3.44449 
150 3224 7.49416 8.0903 4.98065 6.14425 
150 3225 9.3527 8.41988 5.52482 9.4435 
150 3226 10.5659 3.82137 9.92418 3.38193 
150 3227 4.23055 0.723257 7.25199 2.98066 
150 3228 5.72806 3.05922 9.47247 5.07229 
150 3229 1.45155 4.10878 4.05787 1.83715 
150 3230 2.33097 4.88214 4.04487 0.643848 
150 3231 4.74438 10.1074 1.93528 11.8317 
150 3232 3.25312 1.3418 4.62102 4.9315 
150 3233 4.3363 4.33488 2.82204 3.59882 
150 3234 2.46845 6.30915 2.05479 2.21307 
150 3235 7.46332 9.31745 5.92884 2.53676 
150 3236 6.90555 4.19023 1.00922 8.80534 
150 3237 7.77727 5.82703 4.09623 5.91394 
150 3238 11.0826 3.77931 5.30345 9.21496 
150 3239 8.26202 2.58421 8.65547 11.3128 
150 3240 5.71253 8.87243 10.3714 9.6007 
150 3241 7.70203 1.93336 8.57917 11.1 
150 3242 7.06595 4.34462 2.32507 4.279 
150 3243 7.9267 6.2095 5.98413 3.52241 
150 3244 4.93866 1.49715 6.40607 1.87884 
150 3245 7.15612 6.15837 6.65215 1.70439 
150 3246 10.128 8.59944 11.419 7.68122 
150 3247 9.83292 8.83585 1.07717 9.00355 
150 3248 10.8798 10.2866 1.8215 7.01897 
150 3249 5.02006 4.06105 2.45974 3.31165 
150 3250 7.37682 9.29534 6.45941 3.68616 
150 3251 9.78288 6.37032 2.48284 4.26642 
150 3252 9.25627 5.02242 11.3795 9.71403 
150 3253 11.0738 1.29957 10.5839 4.63819 
150 3254 8.10314 3.98348 4.83393 1.98253 
150 3255 6.25529 5.81753 3.76502 5.79294 
150 3256 11.1794 0.881336 7.15648 5.23932 
150 3257 4.56836 9.02892 8.19887 6.13547 
150 3258 5.50277 8.50106 4.44905 3.86064 
150 3259 9.82264 6.61955 2.12368 2.11591 
150 3260 5.35297 1.0589 4.68212 4.08117 
150 3261 2.97563 5.40123 2.99995 4.49331 
150 3262 4.93487 7.76194 5.23923 10.931 
150 3263 2.52871 10.7031 5.80294 7.62886 
150 3264 10.3835 0.823217 2.09258 8.6649 
150 3265 9.40142 3.65506 3.0584 9.20984 
150 3266 7.58387 2.33154 7.43575 5.56112 
150 3267 4.25528 10.259 1.9994 9.03608 
150 3268 0.501446 7.76406 5.9554 9.49524 
150 3269 7.64231 9.46449 2.75104 11.0214 
150 3270 5.33524 2.6273 9.89453 1.68357 
150 3271 7.41837 10.8302 8.67869 1.16072 
150 3272 11.2128 4.83536 9.6656 2.81339 
150 3273 8.35009 7.19245 6.69076 3.44658 
150 3274 9.23729 4.09841 3.70858 2.25053 
150 3275 3.61469 4.38795 4.52368 9.00269 
150 3276 4.88062 0.584201 0.818463 2.9447 
150 3277 9.74623 9.61196 7.58896 8.77758 
150 3278 0.66063 6.88285 10.015 8.14185 
150 3279 5.25271 1.57494 9.57622 10.5307 
150 3280 5.90704 1.28285 2.15486 3.67289 
150 3281 5.40776 9.92614 0.816729 7.94257 
150 3282 8.42781 3.4271 3.5596 5.7568 
150 3283 2.70297 8.89117 3.28432 8.16797 
150 3284 9.84283 10.5509 4.21701 2.6668 
150 3285 8.97313 0.87934 4.98875 8.36126 
150 3286 1.01077 4.00574 0.457171 1.47512 
150 3287 1.47428 4.89917 1.66472 6.78699 
150 3288 5.29603 8.13738 4.44785 3.69067 
150 3289 1.9615 5.5288 0.847744 9.21063 
150 3290 7.73103 4.4139 4.91437 4.92632 
150 3291 3.69913 4.00309 0.612415 5.84068 
150 3292 3.04585 5.25092 3.10241 4.24425 
150 3293 10.97 7.96105 2.56946 1.64042 
150 3294 5.98502 8.36557 2.45884 6.68934 
150 3295 1.00285 3.99705 2.4978 1.49922 
150 3296 6.26972 6.68791 4.29866 6.86586 
150 3297 6.8077 11.1835 5.34205 9.67133 
150 3298 4.25427 4.26728 2.78861 3.4818 
150 3299 7.33991 8.52577 9.08248 4.04235 
150 3300 1.96547 7.13813 8.34003 7.48642 
150 3301 2.94805 5.82018 9.52579 8.36999 
150 3302 2.99417 6.72514 3.97796 9.11752 
150 3303 8.15037 0.838213 10.777 8.36957 
150 3304 2.79483 9.93356 3.90108 8.18822 
150 3305 9.59467 9.51118 5.98906 10.1789 
150 3306 8.62896 1.84897 11.1905 4.81551 
150 3307 10.027 4.08586 2.69472 6.7359 
150 3308 9.47999 10.3774 3.89625 7.01564 
150 3309 10.446 6.45008 4.24729 2.85203 
150 3310 0.98249 3.10015 5.37491 2.61389 
150 3311 3.78648 5.26861 11.3694 11.4084 
150 3312 9.85434 4.32677 2.84319 7.34449 
150 3313 7.1081 1.69329 1.04319 4.82578 
150 3314 4.33504 11.0621 3.69238 8.61663 
150 3315 8.27238 5.20208 3.72103 1.82207 
150 3316 10.9284 1.67727 7.97885 10.2852 
150 3317 8.23859 6.70001 6.77773 8.21104 
150 3318 7.4636 0.917722 0.843962 6.21755 
150 3319 1.115 6.09062 5.9891 10.0625 
150 3320 9.77316 3.8519 6.25646 1.18708 
150 3321 5.67886 6.71161 4.24218 8.98979 
150 3322 0.914714 7.76604 5.72692 5.17549 
150 3323 8.13602 5.28914 4.8741 7.69723 
150 3324 6.56854 2.24526 5.22931 7.77709 
150 3325 2.43544 7.49309 11.6853 10.5254 
150 3326 8.21523 5.85489 11.1643 9.16584 
150 3327 0.737739 12.0136 8.12489 9.9675 
150 3328 2.69954 9.87919 10.9242 7.23484 
150 3329 10.1652 10.6726 11.5867 5.97134 
150 3330 1.89454 1.58233 9.72167 10.1378 
150 3331 5.93882 10.4028 1.51178 5.43976 
150 3332 6.93831 1.07833 2.5716 8.57366 
150 3333 7.85887 2.26309 8.09853 5.27641 
150 3334 8.71356 7.95051 7.1494 3.48264 
150 3335 3.36291 8.83197 3.02288 5.13126 
150 3336 6.99746 7.51537 1.04762 11.5134 
150 3337 0.675132 2.74813 4.37418 2.30319 
150 3338 7.93583 10.0035 6.2188 2.29613 
150 3339 8.0471 1.11494 1.9876 4.01858 
150 3340 2.34102 10.0652 2.1519 9.00864 
150 3341 1.12105 5.30713 6.68346 3.26421 
150 3342 9.11872 3.82797 6.74414 10.7926 
150 3343 1.21595 4.06339 3.74206 1.86679 
150 3344 5.15827 5.89833 2.80033 6.03369 
150 3345 2.93033 2.02807 3.0502 10.007 
150 3346 1.31559 4.321 7.13375 9.66052 
150 3347 4.85717 9.26198 8.49403 6.76093 
150 3348 7.05404 11.7044 10.4917 1.98846 
150 3349 4.82027 5.63204 0.541779 2.60297 
150 3350 5.07515 0.963184 0.686979 4.77756 
150 3351 10.6249 6.42152 3.52287 10.5822 
150 3352 6.41389 0.909483 1.30487 3.81987 
150 3353 3.68605 4.00099 8.4794 9.75756 
150 3354 3.63451 3.82915 3.11276 6.99599 
150 3355 6.33462 0.601721 8.39344 8.97525 
150 3356 0.970324 6.79829 5.12963 4.98757 
150 3357 8.05429 5.94745 0.700644 2.16289 
150 3358 0.998453 3.99622 2.49912 1.49875 
150 3359 2.59457 5.6031 11.3462 9.34476 
150 3360 5.14485 0.865474 7.22843 7.96135 
150 3361 8.94078 4.51603 1.93128 5.45938 
150 3362 8.75584 4.32553 1.46091 9.78739 
150 3363 5.37383 4.22813 6.82359 5.34678 
150 3364 5.626 1.16255 4.76113 3.49751 
150 3365 1.22211 6.2087 3.69917 2.64748 
150 3366 3.79094 7.09133 9.01063 7.27315 
150 3367 5.29007 4.59979 11.0101 10.994 
150 3368 9.64677 6.33715 2.31141 2.14724 
150 3369 5.82473 4.44465 7.30964 3.23515 
150 3370 7.63605 3.47099 7.01622 2.60337 
150 3371 7.01557 3.95019 2.16456 2.90194 
150 3372 10.2094 8.55779 11.6503 1.24952 
150 3373 3.01619 10.037 9.31148 1.35086 
150 3374 4.53452 7.55194 7.64199 4.47931 
150 3375 1.99259 1.2151 3.50091 4.49411 
150 3376 2.8528 1.04607 6.67175 8.52468 
150 3377 3.10935 4.7761 5.11331 0.757096 
150 3378 7.74889 2.21199 7.68123 5.31835 
150 3379 11.548 9.73522 1.15731 10.6024 
150 3380 0.693029 0.816606 10.4873 2.96792 
150 3381 11.2283 9.72435 11.0102 9.97775 
150 3382 1.10956 7.48528 8.23867 6.89428 
150 3383 3.88131 0.771767 0.322469 5.18605 
150 3384 1.74242 7.39914 3.36647 10.8238 
150 3385 10.824 9.90415 6.28707 2.41861 
150 3386 5.50395 1.08132 0.672035 4.93212 
150 3387 6.40861 2.39593 3.68882 6.02003 
150 3388 8.9411 9.15757 4.10408 2.94291 
150 3389 2.1812 3.2989 5.18215 1.60386 
150 3390 5.28377 3.81221 3.40755 7.6679 
150 3391 10.1616 4.36045 2.99009 1.16976 
150 3392 5.82575 1.64875 5.56016 10.4504 
150 3393 4.9961 11.8361 1.34618 0.810727 
150 3394 1.29832 3.4196 0.398821 1.8108 
150 3395 8.92421 4.60852 8.6047 1.35565 
150 3396 8.69895 1.22259 2.49223 10.8386 
150 3397 4.59081 7.63308 7.53175 4.4204 
150 3398 6.10811 10.597 1.57713 5.42774 
150 3399 8.33273 10.9934 0.70186 2.84487 
150 3400 6.11521 6.09918 1.84301 1.96385 
150 3401 6.12937 8.6147 6.6187 2.70725 
150 3402 4.49708 6.28996 4.11263 3.00912 
150 3403 6.24914 6.18502 2.69154 4.08473 
150 3404 8.78922 10.3904 8.4448 7.58574 
150 3405 2.3486 5.08246 5.54336 7.67568 
150 3406 10.0162 7.09719 1.99296 2.31908 
150 3407 0.836281 2.38753 3.84285 1.94637 
150 3408 1.05746 0.854879 2.44627 1.33009 
150 3409 10.156 3.65752 3.64161 3.64608 
150 3410 5.77796 2.84332 1.24271 1.49926 
150 3411 8.42877 2.19547 10.4113 1.30643 
150 3412 7.81567 7.80299 2.27398 8.09313 
150 3413 6.81502 8.97274 4.57053 11.1627 
150 3414 10.0395 1.32909 0.992791 5.80923 
150 3415 8.46092 0.645189 8.09379 11.2919 
150 3416 3.68477 6.4728 0.953783 5.79898 
150 3417 10.4887 10.462 5.35622 11.336 
150 3418 5.91351 4.40285 0.366745 4.26113 
150 3419 2.34537 5.30341 10.4526 8.62021 
150 3420 6.33469 6.53118 5.90242 1.47929 
150 3421 4.68291 7.44193 6.45461 8.10274 
150 3422 6.97844 3.35165 2.82896 4.90009 
150 3423 2.77011 1.03282 9.97372 0.665737 
150 3424 6.05121 6.36122 0.710309 10.05 
150 3425 4.74419 5.52552 10.7599 11.1295 
150 3426 5.66402 4.44362 9.0204 6.77689 
150 3427 9.7257 2.22027 10.357 3.96698 
150 3428 9.56155 1.2268 10.814 8.07218 
150 3429 1.84426 1.04678 5.20959 8.19446 
150 3430 3.21557 8.02679 8.33914 1.05476 
150 3431 9.14594 1.3743 7.10006 8.11072 
150 3432 6.74995 8.82431 7.0921 6.2747 
150 3433 8.52891 0.992174 10.7778 2.42919 
150 3434 5.38155 8.68306 3.98659 3.50237 
150 3435 5.90173 3.3904 1.39222 4.28495 
150 3436 10.0934 7.52611 6.14426 10.5271 
150 3437 8.6105 11.2134 2.51867 11.4306 
150 3438 7.89369 11.6484 6.84798 11.2832 
150 3439 5.85334 3.62463 3.26376 3.41206 
150 3440 11.2035 10.5003 1.83036 3.15904 
150 3441 11.4527 1.88802 4.95687 11.5633 
150 3442 5.35355 7.84614 3.86543 1.11723 
150 3443 6.42405 0.751958 10.3382 8.94324 
150 3444 7.20211 5.17852 7.65675 5.44513 
150 3445 4.37632 10.437 10.5465 7.49496 
150 3446 4.7025 5.64421 1.70505 10.4209 
150 3447 4.38142 4.77967 6.97953 9.07585 
150 3448 8.28888 9.40113 0.661643 7.44381 
150 3449 0.859055 11.4318 2.12931 5.17388 
150 3450 3.5148 1.03726 0.511788 7.46185 
150 3451 0.879898 10.7349 5.7279 2.28042 
150 3452 10.9041 8.35787 6.56437 9.19422 
150 3453 6.82502 11.2444 5.46887 10.6833 
150 3454 11.6555 0.768685 9.95107 3.80137 
150 3455 3.57851 5.46094 6.15532 1.01504 
150 3456 9.72484 8.29988 2.73295 10.5643 
150 3457 6.86975 10.6713 4.9154 9.86532 
150 3458 11.0084 5.5032 0.633476 10.3374 
150 3459 11.3119 0.949419 1.82491 9.65442 
150 3460 8.3396 1.90804 2.88083 3.83997 
150 3461 7.86908 2.44539 9.21227 7.40178 
150 3462 1.83511 3.1399 4.24845 1.02941 
150 3463 8.28129 11.1765 7.79562 0.800393 
150 3464 2.04762 5.3614 10.9365 9.13313 
150 3465 3.20175 10.2054 3.07314 2.38289 
150 3466 10.3008 2.89239 6.97239 11.1007 
150 3467 3.61007 3.63631 2.5364 5.82801 
150 3468 11.1754 5.62379 11.3258 6.59238 
150 3469 4.40896 3.89674 8.42094 5.75034 
150 3470 6.42195 7.67256 5.84901 2.61359 
150 3471 7.63089 4.46059 4.00334 9.11162 
150 3472 7.62258 9.49278 2.2754 10.7779 
150 3473 8.10641 3.55573 7.33115 8.03078 
150 3474 10.9531 3.6766 0.859496 8.51733 
150 3475 7.11481 9.06421 3.93594 6.1604 
150 3476 9.81928 9.33953 7.66908 1.2653 
150 3477 1.57752 4.87891 2.11431 6.35159 
150 3478 0.818561 3.36301 3.38192 1.87118 
150 3479 4.92529 1.90788 5.5971 6.05494 
150 3480 5.55815 5.91678 0.813886 3.61077 
150 3481 3.70065 3.82661 4.58301 8.52552 
150 3482 6.43925 10.7718 1.31048 7.24605 
150 3483 4.05991 4.77627 2.66061 2.73869 
150 3484 8.99973 10.464 7.58372 4.32073 
150 3485 8.17967 8.07921 6.33518 9.48489 
150 3486 10.9354 10.9345 11.3658 10.4266 
150 3487 7.07067 10.5447 11.5184 1.41772 
150 3488 5.62981 5.90947 10.2022 3.54389 
150 3489 9.19941 9.39085 7.48636 9.81202 
150 3490 9.02064 7.85477 5.29973 1.4719 
150 3491 7.35306 2.03367 8.37947 10.4751 
150 3492 0.722993 9.83322 3.43846 8.69473 
150 3493 2.12767 8.76678 0.951614 6.15575 
150 3494 2.85597 6.74953 3.81003 8.7424 
150 3495 5.31195 10.1311 4.68259 5.46458 
150 3496 10.8777 4.20097 3.86351 8.03541 
150 3497 1.9737 10.9735 0.811655 4.80478 
150 3498 2.43023 7.55728 0.603517 8.07938 
150 3499 9.37569 7.73334 7.16573 4.50959 
150 3500 0.480612 5.76793 7.22274 1.68951 
150 3501 3.54233 4.03639 8.42489 10.2192 
150 3502 9.65307 6.21755 2.48592 4.36271 
150 3503 0.563226 7.98876 3.92518 10.852 
150 3504 6.26782 7.62818 3.4633 7.80714 
150 3505 6.67146 3.73626 1.29724 7.78057 
150 3506 9.42489 8.40495 0.860659 2.46221 
150 3507 5.60211 7.41654 0.610361 10.9527 
150 3508 7.14161 8.77622 2.85143 4.85734 
150 3509 6.50008 3.42669 2.6381 4.4866 
150 3510 10.5512 6.44998 3.45899 10.5258 
150 3511 3.25189 6.12067 9.89956 2.5354 
150 3512 1.34254 2.97147 0.406805 1.95817 
150 3513 10.7958 8.0405 10.9504 3.16834 
150 3514 4.97983 4.30737 4.56061 4.19779 
150 3515 6.47515 0.681429 2.82245 3.50324 
150 3516 4.27074 11.1126 7.35901 10.4293 
150 3517 4.2448 4.90486 3.04749 3.28494 
150 3518 11.2393 8.04415 7.00571 9.51808 
150 3519 6.99188 0.890325 1.05125 7.62676 
150 3520 2.25784 6.86294 10.0382 6.54503 
150 3521 2.64405 4.38121 8.92986 2.54692 
150 3522 9.05071 8.86589 2.11465 5.46956 
150 3523 9.03987 11.3834 2.08726 2.55782 
150 3524 10.0368 9.55501 1.1233 2.3328 
150 3525 2.8804 11.5361 10.1697 8.70377 
150 3526 1.1033 1.06766 5.84068 6.73381 
150 3527 1.25162 1.84078 10.075 7.46915 
150 3528 6.55697 3.41796 2.53934 4.47731 
150 3529 3.53994 1.3334 2.33416 4.50489 
150 3530 4.59001 3.83865 3.37795 3.86154 
150 3531 7.98959 6.88039 10.4318 8.00511 
150 3532 10.5247 5.86362 3.96514 8.04385 
150 3533 10.6098 8.35589 5.55178 11.3662 
150 3534 7.61589 6.69017 0.803828 8.57434 
150 3535 7.65836 5.68784 5.25171 8.24882 
150 3536 8.44406 2.26466 8.24276 5.34004 
150 3537 9.11578 10.4707 10.9067 2.90633 
150 3538 6.89181 9.8715 5.12433 4.25745 
150 3539 6.51249 9.22071 6.25486 9.87625 
150 3540 4.07459 4.414 5.06755 3.78248 
150 3541 1.35108 0.712078 8.1948 2.44236 
150 3542 1.02465 9.85421 5.57913 2.14874 
150 3543 9.05591 5.84192 5.59326 7.64807 
150 3544 7.59809 2.73353 6.33823 5.291 
150 3545 6.251 1.11777 6.75591 3.37548 
150 3546 10.2383 6.74715 2.34943 4.2147 
150 3547 4.3708 7.15144 2.7665 8.29851 
150 3548 5.20093 2.95585 5.49546 5.37415 
150 3549 4.33256 3.59228 3.35849 9.69782 
150 3550 6.17 8.61551 1.97156 5.7628 
150 3551 3.57393 6.73935 5.81104 5.63613 
150 3552 3.05722 2.35488 10.5306 10.8985 
150 3553 8.03794 0.931386 1.01554 6.88956 
150 3554 7.93266 8.88309 11.468 6.6073 
150 3555 10.4616 8.75901 8.82766 4.84525 
150 3556 10.5763 3.68727 4.88514 8.60945 
150 3557 0.984668 6.92832 2.60059 1.7042 
150 3558 11.3737 3.60285 7.22713 3.22526 
150 3559 5.10918 8.14714 7.06137 8.82136 
150 3560 4.07502 1.3075 6.36445 2.18474 
150 3561 2.22674 3.99416 8.35039 4.16284 
150 3562 6.13258 3.66418 10.4965 5.53908 
150 3563 5.45239 8.897 4.58158 10.4671 
150 3564 0.997088 3.24501 2.72119 6.59315 
150 3565 11.4162 5.53191 9.45715 11.5465 
150 3566 2.44314 11.5713 7.29148 7.06427 
150 3567 7.80357 4.49895 9.46465 1.05463 
150 3568 11.2424 12.169 8.4607 2.39207 
150 3569 8.70843 5.74702 5.81092 3.48387 
150 3570 4.22397 0.70151 2.6308 8.3776 
150 3571 8.94891 7.96417 8.02684 3.59773 
150 3572 5.36773 10.8705 11.3989 5.00654 
150 3573 3.34696 9.30968 10.6207 1.64144 
150 3574 2.89693 7.14682 6.95375 0.810557 
150 3575 4.75935 0.627256 6.3982 5.26828 
150 3576 0.985843 4.71102 1.38689 8.46429 
150 3577 4.62183 2.43218 0.621684 7.39927 
150 3578 2.50457 9.21339 0.806201 10.3958 
150 3579 10.1965 3.81813 3.20831 4.99888 
150 3580 7.94602 8.23805 3.82541 6.81828 
150 3581 1.30413 4.27757 6.92674 5.18206 
150 3582 3.47707 3.94272 4.2688 8.05569 
150 3583 2.30067 6.62704 7.43002 3.18608 
150 3584 4.6022 3.3375 5.43647 3.94149 
150 3585 4.62309 1.30562 5.98021 1.93685 
150 3586 10.9688 7.28913 4.77081 5.41795 
150 3587 3.02782 3.61392 9.14504 1.86874 
150 3588 10.9817 0.73284 7.31065 0.765027 
150 3589 9.0974 3.29731 4.74689 2.19481 
150 3590 0.704614 5.31952 3.5441 2.74287 
150 3591 4.84591 0.965517 1.55552 10.3304 
150 3592 10.7786 2.36688 7.77509 9.06762 
150 3593 4.29356 3.85374 9.69411 9.42835 
150 3594 4.25296 4.26537 2.78653 3.47785 
150 3595 1.49316 10.8733 3.13454 1.95755 
150 3596 7.43007 9.60613 2.95845 4.9749 
150 3597 7.1194 2.42129 5.92352 7.93019 
150 3598 7.16673 6.44177 5.17991 6.52459 
150 3599 6.68744 1.89183 10.88 11.868 
150 3600 4.36904 7.72162 8.80314 1.36789 
150 3601 4.74894 3.63353 11.0524 3.21909 
150 3602 0.776121 2.59634 4.71645 2.44201 
150 3603 8.70524 7.96255 4.12451 9.79704 
150 3604 1.90765 1.16335 2.74219 7.75137 
150 3605 4.11416 4.15214 10.0396 5.79556 
150 3606 9.82275 4.96976 0.767907 11.842 
150 3607 1.34035 5.49428 4.77909 4.43325 
150 3608 2.03252 4.08255 6.00462 1.76254 
150 3609 6.63679 2.14646 3.99516 6.38556 
150 3610 9.52162 10.3465 9.95019 0.659797 
150 3611 0.891963 9.80977 9.36853 8.5437 
150 3612 11.9173 7.86442 10.4407 9.78403 
150 3613 6.04523 9.81423 3.9495 10.4706 
150 3614 9.93131 9.3276 10.1123 11.3964 
150 3615 3.48022 10.1126 10.7649 11.2209 
150 3616 2.57581 1.21381 11.358 2.99387 
150 3617 1.3437 10.2423 5.08322 10.6936 
150 3618 8.25771 9.84643 11.4062 3.90137 
150 3619 6.97575 4.27688 1.23895 2.1769 
150 3620 11.5232 11.9086 10.872 5.08868 
150 3621 4.36685 8.0606 9.96328 8.20386 
150 3622 1.18849 3.26604 6.87913 2.87313 
150 3623 3.44731 0.545058 7.25895 4.87857 
150 3624 0.938079 7.40979 2.577 1.85302 
150 3625 7.9405 7.54114 7.6668 9.36142 
150 3626 6.30857 7.23126 7.59881 7.20727 
150 3627 5.56798 7.45194 9.20766 5.4848 
150 3628 1.16676 3.70143 3.27283 1.17384 
150 3629 0.951272 2.96396 7.61635 1.41275 
150 3630 1.23141 10.1278 9.67153 2.58613 
150 3631 10.1012 1.33269 1.12551 5.7458 
150 3632 9.84767 5.94734 7.8095 10.5439 
150 3633 0.997454 4.00038 2.49474 1.49763 
150 3634 5.47033 11.25 8.03292 11.2903 
150 3635 2.26035 5.4073 10.5253 9.00901 
150 3636 3.71192 8.42385 3.54187 3.66262 
150 3637 6.73301 1.28982 9.34625 7.49605 
150 3638 5.28751 3.4883 4.53066 9.6327 
150 3639 3.9705 6.26635 3.50658 6.91758 
150 3640 10.9532 11.8685 1.91969 5.64076 
150 3641 9.25242 4.36534 6.01351 9.24364 
150 3642 8.56338 3.05297 3.42222 5.66022 
150 3643 0.927394 7.82197 2.91419 4.50705 
150 3644 5.31006 7.39061 2.18917 5.90127 
150 3645 3.97976 0.75912 7.53015 8.06587 
150 3646 3.7628 1.22361 2.12843 7.06716 
150 3647 5.92026 5.30388 3.78523 1.47744 
150 3648 0.736122 11.7658 5.97817 9.40556 
150 3649 3.01314 1.1925 2.42323 5.39256 
150 3650 2.16887 5.48175 0.80735 9.15834 
150 3651 7.23416 9.44051 3.27897 7.84209 
150 3652 0.816104 4.88147 2.65169 1.86233 
150 3653 1.19839 4.49672 7.15858 10.0259 
150 3654 4.9828 7.37964 6.30076 6.54401 
150 3655 7.53408 5.45373 6.59452 8.15243 
150 3656 3.8202 1.1951 5.87917 2.35777 
150 3657 2.98954 1.7914 2.80836 9.58305 
150 3658 7.23455 3.31664 8.59933 8.55186 
150 3659 6.88588 6.12469 4.44054 6.78959 
150 3660 4.81621 7.02655 4.23047 6.14456 
150 3661 11.481 6.18282 4.95023 10.0552 
150 3662 7.27929 6.4682 4.43558 3.92152 
150 3663 3.99274 0.99473 0.451282 3.49607 
150 3664 1.66376 7.16221 10.7278 9.30215 
150 3665 4.11144 1.52465 2.58858 10.0965 
150 3666 4.2575 10.9186 2.72908 5.48361 
150 3667 11.7597 7.89379 2.11263 10.3281 
150 3668 9.26045 7.36309 5.40164 8.58941 
150 3669 5.11988 4.14077 2.53583 3.3326 
150 3670 4.29284 6.45076 6.51909 4.09985 
150 3671 2.30628 8.26891 7.62723 8.78031 
150 3672 8.33612 1.30965 2.45132 1.06359 
150 3673 1.95823 4.33311 4.66175 1.73397 
150 3674 9.40339 8.8978 7.3519 9.90801 
150 3675 3.7324 9.09207 8.64383 1.26629 
150 3676 9.78352 8.15873 4.25261 5.19498 
150 3677 6.74256 7.56539 7.56055 10.5186 
150 3678 9.1857 8.45909 9.2799 5.28599 
150 3679 4.77754 10.7293 3.21713 1.93093 
150 3680 1.47896 4.72866 7.6346 3.54902 
150 3681 7.30489 3.33189 5.76174 1.3664 
150 3682 5.19188 2.12311 9.82608 9.32633 
150 3683 5.04655 1.24613 4.73338 3.16597 
150 3684 4.9223 5.37443 2.08851 10.1385 
150 3685 5.37702 4.0963 4.31205 4.25315 
150 3686 0.64651 7.99157 2.69608 4.48877 
150 3687 8.31746 4.65172 1.32825 8.51763 
150 3688 3.60758 4.37372 0.571679 4.62549 
150 3689 6.91402 7.1165 6.51385 5.96241 
150 3690 2.71791 11.4641 9.66976 8.27358 
150 3691 7.85988 4.34483 4.70815 1.4121 
150 3692 4.47324 7.56307 6.37684 9.17882 
150 3693 5.47251 5.21322 6.39376 6.24749 
150 3694 1.69412 9.9536 6.40329 9.10463 
150 3695 9.08846 1.41529 6.51705 7.46158 
150 3696 5.86417 1.8524 1.84372 7.22812 
150 3697 3.56269 3.74443 2.52684 5.24803 
150 3698 8.38544 0.577325 8.20122 11.1513 
150 3699 10.7041 1.5558 4.60541 2.87978 
150 3700 4.97518 10.2874 6.29183 9.15276 
150 3701 9.55756 2.58178 9.23453 11.8829 
150 3702 1.31162 3.74288 3.58633 3.49244 
150 3703 10.9693 5.64683 0.85118 6.07316 
150 3704 7.55032 9.19501 2.43815 10.8571 
150 3705 10.269 9.24016 0.577508 2.20925 
150 3706 4.63524 8.21719 1.26948 3.44044 
150 3707 10.4117 5.77982 0.892862 3.66298 
150 3708 10.8301 8.16335 6.59811 9.04304 
150 3709 4.33605 4.53331 3.20221 9.83772 
150 3710 3.80101 1.07536 2.19051 3.37693 
150 3711 4.87093 3.68469 3.1033 7.18183 
150 3712 11.4076 5.24162 6.1275 6.16466 
150 3713 8.34485 0.841989 6.48179 2.39169 
150 3714 9.71561 8.01136 0.735482 9.97692 
150 3715 6.47579 0.642009 7.20253 6.2849 
150 3716 1.2566 8.54338 3.46985 5.04755 
150 3717 8.29156 0.522477 3.38504 5.66214 
150 3718 1.43797 2.61153 9.2725 6.21579 
150 3719 5.03427 7.74577 8.03175 10.4889 
150 3720 1.32145 3.64591 3.34946 2.83512 
150 3721 10.056 4.92305 6.35683 9.29203 
150 3722 6.19307 5.75188 0.859858 3.4649 
150 3723 1.13772 4.40446 8.08612 8.03374 
150 3724 1.91702 0.553203 7.42131 9.81029 
150 3725 1.08352 5.27381 4.28656 7.69941 
150 3726 7.57424 7.62238 3.99823 6.50309 
150 3727 4.57032 5.50621 1.5456 10.4067 
150 3728 2.25522 4.09446 8.31342 2.09329 
150 3729 4.0543 3.5054 10.628 9.86898 
150 3730 3.52896 1.06138 0.736458 8.82834 
150 3731 4.8943 3.31227 0.852732 10.5084 
150 3732 4.0983 8.03633 3.3392 10.1267 
150 3733 8.13573 2.14337 0.910365 5.06487 
150 3734 10.0377 9.90099 6.07157 10.2773 
150 3735 4.4712 5.47611 2.91393 5.74791 
150 3736 4.40318 11.2809 8.77557 6.92699 
150 3737 7.75124 8.49864 0.661979 6.2169 
150 3738 4.2939 5.02149 3.07878 3.30785 
150 3739 9.43979 4.58807 2.01609 6.07318 
150 3740 7.57987 6.10907 11.6649 10.5929 
150 3741 8.00704 0.945221 9.778 2.55451 
150 3742 9.82568 3.87494 5.55142 2.63794 
150 3743 4.79346 1.8629 8.53691 8.19908 
150 3744 2.1696 1.25271 10.0895 4.16753 
150 3745 3.03738 10.9093 9.17243 7.6568 
150 3746 11.6207 1.64612 9.32151 8.74037 
150 3747 0.684162 0.899036 2.91545 1.87408 
150 3748 1.10655 3.96623 2.56746 1.99298 
150 3749 10.5951 0.96215 6.00771 8.84006 
150 3750 10.4621 5.89151 4.99917 3.1697 
150 3751 6.77819 8.63488 6.06332 2.982 
150 3752 9.75654 4.80526 6.64617 1.57761 
150 3753 9.4495 5.71233 3.34534 9.8115 
150 3754 2.19759 0.565298 6.00172 8.08654 
150 3755 6.60176 6.43464 10.7775 2.198 
150 3756 4.41616 6.60622 4.49395 3.10694 
150 3757 2.29874 4.94031 5.65973 1.46693 
150 3758 9.92277 6.17645 3.9327 1.27634 
150 3759 3.92728 9.44565 3.49782 7.33355 
150 3760 9.81627 4.68081 2.82879 7.12036 
150 3761 10.5941 6.27355 11.6496 1.43212 
150 3762 6.52504 1.27168 8.90452 7.54664 
150 3763 6.38386 5.15208 8.60699 4.9691 
150 3764 10.8525 8.35146 2.71277 1.54244 
150 3765 1.69228 8.28278 7.60016 7.48354 
150 3766 4.10161 4.97495 2.62703 2.7431 
150 3767 9.87792 6.57123 9.31227 7.25587 
150 3768 11.2216 0.704429 10.0011 5.21168 
150 3769 5.89 8.53506 1.97955 5.87408 
150 3770 10.293 11.6692 8.03743 10.4785 
150 3771 9.44195 10.135 4.13179 2.7959 
150 3772 8.04004 5.68533 9.7049 5.08414 
150 3773 8.80768 6.39701 5.69086 6.03558 
150 3774 0.532463 8.56625 7.35109 10.2078 
150 3775 8.6036 11.2657 0.697819 2.92956 
150 3776 6.25227 10.1871 8.41971 6.2329 
150 3777 7.36547 9.23907 7.50623 0.847154 
150 3778 4.35436 3.45639 11.0639 6.99678 
150 3779 8.04901 9.52885 9.76391 10.4404 
150 3780 3.14535 9.07732 9.74221 5.94253 
150 3781 3.31589 4.75801 0.828361 7.25921 
150 3782 7.20583 4.28418 2.32908 4.48158 
150 3783 3.7996 1.07368 2.18958 3.3775 
150 3784 0.360567 10.6841 9.64443 1.67125 
150 3785 4.31996 4.54409 2.72755 3.15828 
150 3786 2.34758 8.60203 8.07978 9.50175 
150 3787 7.00229 1.2554 7.8331 4.32555 
150 3788 8.53328 6.9325 10.6081 5.17463 
150 3789 5.23375 5.8592 1.39917 2.43075 
150 3790 9.25605 3.62187 1.11841 6.91715 
150 3791 11.1411 3.16261 10.9543 10.6973 
150 3792 8.13576 4.04922 1.08597 5.51846 
150 3793 7.69174 9.59984 7.63554 10.3294 
150 3794 6.4409 10.1472 8.11221 1.92206 
150 3795 11.2184 0.861222 11.0578 2.23329 
150 3796 0.765278 10.2752 6.77715 6.75215 
150 3797 0.881752 3.19771 7.45476 3.50274 
150 3798 11.7332 3.81735 5.56963 9.95512 
150 3799 5.29185 10.6272 9.31737 3.43362 
150 3800 2.38253 5.25941 10.3509 9.25153 
150 3801 8.36655 11.0949 1.87223 2.70253 
150 3802 8.952 6.72285 9.75242 3.2901 
150 3803 5.82547 9.62136 4.32941 7.16991 
150 3804 3.31732 10.8158 2.99883 2.73075 
150 3805 1.24783 4.01773 2.54676 1.7835 
150 3806 2.97125 7.50543 6.76641 8.29187 
150 3807 5.65153 4.8343 5.35188 3.85711 
150 3808 3.18211 8.98065 6.99738 0.771886 
150 3809 9.14723 9.69967 9.09457 0.845908 
150 3810 4.23716 7.59798 3.10211 9.62999 
150 3811 6.50786 8.31395 10.6817 9.81333 
150 3812 2.37042 7.31407 7.45573 3.53319 
150 3813 6.59128 9.66078 0.987117 8.27898 
150 3814 11.2467 8.45904 5.08608 1.16215 
150 3815 6.6115 5.57679 3.54277 5.76699 
150 3816 2.73145 10.4219 5.88848 6.21063 
150 3817 9.07871 3.45777 6.61663 7.40354 
150 3818 5.23345 10.322 5.78398 0.735369 
150 3819 0.777039 5.22469 3.05083 2.33512 
150 3820 6.87869 4.85599 2.33477 3.16676 
150 3821 9.44116 9.12544 11.7234 3.83547 
150 3822 0.687511 11.2476 4.32928 7.15048 
150 3823 6.20936 8.01048 6.63179 3.21406 
150 3824 1.36875 6.76461 9.57991 5.22621 
150 3825 10.8651 5.33998 0.532788 10.3898 
150 3826 10.1082 6.64257 11.1451 1.06789 
150 3827 5.44551 9.81204 9.25697 1.34829 
150 3828 9.66656 10.8273 4.15443 7.20189 
150 3829 8.30412 10.4976 5.1537 4.08647 
150 3830 10.0181 10.4299 10.5425 9.79127 
150 3831 0.901824 0.929909 2.34091 1.34815 
150 3832 6.94309 11.8509 1.72339 1.31977 
150 3833 11.6628 2.70815 11.3947 10.5103 
150 3834 2.77843 5.26212 10.1593 8.27098 
150 3835 3.31113 8.41821 5.00869 5.72337 
150 3836 1.43797 3.73586 7.62245 5.24199 
150 3837 1.43969 3.20694 7.78701 5.55325 
150 3838 1.67366 1.451 4.43599 6.22349 
150 3839 1.96995 0.802694 2.56455 7.49948 
150 3840 0.997032 4.00133 2.50062 1.49684 
150 3841 7.06427 3.4536 10.0718 9.18233 
150 3842 8.0021 4.19515 1.09987 5.41475 
150 3843 6.63024 10.3101 0.930798 8.50167 
150 3844 2.27532 9.55723 7.65381 10.3046 
150 3845 5.40145 10.1212 10.7373 5.1657 
150 3846 10.4451 3.27562 6.44335 6.14306 
150 3847 4.87113 9.97318 8.56245 10.3546 
150 3848 3.41471 0.635665 10.3132 8.98979 
150 3849 9.76987 4.4035 1.39557 6.27239 
150 3850 2.7335 1.2246 6.47058 8.41435 
150 3851 1.79278 8.31079 0.559616 8.581 
150 3852 0.525003 3.30665 2.49163 4.76041 
150 3853 2.4273 1.52828 5.26008 5.67893 
150 3854 10.0825 1.19846 0.493888 2.74964 
150 3855 5.08314 3.15236 7.62795 7.11537 
150 3856 4.28455 0.998524 3.79541 3.18375 
150 3857 5.27607 6.06838 3.46483 7.71793 
150 3858 1.92033 11.3187 11.4793 8.69867 
150 3859 2.18571 0.641841 5.17937 7.42181 
150 3860 2.30164 8.50141 7.82435 8.9293 
150 3861 4.31182 3.93726 2.84935 3.62456 
150 3862 7.96805 4.206 1.23226 2.55774 
150 3863 6.90465 8.60605 3.78981 5.63857 
150 3864 9.9108 9.15675 2.93395 10.7545 
150 3865 9.41911 1.38093 0.916136 5.48823 
150 3866 6.16659 7.26752 3.62674 7.41278 
150 3867 6.47837 4.21974 4.57411 4.57001 
150 3868 6.38157 6.89523 7.58786 10.2404 
150 3869 2.6052 0.482958 8.02999 10.9113 
150 3870 10.6098 8.62709 8.11881 6.01076 
150 3871 10.9817 7.56493 6.38856 5.12039 
150 3872 4.30321 4.2772 8.60535 9.15796 
150 3873 10.7098 10.7259 8.89324 4.65278 
150 3874 6.33184 5.65098 0.811689 8.34784 
150 3875 10.475 10.9983 7.51681 10.9709 
150 3876 5.40139 3.86385 3.41639 7.59797 
150 3877 3.42308 10.705 3.16605 2.54896 
150 3878 1.63972 4.33871 2.68901 2.06013 
150 3879 1.06512 4.15835 1.84939 10.0494 
150 3880 1.70433 9.50194 1.89446 0.785727 
150 3881 4.1057 5.21469 3.63711 4.29211 
150 3882 0.556596 0.715636 1.72428 2.96911 
150 3883 5.1986 3.01031 3.42022 5.25894 
150 3884 1.60464 7.10579 3.34143 10.1631 
150 3885 7.65337 11.466 7.3715 9.08464 
150 3886 10.7126 4.74592 5.64818 6.81023 
150 3887 8.65139 7.00596 10.7715 4.94194 
150 3888 4.78711 7.08549 4.26014 3.34139 
150 3889 2.00175 3.99456 6.75517 1.75775 
150 3890 4.0201 9.0712 5.46152 4.04093 
150 3891 5.03909 9.9394 10.5666 4.87511 
150 3892 11.3865 7.06165 3.67678 6.21267 
150 3893 1.37729 11.6625 9.17953 1.33553 
150 3894 3.69965 3.6709 2.45362 5.93047 
150 3895 4.73323 2.89913 4.14551 4.59862 
150 3896 5.37511 4.04601 7.16972 5.50643 
150 3897 6.94926 4.39942 2.29868 4.40663 
150 3898 7.43488 1.75032 9.12946 2.11701 
150 3899 6.52854 8.79046 6.82833 6.1406 
150 3900 4.08085 6.45389 5.83281 11.368 
150 3901 11.2804 5.04143 0.738319 9.94661 
150 3902 2.98675 9.85156 11.2685 6.47982 
150 3903 5.68395 6.2308 11.0252 9.9489 
150 3904 8.96857 8.00349 9.04515 5.12635 
150 3905 0.743739 11.0766 4.44815 7.40511 
150 3906 7.35041 7.58201 4.04633 3.06293 
150 3907 5.18274 4.85964 7.08688 3.16435 
150 3908 5.53792 2.75389 7.8376 4.45252 
150 3909 1.81754 9.52376 3.40907 3.9133 
150 3910 3.00688 3.84923 5.69636 6.57674 
150 3911 3.33641 5.56442 11.4354 11.5881 
150 3912 7.77307 3.96725 9.9837 3.48864 
150 3913 3.81143 3.78079 4.65982 4.14722 
150 3914 11.2598 9.51363 7.81537 10.9834 
150 3915 8.41777 9.65377 7.18448 1.71316 
150 3916 2.03371 5.24677 6.13155 8.2618 
150 3917 9.19282 4.4302 1.79539 5.70284 
150 3918 1.35193 6.15565 7.99514 4.12699 
150 3919 7.47323 6.9111 4.16575 3.73859 
150 3920 10.7658 3.62503 0.921858 8.32012 
150 3921 2.19058 6.29325 2.32645 6.0685 
150 3922 3.70777 3.45974 10.9473 1.30013 
150 3923 1.2327 2.17802 7.35167 7.05689 
150 3924 2.75643 3.78778 3.87935 5.37036 
150 3925 0.8902 0.661905 1.42792 1.87258 
150 3926 1.14867 2.83104 6.25569 3.06458 
150 3927 9.94242 11.8264 7.22008 4.94737 
150 3928 9.16527 7.99943 6.78167 3.61349 
150 3929 9.33088 3.70718 4.14448 6.74196 
150 3930 5.83739 4.34645 2.13473 2.78648 
150 3931 1.47809 9.43285 9.09531 3.99074 
150 3932 0.989487 7.52021 2.66446 2.01995 
150 3933 9.1554 4.13775 10.2899 4.44391 
150 3934 0.859757 7.0305 8.4218 10.177 
150 3935 0.949545 9.8912 8.78425 3.33411 
150 3936 1.52223 10.0844 7.5904 10.9799 
150 3937 7.26612 0.88146 5.70339 1.76078 
150 3938 10.7629 8.8778 9.68936 1.40123 
150 3939 0.988921 2.69775 8.98763 1.81591 
150 3940 9.52341 0.83826 9.17544 1.60405 
150 3941 10.1285 3.67974 6.50536 11.0669 
150 3942 9.38712 2.92775 4.74213 9.50082 
150 3943 7.15769 7.73718 1.91298 7.5474 
150 3944 5.71981 4.53859 6.63646 3.38272 
150 3945 10.5018 7.3872 10.7885 10.4261 
150 3946 9.91351 3.05464 4.82936 10.2667 
150 3947 4.69744 3.47681 5.09148 3.66251 
150 3948 10.972 9.48353 10.5456 4.3345 
150 3949 1.19216 5.18739 4.09577 9.96894 
150 3950 3.27009 1.39951 3.68968 8.57457 
150 3951 8.98321 11.4636 0.702621 10.0836 
150 3952 3.63226 1.33368 5.98976 2.46753 
150 3953 9.32669 0.646656 6.17756 2.80563 
150 3954 3.97546 11.6746 2.00343 7.1088 
150 3955 9.33271 6.61008 4.83541 2.27403 
150 3956 6.1739 3.67653 5.2491 2.65921 
150 3957 3.95039 4.34768 0.358186 3.78423 
150 3958 5.9415 9.40585 9.84798 9.27625 
150 3959 9.4753 8.95736 1.20305 1.92664 
150 3960 11.123 8.89582 9.32406 3.59313 
150 3961 3.21063 4.43511 5.38479 5.18603 
150 3962 9.72246 2.94299 8.11075 2.29195 
150 3963 8.957 1.58296 4.28752 9.17597 
150 3964 6.33731 10.6271 11.1868 8.52353 
150 3965 8.50822 5.33233 8.6264 8.482 
150 3966 9.65726 0.549151 6.55863 6.81851 
150 3967 8.80899 7.57787 3.4033 3.79027 
150 3968 10.0899 1.9292 2.15563 2.90732 
150 3969 11.2211 2.9197 2.171 9.69966 
150 3970 3.38603 10.9677 6.33888 6.94665 
150 3971 1.18117 10.1917 5.2308 1.77406 
150 3972 2.96267 10.6372 4.10364 1.53582 
150 3973 11.4653 7.08109 9.66429 8.46778 
150 3974 6.8482 9.58317 4.70751 11.168 
150 3975 0.875308 3.01154 8.43348 11.1777 
150 3976 3.36467 9.93969 8.43932 9.61836 
150 3977 0.955171 9.25457 2.22529 4.48198 
150 3978 8.39358 8.44038 0.908823 3.78938 
150 3979 7.31749 0.509459 10.662 10.2546 
150 3980 5.50009 8.38033 5.39439 11.2436 
150 3981 4.55662 3.95785 8.25898 5.61837 
150 3982 1.28683 6.39639 3.70466 2.52994 
150 3983 9.65891 1.34449 7.23859 7.87027 
150 3984 10.7632 4.56226 5.60152 6.88992 
150 3985 7.95973 1.50355 5.33112 1.03574 
150 3986 9.45734 0.736989 4.37019 5.23141 
150 3987 2.1393 9.34402 10.0488 1.09629 
150 3988 6.6398 4.86544 10.5728 4.93464 
150 3989 2.33639 2.41263 9.45708 9.19488 
150 3990 8.75348 8.06475 0.960438 2.64388 
150 3991 9.06811 2.14908 9.2845 4.03262 
150 3992 0.939229 8.95145 5.12981 9.45342 
150 3993 11.252 9.78282 10.6429 4.39706 
150 3994 10.149 9.22725 3.60712 5.2333 
150 3995 6.45944 1.76282 0.70076 5.87559 
150 3996 0.999986 1.45868 10.843 8.57652 
150 3997 3.19082 3.88867 6.1394 6.35499 
150 3998 11.6085 1.54146 9.0347 8.81246 
150 3999 4.01734 0.700175 6.65265 10.3932 
150 4000 4.48858 11.6459 9.35188 10.4691 
150 4001 9.82976 6.4852 2.5951 4.16147 
150 4002 4.34144 7.04367 3.2578 10.0578 
150 4003 4.20821 4.19196 0.246699 3.45462 
150 4004 10.4298 0.432911 6.96112 2.7743 
150 4005 4.17629 2.1372 8.26994 3.74865 
150 4006 9.05674 1.39191 6.5013 7.44783 
150 4007 7.71566 8.54232 6.18567 1.98347 
150 4008 8.07787 3.40274 11.7055 1.17874 
150 4009 4.53629 3.51664 10.3023 9.70123 
150 4010 3.64306 3.5296 2.50547 5.90453 
150 4011 1.01974 3.60648 3.34552 1.14073 
150 4012 9.55904 11.76 8.75133 7.24012 
150 4013 7.40664 1.22581 5.21292 4.54878 
150 4014 1.96844 1.08702 0.839539 8.64616 
150 4015 8.64406 1.79191 4.19257 1.48472 
150 4016 5.77165 5.07781 2.06903 9.53564 
150 4017 3.30465 1.30206 2.39996 4.76319 
150 4018 7.90458 10.9036 1.11592 9.74891 
150 4019 2.90753 5.63182 3.03732 4.95772 
150 4020 1.30368 1.14325 1.5417 7.78295 
150 4021 2.03234 5.68188 1.00189 8.87048 
150 4022 0.945247 8.07856 2.15745 4.34513 
150 4023 11.2338 6.4032 4.80062 9.95762 
150 4024 4.62519 0.981531 2.8484 7.29435 
150 4025 5.83865 5.72074 1.001 3.73892 
150 4026 6.17191 8.16857 6.1526 2.73369 
150 4027 8.08033 11.4106 7.701 8.96648 
150 4028 6.4768 8.66536 4.00067 8.51154 
150 4029 3.83885 1.15258 0.680048 9.30026 
150 4030 4.36882 1.49017 2.3258 8.14644 
150 4031 8.22656 6.47944 7.42717 2.90821 
150 4032 7.10345 5.06007 3.53537 8.62218 
150 4033 0.812982 6.50626 0.838278 10.906 
150 4034 7.86505 1.62504 2.00949 4.87737 
150 4035 1.15221 9.1992 2.52683 2.22982 
150 4036 1.89893 1.3202 10.112 10.7873 
150 4037 7.21846 4.58139 9.42707 6.1705 
150 4038 5.45281 0.726261 3.2293 7.60854 
150 4039 1.32934 5.47626 3.8642 3.47209 
150 4040 11.074 8.13309 0.696693 6.31835 
150 4041 7.20466 1.456 5.04568 4.264 
150 4042 8.32032 7.23015 3.45855 3.90498 
150 4043 1.31093 4.48558 4.50608 2.14432 
150 4044 0.950508 3.29118 7.7661 1.79151 
150 4045 7.56338 6.72467 8.92673 7.31223 
150 4046 6.7773 0.550995 3.83908 9.0302 
150 4047 5.31731 4.70527 1.09304 1.68151 
150 4048 11.223 8.13615 6.12415 2.51009 
150 4049 7.89122 1.22784 0.577012 0.943891 
150 4050 4.12518 4.24782 2.93958 3.81678 
150 4051 4.23552 8.96212 1.27449 3.57924 
150 4052 7.16882 9.26324 6.33094 9.49591 
150 4053 3.65401 8.98631 5.50859 5.57945 
150 4054 10.3451 5.3808 8.95666 11.3822 
150 4055 8.72466 5.03877 10.4933 2.52181 
150 4056 2.7567 0.952683 3.43659 4.11105 
150 4057 1.18111 5.32571 4.08343 3.78078 
150 4058 4.0503 8.50825 3.14653 6.67595 
150 4059 6.52811 4.1284 5.05719 4.2438 
150 4060 7.59885 6.08246 0.578806 1.94851 
150 4061 3.98981 0.995773 0.451444 3.49746 
150 4062 5.3152 10.1506 6.79256 7.35561 
150 4063 4.54469 1.97722 8.51183 5.69664 
150 4064 1.96954 8.68574 10.2134 3.635 
150 4065 7.58033 9.59976 2.68005 10.789 
150 4066 6.78064 5.17449 0.757494 8.07735 
150 4067 4.39191 6.79997 11.6367 11.0531 
150 4068 1.49764 6.27647 6.19406 10.9951 
150 4069 6.39141 7.15734 7.52079 7.05279 
150 4070 4.15995 4.23884 2.80153 3.64312 
150 4071 4.65823 6.48171 7.78822 0.657976 
150 4072 7.66103 1.08353 5.26588 4.62047 
150 4073 10.3838 1.22122 9.55282 0.567708 
150 4074 0.997624 5.67005 8.11653 3.76764 
150 4075 0.697227 3.22342 9.675 6.67528 
150 4076 4.26048 4.29256 5.82826 5.03454 
150 4077 11.4476 3.84249 0.66822 9.58512 
150 4078 1.97916 7.4856 1.95261 1.50924 
150 4079 7.72581 4.32091 2.21985 4.86516 
150 4080 10.9572 6.57139 4.39398 3.77245 
150 4081 2.07057 3.31613 9.74233 2.12057 
150 4082 7.37766 6.98757 0.977136 3.07646 
150 4083 10.8648 11.8175 4.00095 3.43908 
150 4084 3.76742 10.8902 8.78184 9.97555 
150 4085 8.71653 3.56717 2.22385 8.96627 
150 4086 5.52729 10.6547 9.65369 3.47804 
150 4087 8.8668 0.608122 7.6702 3.43988 
150 4088 1.71362 1.20946 6.07615 8.77667 
150 4089 10.0498 10.9913 11.1611 0.526498 
150 4090 6.99589 1.75427 8.04968 1.22846 
150 4091 7.09303 1.03647 9.56787 5.67754 
150 4092 7.14807 1.09993 9.29864 3.46245 
150 4093 4.10348 0.775855 5.82635 5.17678 
150 4094 6.39768 10.8462 8.06584 2.44181 
150 4095 5.54425 5.00349 10.4241 1.08075 
150 4096 11.2385 0.797608 10.0379 4.43672 
150 4097 10.6223 4.5051 10.5549 6.4463 
150 4098 11.0573 7.48732 1.1213 6.86505 
150 4099 2.98529 10.7403 7.84305 8.9613 
150 4100 1.16606 6.30395 6.23781 10.6406 
150 4101 1.25734 7.72156 10.5093 7.28979 
150 4102 7.16807 6.67869 4.70553 6.65131 
150 4103 5.58093 4.09196 7.368 5.53088 
150 4104 3.63651 1.11202 2.50895 3.31405 
150 4105 4.61625 3.34366 3.50658 4.22197 
150 4106 4.12944 6.32846 5.45129 5.8456 
150 4107 10.8667 2.54295 4.24711 5.58531 
150 4108 7.92835 5.65531 11.0127 9.53092 
150 4109 0.925741 10.513 10.5105 8.51944 
150 4110 5.17811 9.91944 10.0394 11.0456 
150 4111 2.00106 6.93512 9.86885 1.15059 
150 4112 8.04092 2.54066 9.6685 7.55413 
150 4113 11.1308 3.90225 11.6929 8.09787 
150 4114 4.3012 4.5777 2.86548 3.37355 
150 4115 7.6241 1.14295 3.95456 10.3821 
150 4116 6.37429 1.86112 2.01489 7.46327 
150 4117 1.00719 6.98493 10.1939 1.1066 
150 4118 6.47929 9.86545 11.3546 7.82284 
150 4119 9.5991 4.67554 2.85464 1.43705 
150 4120 1.04336 1.92969 7.0996 0.799356 
150 4121 10.8331 7.44623 2.83047 3.8388 
150 4122 7.85701 6.08645 0.828326 10.0008 
150 4123 3.95119 4.24446 8.12498 9.40399 
150 4124 1.02649 5.55059 10.4644 2.61265 
150 4125 2.25771 4.35713 3.91703 5.87641 
150 4126 2.9095 9.55653 9.39907 6.4994 
150 4127 2.2105 0.588403 7.21663 9.65501 
150 4128 7.26591 5.45764 4.4035 7.36148 
150 4129 0.684819 6.86779 4.85653 8.84173 
150 4130 1.72941 10.9036 0.878083 4.65928 
150 4131 9.2017 9.60912 9.07227 9.85897 
150 4132 9.16239 8.01249 6.77899 3.611 
150 4133 7.27439 5.55145 10.2559 9.32506 
150 4134 8.66899 1.69226 9.73157 11.2944 
150 4135 7.55629 6.98009 3.11974 10.5192 
150 4136 10.0555 7.64439 6.50893 4.76568 
150 4137 4.18851 5.66308 1.51011 11.0258 
150 4138 4.6459 8.98449 11.2088 8.8785 
150 4139 6.44493 7.34609 7.18131 9.9753 
150 4140 10.619 8.18972 2.40415 6.85329 
150 4141 1.4281 7.10715 10.4745 9.29511 
150 4142 9.47747 9.04472 2.93147 10.8962 
150 4143 4.10816 0.700855 9.53093 8.80084 
150 4144 7.61718 10.2278 2.63233 5.06084 
150 4145 4.45809 8.94538 4.90805 4.0026 
150 4146 6.66958 9.86034 6.50965 8.38822 
150 4147 6.31635 1.84395 5.95192 11.162 
150 4148 4.63921 3.45574 1.99745 1.9171 
150 4149 9.26673 11.1675 5.29172 1.23091 
150 4150 1.45999 3.56063 0.442809 1.38757 
150 4151 2.53696 5.26763 10.1587 8.47531 
150 4152 4.28767 0.556394 7.559 2.98486 
150 4153 4.52279 2.58544 1.31449 10.7515 
150 4154 1.16376 7.62985 6.9023 0.778909 
150 4155 4.79807 7.69774 7.05754 9.37715 
150 4156 10.7299 7.42643 4.14217 8.25445 
150 4157 1.2581 8.12805 4.10686 3.59056 
150 4158 10.7182 10.1083 11.4846 7.81504 
150 4159 3.18706 9.0813 10.4525 1.79928 
150 4160 3.45147 8.9385 10.3584 6.77454 
150 4161 4.80147 5.55395 1.87075 10.1898 
150 4162 3.12542 9.20915 10.7425 1.82325 
150 4163 11.66 6.55467 5.23264 10.0943 
150 4164 8.80779 9.9209 2.25963 9.91949 
150 4165 6.71008 5.32316 8.00726 0.654447 
150 4166 3.6312 7.8351 6.67149 1.30507 
150 4167 6.37891 6.63047 8.20601 3.54566 
150 4168 8.80309 8.62659 10.5023 1.60766 
150 4169 3.55139 0.968486 0.575082 10.2205 
150 4170 4.08698 4.47004 0.310354 3.65856 
150 4171 6.7305 5.88055 7.62347 3.78056 
150 4172 4.16501 4.24026 2.79493 3.64402 
150 4173 4.75078 6.25744 9.55727 8.49026 
150 4174 1.37632 0.736479 2.75133 1.47563 
150 4175 1.66369 1.21258 5.311 9.34988 
150 4176 3.35247 8.84113 0.568261 0.708252 
150 4177 10.1543 6.7591 10.6099 9.21593 
150 4178 0.807474 5.96929 5.7089 5.96225 
150 4179 0.866727 8.32959 5.26476 9.0605 
150 4180 1.33378 3.38503 7.69932 5.40707 
150 4181 7.98285 7.10381 7.32248 8.79034 
150 4182 1.74776 11.6453 11.2365 3.01205 
150 4183 6.19064 4.36893 2.30175 3.84221 
150 4184 3.27828 8.56331 5.02959 5.97752 
150 4185 2.36596 4.4953 8.74961 2.73236 
150 4186 9.90629 3.524 4.25656 4.32367 
150 4187 1.14103 9.11901 8.80353 8.39695 
150 4188 11.2571 5.58887 7.45569 6.95991 
150 4189 7.1088 3.48046 10.2654 9.24031 
150 4190 9.38775 10.2533 0.976974 11.1794 
150 4191 9.42156 8.73563 4.18302 10.9392 
150 4192 5.30215 8.97243 1.46227 7.23666 
150 4193 7.86369 10.3058 5.06176 1.67479 
150 4194 8.03141 10.3296 5.28411 4.18618 
150 4195 7.62828 3.46514 10.4393 2.58019 
150 4196 1.31005 7.00768 9.83846 8.7652 
150 4197 6.23582 7.44347 0.803429 3.59974 
150 4198 2.45085 7.17188 3.32551 9.88002 
150 4199 9.1292 1.22424 4.26499 3.27916 
150 4200 9.7745 5.92747 4.79856 1.21273 
150 4201 10.8327 10.7601 1.40016 7.0187 
150 4202 3.13914 7.0829 9.75871 5.92155 
150 4203 4.55744 3.95442 8.25921 5.61696 
150 4204 4.95468 0.799511 9.6786 9.94366 
150 4205 9.50049 3.70854 7.75951 4.5971 
150 4206 10.9114 4.46717 3.72318 8.35628 
150 4207 6.17314 6.96747 7.08711 9.816 
150 4208 7.38564 1.04011 10.1019 6.11966 
150 4209 6.04425 11.2899 7.7495 4.86914 
150 4210 1.82666 1.45744 9.93201 10.3457 
150 4211 4.0824 2.52652 10.8444 4.39598 
150 4212 3.03218 1.81012 2.76033 3.85192 
150 4213 7.07766 5.5927 8.61361 11.0424 
150 4214 9.91456 0.724759 8.50042 8.98707 
150 4215 2.49814 8.93599 7.89663 4.26405 
150 4216 3.91373 0.931998 4.45366 4.51917 
150 4217 1.32635 2.26502 9.71127 6.77781 
150 4218 1.03705 3.93166 0.469123 1.46943 
150 4219 2.79599 11.729 10.487 4.56033 
150 4220 1.78499 8.37072 7.88918 7.8121 
150 4221 1.46138 11.2289 2.42644 4.62014 
150 4222 11.4731 10.0822 2.82565 8.3167 
150 4223 2.70693 5.09181 6.23602 6.44017 
150 4224 5.17125 0.579813 0.819956 2.52743 
150 4225 3.13418 4.72373 9.50331 10.2163 
150 4226 6.10873 4.4633 4.99116 8.99027 
150 4227 3.42828 5.29494 7.34363 1.05449 
150 4228 6.31322 4.32577 3.70336 8.0266 
150 4229 5.30486 5.12286 7.05745 10.4668 
150 4230 9.13818 10.5097 2.58333 0.650363 
150 4231 4.60727 9.05134 0.829149 11.0975 
150 4232 8.44512 2.44928 6.32906 5.52811 
150 4233 1.78838 10.3489 10.1397 7.21406 
150 4234 2.83515 4.43436 9.75691 2.54963 
150 4235 2.98588 6.83319 3.35572 8.23964 
150 4236 6.67408 5.61215 11.2294 5.24914 
150 4237 10.2694 8.61293 11.4223 7.76507 
150 4238 1.59878 6.88431 3.31721 10.5558 
150 4239 3.18908 4.38105 5.1793 5.5735 
150 4240 1.04471 11.1863 5.81579 1.07775 
150 4241 9.35565 5.18476 2.38892 1.90433 
150 4242 2.25989 11.1624 3.44122 4.27084 
150 4243 1.24722 1.3811 7.16747 6.84293 
150 4244 6.01886 1.74763 5.69975 10.6325 
150 4245 8.565 5.28848 7.92103 5.66496 
150 4246 5.79213 4.03282 4.00141 8.23667 
150 4247 9.09812 9.61613 9.02846 9.39766 
150 4248 8.97656 4.29017 9.34135 2.59627 
150 4249 9.54119 10.9111 9.70326 10.897 
150 4250 5.9721 1.88411 9.56502 5.98466 
150 4251 1.20668 1.32271 6.68369 2.25941 
150 4252 4.00858 1.90622 1.33659 5.65557 
150 4253 0.87724 3.78989 11.1674 0.926223 
150 4254 7.82421 10.2938 9.47267 5.15722 
150 4255 8.41902 1.34331 6.68549 0.760415 
150 4256 1.09212 5.52293 7.52003 3.41316 
150 4257 10.5803 6.06238 3.16332 5.04279 
150 4258 1.87219 7.92252 5.42016 8.73823 
150 4259 8.3535 0.703343 11.5428 10.4153 
150 4260 8.81386 6.44235 0.345002 3.96683 
150 4261 4.91929 0.823237 4.68453 1.87021 
150 4262 11.367 8.94053 10.173 2.70371 
150 4263 4.85026 6.87361 8.0998 5.03298 
150 4264 6.57319 5.19468 9.11565 5.08671 
150 4265 6.07558 6.77967 3.85158 6.98992 
150 4266 3.31631 8.72768 5.31709 5.45337 
150 4267 4.21514 10.8366 4.36272 7.96021 
150 4268 0.896195 4.82941 1.37223 3.6647 
150 4269 10.0883 0.826312 4.8501 5.15578 
150 4270 3.2527 8.98185 0.830833 8.56835 
150 4271 10.3238 9.3116 3.37946 5.31493 
150 4272 8.79351 11.1969 5.39445 3.61648 
150 4273 5.765 4.23129 4.49854 4.44465 
150 4274 8.74418 4.20806 9.30484 2.5684 
150 4275 3.83433 9.24709 9.42655 3.11239 
150 4276 7.28704 4.47272 3.35404 2.21628 
150 4277 10.5856 1.6112 5.87112 2.9758 
150 4278 0.893929 7.14352 10.8164 11.0498 
150 4279 9.91989 1.53297 10.8887 7.98728 
150 4280 7.56122 11.0292 3.67405 9.59318 
150 4281 3.60717 7.49227 7.87036 0.650445 
150 4282 1.32696 6.52413 8.30476 9.24212 
150 4283 9.10385 0.797836 7.83198 0.81569 
150 4284 11.1633 11.2902 1.8638 10.6662 
150 4285 6.6945 3.80837 1.0541 7.56881 
150 4286 4.40261 6.32857 0.947875 3.1632 
150 4287 3.04394 7.03947 4.3573 10.2414 
150 4288 6.03544 1.73714 2.57752 4.07732 
150 4289 5.54347 10.393 5.03953 11.4893 
150 4290 10.8234 1.03759 9.80881 4.26823 
150 4291 1.29901 10.9147 5.27968 1.19824 
150 4292 4.84459 6.11984 4.70454 1.69269 
150 4293 3.98749 6.60226 2.42769 8.04908 
150 4294 2.19611 11.0205 10.5746 11.8306 
150 4295 0.670596 8.74536 11.2062 6.25379 
150 4296 0.45304 7.76525 10.1925 5.20211 
150 4297 1.17927 9.7264 4.96063 2.21955 
150 4298 5.22678 7.87719 3.90656 1.1363 
150 4299 3.89717 8.37408 6.71282 7.63434 
150 4300 8.8353 0.805522 3.31936 3.03299 
150 4301 1.89188 1.57882 9.71051 10.1474 
150 4302 11.4633 4.09677 10.4789 6.64944 
150 4303 7.46107 8.49107 2.05562 7.5374 
150 4304 10.9343 6.42318 7.01225 1.43307 
150 4305 10.4047 6.44246 0.797086 4.13372 
150 4306 8.90209 1.23692 4.3508 1.40921 
150 4307 2.52141 11.0179 2.5969 1.0991 
150 4308 1.38089 0.715387 8.20086 2.38754 
150 4309 1.44188 1.62883 6.55112 6.66284 
150 4310 11.5392 5.35519 1.84384 6.62853 
150 4311 8.85708 9.28103 8.6601 9.37822 
150 4312 10.521 10.4363 8.69501 9.72823 
150 4313 4.6683 5.08731 6.91166 8.80885 
150 4314 9.786 0.710755 3.26377 2.82457 
150 4315 7.34156 1.07738 8.59795 1.39952 
150 4316 0.841146 6.38286 8.94453 8.31422 
150 4317 3.71109 4.51612 2.93068 3.69496 
150 4318 10.1005 0.371355 9.57663 6.86331 
150 4319 3.22888 1.93368 9.02603 2.90228 
150 4320 0.828715 1.42432 6.45819 10.1832 
150 4321 6.63203 8.80202 6.87164 6.16156 
150 4322 5.21305 5.31586 2.12775 9.52917 
150 4323 5.42636 10.6041 5.51406 11.7453 
150 4324 1.04981 4.45596 7.94946 8.26156 
150 4325 3.60835 5.01601 0.457635 6.59324 
150 4326 1.06103 4.07418 2.5928 2.63178 
150 4327 5.80173 6.52567 1.51609 1.67365 
150 4328 8.13994 2.88307 10.9998 2.62 
150 4329 10.124 1.35374 2.67498 2.98727 
150 4330 5.31751 10.7292 7.0543 9.84892 
150 4331 9.30049 2.20922 3.48228 4.17415 
150 4332 10.9714 0.737923 2.30891 8.78991 
150 4333 0.670695 6.53876 4.21054 0.536066 
150 4334 6.56735 1.32175 9.82613 5.84596 
150 4335 8.85194 11.0298 6.05436 4.53777 
150 4336 1.8162 5.80788 6.81834 6.33578 
150 4337 7.05377 4.59162 8.98263 5.95383 
150 4338 3.18823 11.3995 10.9917 6.47854 
150 4339 7.71391 3.65408 5.81123 6.3832 
150 4340 8.88452 1.53116 3.93899 8.67187 
150 4341 3.47519 9.6048 9.00516 10.0744 
150 4342 10.7096 2.53527 10.2643 5.71419 
150 4343 2.1911 5.24257 4.70812 9.29109 
150 4344 5.78055 7.31849 10.8042 6.56031 
150 4345 10.4389 3.10633 2.05626 8.84495 
150 4346 2.93755 0.573987 8.81402 10.7954 
150 4347 9.07144 3.72983 1.12817 6.61001 
150 4348 10.1845 6.12425 4.49198 3.15454 
150 4349 7.84096 7.80999 1.61188 1.07896 
150 4350 10.7599 1.22281 1.22964 6.39889 
150 4351 1.19333 6.48222 10.9002 7.21639 
150 4352 2.87815 9.81519 8.02971 7.30866 
150 4353 1.78805 9.67846 3.57128 4.05354 
150 4354 4.47327 7.91871 9.59348 3.03497 
150 4355 11.1578 10.9778 5.38816 10.4712 
150 4356 9.71072 8.76955 2.02073 6.92594 
150 4357 11.1227 9.74796 7.97155 10.812 
150 4358 4.3153 4.1604 5.36612 4.58222 
150 4359 9.74851 5.78072 6.13705 6.68256 
150 4360 9.26708 3.54991 1.57198 0.553133 
150 4361 7.79112 10.9828 10.6148 6.98046 
150 4362 7.5549 7.59684 4.12256 6.47665 
150 4363 7.26941 8.15945 11.459 5.61814 
150 4364 11.3229 7.66998 6.81041 11.5142 
150 4365 4.41469 9.54329 10.2961 4.35932 
150 4366 0.64881 10.7282 9.34173 3.97097 
150 4367 10.3512 10.5409 10.8158 9.76615 
150 4368 6.46581 6.27087 3.88568 3.38112 
150 4369 5.65998 3.51767 3.41153 3.32003 
150 4370 4.9551 7.61398 3.29573 6.47735 
150 4371 10.1997 2.76229 6.77379 10.8593 
150 4372 4.41471 3.75382 3.02802 3.83358 
150 4373 5.37627 2.42143 7.96099 1.56476 
150 4374 6.84874 1.17467 4.45985 1.1052 
150 4375 10.7074 10.9614 4.2049 7.30236 
150 4376 5.10939 7.74763 4.82304 10.6539 
150 4377 5.14393 4.23396 7.40291 10.0603 
150 4378 4.7468 9.30123 5.02966 4.08666 
150 4379 6.2098 0.704005 6.99639 6.09774 
150 4380 9.0137 11.9137 9.37322 3.57728 
150 4381 7.36861 6.56402 3.86665 3.63003 
150 4382 1.93878 3.48526 9.12086 1.91069 
150 4383 2.45165 1.73671 2.68992 5.81442 
150 4384 10.1519 2.19336 11.1275 3.96945 
150 4385 5.32975 6.44131 2.19295 9.33769 
150 4386 10.9796 3.20232 7.40136 0.757227 
150 4387 8.91209 9.62443 6.50902 6.72861 
150 4388 9.95427 9.45773 3.96611 1.47315 
150 4389 4.63221 6.72602 9.83851 1.46136 
150 4390 3.59727 7.87853 2.7864 4.85106 
150 4391 11.3179 0.789886 4.78686 9.81748 
150 4392 7.97305 5.05612 7.8021 2.37311 
150 4393 6.3036 4.93326 5.01296 1.29093 
150 4394 6.1628 7.23035 6.17236 4.16215 
150 4395 6.17096 1.49079 4.41939 10.8444 
150 4396 5.4521 8.70201 11.0298 10.3488 
150 4397 9.58891 10.5315 10.2735 1.00088 
150 4398 1.67024 7.80621 4.48448 1.7878 
150 4399 2.29716 5.48548 5.38104 9.83047 
150 4400 4.80316 2.9435 4.72667 4.82479 
150 4401 7.31269 11.0011 6.19722 8.74436 
150 4402 2.64436 6.60376 5.74549 7.10804 
150 4403 1.62964 5.04893 2.0602 6.20453 
150 4404 2.81047 6.11639 3.45025 5.38695 
150 4405 5.01142 9.55036 6.03953 1.22611 
150 4406 0.730503 5.45226 2.92156 2.16363 
150 4407 0.633085 8.9883 7.36251 10.5991 
150 4408 6.60335 2.04938 4.09227 6.47858 
150 4409 6.09416 4.18882 3.65426 7.88929 
150 4410 11.293 3.60462 8.84967 1.33704 
150 4411 7.97078 5.15586 7.61749 5.76692 
150 4412 11.0449 5.7434 11.5902 10.5159 
150 4413 9.67141 0.612584 0.977823 9.89199 
150 4414 6.6708 3.71141 6.23805 2.05013 
150 4415 7.27896 7.3799 0.529664 2.4563 
150 4416 9.48656 10.7986 9.5739 10.731 
150 4417 4.52271 6.60483 4.97099 3.29585 
150 4418 9.75046 10.1583 4.38323 7.68477 
150 4419 2.72663 10.7569 1.04591 2.35087 
150 4420 1.46879 6.55097 1.00001 9.7667 
150 4421 6.1596 1.27911 2.15383 7.58857 
150 4422 10.1535 9.70076 10.2257 6.1156 
150 4423 6.00032 4.87481 2.02336 9.16477 
150 4424 4.09566 10.0542 8.44326 3.17708 
150 4425 6.54147 9.03273 6.13698 9.5919 
150 4426 6.28047 4.346 0.339958 4.6555 
150 4427 10.1576 7.39456 6.69855 10.6019 
150 4428 2.42936 1.73395 8.6383 8.04309 
150 4429 8.89475 11.064 5.41812 3.56378 
150 4430 4.09144 9.23896 8.04455 3.10563 
150 4431 8.7238 9.87839 7.82392 7.13268 
150 4432 3.25411 5.05383 8.95233 2.66198 
150 4433 8.31475 9.17367 0.860348 4.24307 
150 4434 1.12581 0.844643 2.50383 1.29952 
150 4435 7.92644 4.45268 5.27974 4.87701 
150 4436 6.99371 1.17633 2.60277 8.857 
150 4437 6.82915 1.69662 0.998498 5.03134 
150 4438 4.95739 3.81585 3.02379 3.49644 
150 4439 1.22539 0.912325 3.51321 9.7892 
150 4440 11.022 7.5016 2.90619 8.72579 
150 4441 4.74519 9.17623 7.82928 6.53578 
150 4442 11.1244 10.6524 1.34332 2.39301 
150 4443 4.24821 6.28629 6.36743 4.07422 
150 4444 2.56139 3.89059 1.9745 9.37928 
150 4445 0.888572 3.06754 8.88378 6.18069 
150 4446 10.2754 2.21637 3.39123 6.40417 
150 4447 2.21252 2.96014 4.96877 6.71688 
150 4448 8.53959 7.67435 3.97107 2.52902 
150 4449 10.6508 6.40439 3.49451 10.4634 
150 4450 5.14731 4.62146 5.71251 3.64045 
150 4451 10.8313 8.58923 7.11752 7.80548 
150 4452 6.47489 4.11337 0.625714 7.13167 
150 4453 0.612877 9.62635 8.63992 11.0436 
150 4454 5.73746 5.88016 4.84436 1.92388 
150 4455 8.78679 10.4755 8.45488 6.88884 
150 4456 1.25011 2.22885 7.10962 6.2149 
150 4457 2.49311 4.48804 4.3721 6.13095 
150 4458 9.25729 6.04185 4.22784 2.84494 
150 4459 3.75153 5.30821 10.7762 10.9504 
150 4460 8.22211 0.834297 1.55019 3.84927 
150 4461 9.42981 10.3135 2.39238 10.1534 
150 4462 5.39888 2.55778 10.6522 1.45256 
150 4463 6.66776 8.33601 3.17625 2.50596 
150 4464 5.23277 3.90674 7.89193 6.12016 
150 4465 9.15585 7.54197 8.02336 6.1928 
150 4466 1.77715 1.14798 4.99279 10.555 
150 4467 5.98133 4.14471 4.34518 8.79904 
150 4468 9.66342 5.54404 0.722946 3.75947 
150 4469 9.417 9.14068 1.15643 2.46354 
150 4470 0.846744 0.77639 9.52267 2.41445 
150 4471 9.1284 5.92005 4.09222 2.43838 
150 4472 9.57518 5.98216 4.61364 7.92409 
150 4473 2.19678 0.544786 7.3445 9.82063 
150 4474 0.519395 6.51245 9.01508 1.28847 
150 4475 10.4003 9.78185 10.6484 9.66115 
150 4476 7.90705 5.64259 1.65974 5.18181 
150 4477 4.39389 1.35169 2.42927 9.19814 
150 4478 3.31018 0.875088 0.345482 4.76475 
150 4479 1.546 9.43465 3.15393 11.2489 
150 4480 4.17628 6.19019 0.780165 5.3296 
150 4481 6.93604 4.03594 9.71859 2.7073 
150 4482 10.816 3.5198 9.63872 8.6397 
150 4483 10.6876 3.85842 1.09097 7.32914 
150 4484 9.04312 8.30393 6.75234 6.67979 
150 4485 3.91863 9.39258 5.99042 10.78 
150 4486 4.13137 0.637817 5.46145 5.17684 
150 4487 9.49265 9.10261 0.774511 8.59035 
150 4488 9.86296 0.823389 8.49069 0.750451 
150 4489 10.5463 7.45643 2.95223 8.58764 
150 4490 9.60413 6.79095 0.390967 4.19547 
150 4491 8.99179 8.31535 6.7116 6.6518 
150 4492 3.31206 1.2817 2.24451 6.3024 
150 4493 5.34889 1.50871 5.4002 3.81945 
150 4494 2.25926 6.54834 9.19165 6.24029 
150 4495 4.39883 4.74154 7.96381 9.23714 
150 4496 11.0638 6.28342 8.75706 10.8916 
150 4497 7.47349 6.09601 7.03586 1.60879 
150 4498 0.696627 3.97614 5.07071 9.33547 
150 4499 10.6761 5.19088 11.099 3.90413 
150 4500 1.32519 7.49918 3.51593 5.30636 
150 4501 9.24742 9.75585 3.95395 7.08162 
150 4502 4.90755 3.3182 5.99535 3.83114 
150 4503 1.01081 4.0056 0.457232 1.47501 
150 4504 4.31371 5.05646 10.2632 0.837892 
150 4505 9.83584 1.38227 1.00546 5.62284 
150 4506 4.89856 1.46364 9.79607 9.59905 
150 4507 6.13828 8.97882 0.711876 6.98447 
150 4508 5.27713 10.5873 8.11215 7.81477 
150 4509 9.94305 0.786322 8.40482 8.65 
150 4510 8.93397 4.47664 6.1335 9.33093 
150 4511 3.58829 2.44225 4.79867 6.87442 
150 4512 6.67691 9.40207 8.6859 11.1072 
150 4513 10.4934 6.0109 4.74321 8.94873 
150 4514 6.2735 3.01831 6.96289 6.71754 
150 4515 5.72479 2.91146 3.27215 5.61689 
150 4516 0.996811 5.64816 8.0424 3.71282 
150 4517 5.93872 6.18666 6.80562 9.21769 
150 4518 4.79752 1.65554 6.55213 7.9514 
150 4519 3.83921 4.80496 4.62663 9.42022 
150 4520 3.07748 7.98884 8.67666 1.198 
150 4521 6.78525 7.72552 5.65429 2.3886 
150 4522 10.8323 6.96609 4.09786 1.0427 
150 4523 8.93629 7.16706 6.61116 4.08899 
150 4524 1.0034 3.99884 2.50215 1.50016 
150 4525 3.98331 11.3843 9.13938 9.88251 
150 4526 1.37838 10.7468 5.87392 11.0562 
150 4527 4.19285 4.12488 9.76896 6.39996 
150 4528 5.65336 1.33795 3.90949 2.84633 
150 4529 10.7593 9.07743 9.64865 3.76307 
150 4530 4.70082 2.41229 9.95142 8.57117 
150 4531 5.26007 5.39823 7.01923 10.8628 
150 4532 4.20624 4.19158 0.249582 3.45157 
150 4533 4.71661 5.44593 1.7857 10.2257 
150 4534 3.39369 1.61398 9.42813 2.54971 
150 4535 5.30247 2.97058 8.03511 6.61887 
150 4536 9.12707 0.702454 3.26024 3.03215 
150 4537 3.59925 0.955944 5.90848 2.61554 
150 4538 10.0636 6.25865 4.66613 8.30204 
150 4539 6.20696 11.2666 8.00278 5.01725 
150 4540 3.84652 3.82681 2.49157 3.15654 
150 4541 7.66578 2.50095 6.66061 5.42588 
150 4542 2.12027 11.4819 7.936 2.1625 
150 4543 1.82687 10.7493 3.93285 5.99354 
150 4544 11.615 7.07908 9.6707 8.521 
150 4545 3.4562 10.2485 11.3011 1.71904 
150 4546 5.69038 4.19645 9.66637 6.84488 
150 4547 9.02623 1.22658 5.13497 8.13082 
150 4548 10.647 7.11393 4.27372 7.95742 
150 4549 3.48398 11.5588 7.33806 0.95346 
150 4550 10.4473 3.9981 3.75811 7.57158 
150 4551 9.45711 1.71785 2.18673 9.02688 
150 4552 8.62694 11.2841 0.607927 1.13449 
150 4553 10.8338 11.5122 1.97419 10.7459 
150 4554 9.38336 6.68328 10.9441 1.47502 
150 4555 2.35026 4.49543 9.16932 2.13503 
150 4556 5.8812 8.21707 3.69095 8.60647 
150 4557 8.66373 11.5764 9.02395 3.53111 
150 4558 9.56343 7.01509 10.0487 3.05679 
150 4559 8.93043 6.92935 10.5444 11.7419 
150 4560 1.13425 5.68708 11.2083 5.70383 
150 4561 12.0626 7.57664 10.8495 4.13582 
150 4562 9.77179 10.6802 5.90126 11.0301 
150 4563 9.51613 10.0697 7.43273 3.81006 
150 4564 7.5039 11.4913 6.00404 10.6675 
150 4565 4.96798 9.40365 1.91909 9.58257 
150 4566 10.2475 1.10185 0.456934 2.48507 
150 4567 0.91518 4.23043 2.5294 1.50234 
150 4568 5.06857 2.18734 7.85799 5.53226 
150 4569 3.00222 3.54647 9.064 1.95738 
150 4570 1.39898 4.72116 6.16714 4.90675 
150 4571 6.9592 2.95068 2.82475 3.84238 
150 4572 7.56672 9.08394 3.09727 8.23487 
150 4573 1.00861 4.00624 0.457885 1.47338 
150 4574 10.6255 0.55089 3.92162 5.95411 
150 4575 11.3545 5.34169 8.34937 5.3088 
150 4576 0.795543 11.6556 10.2149 4.75915 
150 4577 2.75061 2.63339 5.61795 8.83378 
150 4578 4.80139 0.971902 2.88391 7.34504 
150 4579 9.6069 6.49725 11.3287 1.04208 
150 4580 9.24619 8.89947 8.42029 11.524 
150 4581 7.43722 7.94938 0.622536 2.17266 
150 4582 4.15499 4.35762 6.17835 3.7264 
150 4583 2.28333 9.95098 3.44798 3.7176 
150 4584 4.63899 1.11275 3.56379 3.1882 
150 4585 10.1579 8.90902 11.4362 4.44699 
150 4586 4.18451 8.91691 11.814 8.04141 
150 4587 9.90715 6.45514 8.74026 6.80772 
150 4588 3.6052 4.76021 0.480332 3.97504 
150 4589 8.45606 8.11117 4.82104 1.73627 
150 4590 6.5076 1.25145 9.75457 8.00255 
150 4591 6.08867 1.63632 6.01034 10.7328 
150 4592 8.78326 9.85644 0.700292 7.94414 
150 4593 2.82368 6.45787 5.42305 6.65081 
150 4594 9.43959 0.322162 8.77303 6.60253 
150 4595 6.43671 6.26753 7.59075 3.6899 
150 4596 7.03214 8.69179 2.92907 4.86145 
150 4597 5.11267 6.82461 10.9519 10.4832 
150 4598 2.72322 8.90438 1.60037 8.61205 
150 4599 6.05596 8.50243 6.9693 3.10274 
150 4600 7.09159 3.48047 9.82003 9.00526 
150 4601 9.42816 11.2094 9.41953 7.1764 
150 4602 11.3098 7.17555 3.00553 11.6936 
150 4603 8.89539 5.04027 8.46831 5.20765 
150 4604 1.9373 9.50733 2.03397 1.08126 
150 4605 6.24715 7.59286 5.46053 7.98801 
150 4606 5.99536 8.7555 10.6863 5.16757 
150 4607 10.7454 7.6039 7.26667 5.33787 
150 4608 9.26148 0.683037 8.85726 1.64465 
150 4609 11.8562 1.39543 8.42566 5.24763 
150 4610 8.40247 5.9959 4.48397 5.89649 
150 4611 9.73768 3.31432 3.44562 6.50317 
150 4612 0.888839 4.63063 2.57639 1.53156 
150 4613 1.94607 7.95765 3.56958 1.98103 
150 4614 11.0765 2.19285 6.10282 11.174 
150 4615 3.83104 7.85372 11.0893 8.21153 
150 4616 2.69341 2.48127 9.87761 2.87067 
150 4617 4.63941 1.9848 7.8605 7.51776 
150 4618 6.77984 8.68941 7.5989 0.776073 
150 4619 10.9565 10.2533 1.83414 6.91189 
150 4620 10.8961 9.75079 8.07482 7.35837 
150 4621 1.05518 0.856772 2.44571 1.33083 
150 4622 8.746 4.10739 5.57571 1.74031 
150 4623 11.8351 11.9624 10.0124 9.11671 
150 4624 3.15298 4.1428 5.38581 5.81897 
150 4625 4.64088 9.01598 7.90229 6.45116 
150 4626 5.00423 3.76324 0.517701 3.97434 
150 4627 8.40969 8.54786 5.76811 6.68869 
150 4628 7.16686 3.32263 8.61183 8.40807 
150 4629 8.82669 11.5009 4.91781 6.99088 
150 4630 9.35374 10.9309 2.19415 9.72275 
150 4631 10.7231 6.57094 0.61267 8.63887 
150 4632 4.66989 6.1659 8.44553 8.23996 
150 4633 3.10826 5.29379 9.0842 7.45524 
150 4634 8.37623 10.1499 7.99811 10.8639 
150 4635 2.59401 1.46082 6.44788 8.82102 
150 4636 10.3339 9.203 7.26232 8.12659 
150 4637 3.2261 11.1114 9.16443 1.45236 
150 4638 6.05678 4.7925 4.72668 10.3979 
150 4639 6.63461 4.9658 7.15699 8.8126 
150 4640 9.99201 4.76534 0.964878 2.33685 
150 4641 9.96966 9.80636 4.17083 2.73826 
150 4642 3.46633 5.0363 0.57492 4.05757 
150 4643 7.62079 1.46541 7.94157 1.48087 
150 4644 11.245 9.30711 9.39364 9.62215 
150 4645 10.1923 0.655769 9.50967 9.34385 
150 4646 1.04477 3.22394 8.32653 5.80088 
150 4647 7.2535 4.64473 3.55148 1.97541 
150 4648 3.30078 11.1108 8.2869 9.36429 
150 4649 2.71741 0.837986 10.0484 11.4131 
150 4650 7.26264 5.33089 3.63469 9.00413 
150 4651 3.07888 6.43237 4.97958 6.8266 
150 4652 5.23917 3.64054 3.74364 7.87591 
150 4653 9.56392 3.96908 6.45421 10.549 
150 4654 6.41602 7.81738 5.54103 8.35746 
150 4655 7.92906 4.7091 8.82457 11.0453 
150 4656 3.00835 5.55868 2.97143 4.67731 
150 4657 6.82451 1.97739 4.88752 7.67924 
150 4658 1.18462 3.91179 0.463449 1.83357 
150 4659 4.75364 6.40698 10.0527 8.62363 
150 4660 3.65758 4.0575 3.80681 7.50159 
150 4661 6.49421 5.23853 7.206 7.13103 
150 4662 6.76452 6.3952 3.9427 3.467 
150 4663 5.10986 2.83527 8.02798 6.97473 
150 4664 8.14557 11.7885 6.32484 9.62157 
150 4665 7.42518 6.4808 0.69811 8.32231 
150 4666 2.68644 7.23023 6.71242 1.06607 
150 4667 2.20849 5.91669 10.6855 11.7944 
150 4668 4.49094 9.22484 8.491 5.4678 
150 4669 7.97909 4.14086 2.1266 4.86051 
150 4670 3.99973 1.17049 2.31855 7.20408 
150 4671 2.38737 5.35276 9.06094 5.06772 
150 4672 5.26454 11.1337 8.64087 8.03606 
150 4673 10.7279 9.95522 11.4608 8.11914 
150 4674 5.73779 5.98476 10.0998 2.02672 
150 4675 0.979788 4.05116 2.41482 3.18454 
150 4676 1.11053 9.33161 4.98048 9.73351 
150 4677 7.03898 5.63444 9.68594 5.25323 
150 4678 6.66989 11.8553 7.67654 3.43066 
150 4679 11.1909 6.30228 3.22816 11.2314 
150 4680 10.3462 1.14925 7.08512 9.60357 
150 4681 9.96842 6.18263 6.76023 9.23256 
150 4682 6.83545 10.6479 0.664151 7.58932 
150 4683 2.89063 7.91926 5.5659 4.64727 
150 4684 0.896087 11.0459 8.14902 2.45062 
150 4685 10.8183 0.739828 7.04086 0.741698 
150 4686 6.17511 3.50495 10.1066 5.76891 
150 4687 2.35547 2.72085 5.03923 1.31568 
150 4688 2.92639 1.45369 4.81231 5.34505 
150 4689 0.943203 6.78566 9.77234 8.30964 
150 4690 6.92673 4.79385 9.25483 8.39925 
150 4691 1.19133 9.88276 6.54865 1.99059 
150 4692 3.81542 11.1543 9.11638 9.87381 
150 4693 11.2148 11.4863 9.86846 5.03339 
150 4694 8.04522 3.34092 5.89641 11.0417 
150 4695 4.92709 0.587655 5.75994 1.16398 
150 4696 7.3227 0.950707 0.956341 8.60657 
150 4697 6.74891 10.0042 0.584437 7.63704 
150 4698 3.99834 4.92764 9.82337 10.5034 
150 4699 3.56038 0.78685 5.86566 2.47679 
150 4700 9.88389 4.75927 10.519 4.22619 
150 4701 4.0225 3.76548 2.69638 2.75425 
150 4702 6.76561 9.54895 6.78036 10.9382 
150 4703 3.11257 2.59256 5.471 0.590061 
150 4704 8.03129 6.64517 3.60352 3.94868 
150 4705 6.06449 9.75282 5.23861 4.31277 
150 4706 1.44555 4.44835 2.44313 1.02289 
150 4707 10.068 9.75349 1.34833 2.75255 
150 4708 8.40057 6.10449 0.85707 2.23414 
150 4709 10.259 5.55517 8.1564 11.2569 
150 4710 8.61063 2.81519 10.479 7.30094 
150 4711 4.16533 0.853737 0.600448 3.2992 
150 4712 6.16035 4.63331 0.625142 6.84741 
150 4713 9.88353 0.486611 10.1867 7.04752 
150 4714 10.9873 8.27209 6.9321 9.65304 
150 4715 4.52184 4.02423 2.72499 3.4912 
150 4716 9.76275 2.73866 9.33019 3.74568 
150 4717 2.9733 5.40632 2.99615 4.50248 
150 4718 9.02632 7.77462 1.08508 7.7913 
150 4719 8.05578 1.61161 4.58856 8.84806 
150 4720 1.17863 10.0579 5.06555 10.4715 
150 4721 10.0236 3.82394 1.53654 5.10013 
150 4722 11.7335 8.4216 2.78757 10.9701 
150 4723 5.46917 9.6622 2.02048 9.98084 
150 4724 6.97391 5.79907 0.926642 8.6815 
150 4725 1.18018 9.51355 8.5021 3.30942 
150 4726 1.37632 2.62063 10.83 2.63505 
150 4727 4.51692 9.42102 0.84789 11.2774 
150 4728 8.6997 5.57005 4.02842 2.01343 
150 4729 4.60144 7.29412 6.4591 9.12402 
150 4730 8.48062 3.14442 8.45566 2.67732 
150 4731 1.42193 5.31394 1.74576 6.9044 
150 4732 11.5181 9.42972 11.5272 5.09097 
150 4733 1.19458 2.89729 7.84892 1.8265 
150 4734 4.95439 3.59374 4.54479 9.01899 
150 4735 5.78347 5.9522 3.80598 3.19507 
150 4736 6.72823 8.64134 11.1278 10.1219 
150 4737 9.19355 11.2631 8.83445 6.67363 
150 4738 2.46305 0.473386 7.80988 9.90195 
150 4739 5.57272 10.1574 11.1075 11.5181 
150 4740 1.35103 4.45035 4.42926 2.07354 
150 4741 7.07791 8.42465 4.15195 1.73052 
150 4742 0.49885 4.36783 4.99247 6.00499 
150 4743 4.21799 8.43177 5.46508 9.17913 
150 4744 0.821532 11.4654 7.88136 8.61852 
150 4745 10.4736 10.3851 3.98312 2.07404 
150 4746 10.783 0.958243 4.43034 9.58943 
150 4747 4.37461 4.3391 10.145 6.08368 
150 4748 8.76467 4.13617 2.70328 5.31731 
150 4749 1.83875 1.47407 5.88957 6.2396 
150 4750 4.88258 6.15382 7.82014 8.02996 
150 4751 3.45686 1.18679 0.514181 7.71352 
150 4752 0.737046 7.74664 5.63734 5.40497 
150 4753 1.00575 4.00642 0.459205 1.47059 
150 4754 4.14949 5.577 3.74215 4.39851 
150 4755 9.69774 3.79185 4.4217 7.78539 
150 4756 1.0855 6.0964 8.25254 8.05245 
150 4757 7.80578 8.15156 3.72187 6.79249 
150 4758 3.9121 0.766092 2.97569 10.7476 
150 4759 8.08018 3.97423 7.84053 2.67073 
150 4760 6.5388 9.29811 7.91888 3.07845 
150 4761 0.92719 9.85336 8.54717 0.963446 
150 4762 8.84638 1.5952 3.87443 8.46347 
150 4763 5.46206 2.86498 9.60452 0.910061 
150 4764 8.60603 1.06959 8.79562 11.6376 
150 4765 9.31278 7.20606 6.90557 7.49068 
150 4766 1.11429 4.32695 6.50806 8.50677 
150 4767 2.16204 9.49919 5.89569 1.98079 
150 4768 6.5789 2.22102 4.86587 7.35966 
150 4769 6.84086 8.13549 3.24115 4.91902 
150 4770 10.0868 6.70442 6.38638 9.88543 
150 4771 2.81515 5.33112 10.4507 11.2847 
150 4772 5.52151 1.60861 5.29383 10.0641 
150 4773 3.57621 10.5165 6.15093 4.27965 
150 4774 8.9265 7.33547 7.79701 5.90528 
150 4775 4.55357 3.95665 8.25882 5.61405 
150 4776 5.71062 8.20971 2.02401 5.90604 
150 4777 5.49848 9.3221 4.75747 10.6069 
150 4778 4.08775 10.971 8.85908 6.03926 
150 4779 10.7501 1.28103 0.782563 11.7128 
150 4780 8.84969 6.49675 10.3937 1.32122 
150 4781 11.5288 10.0001 5.56906 3.84073 
150 4782 5.02442 1.99026 9.42131 9.14718 
150 4783 3.63459 1.11066 2.51079 3.31272 
150 4784 9.60746 10.7458 5.23692 9.12504 
150 4785 8.68193 9.46394 7.19553 6.73017 
150 4786 9.15051 11.15 7.11374 8.40948 
150 4787 7.34975 2.02973 8.37912 10.4709 
150 4788 3.38927 1.20754 0.418722 7.3194 
150 4789 11.6609 12.0949 11.0694 4.99718 
150 4790 7.17246 3.30667 8.33136 6.68451 
150 4791 4.09054 6.15018 3.43181 6.55937 
150 4792 5.67767 8.09553 5.05394 7.54506 
150 4793 7.51246 6.37408 7.93315 10.4533 
150 4794 0.712474 9.89133 6.69303 6.67453 
150 4795 10.4142 10.2508 0.767319 7.25385 
150 4796 10.9072 1.798 3.07565 6.26395 
150 4797 7.22259 8.79089 10.0067 3.6811 
150 4798 11.64 8.21111 9.23392 9.97522 
150 4799 1.95758 1.59293 3.97216 1.45123 
150 4800 5.17521 4.53659 3.94851 11.0125 
150 4801 5.43446 0.747194 4.5943 4.60878 
150 4802 8.72278 0.751231 7.22638 3.67433 
150 4803 5.08976 9.67777 9.71811 10.6528 
150 4804 4.47926 1.72448 4.57709 10.5032 
150 4805 10.2817 8.80772 8.26894 4.74255 
150 4806 11.4729 0.374874 7.93015 2.78457 
150 4807 7.6116 1.68289 9.72121 1.95466 
150 4808 1.6592 1.78422 6.18968 6.17602 
150 4809 8.06861 0.731224 5.59373 5.21109 
150 4810 7.61969 2.08216 8.6101 11.078 
150 4811 4.6063 7.57306 4.25702 8.59031 
150 4812 3.98489 8.5643 3.14892 7.04071 
150 4813 5.84294 5.51153 6.74404 5.76322 
150 4814 5.98482 4.45301 1.50755 7.93908 
150 4815 6.0612 6.4028 9.10043 2.02793 
150 4816 8.489 10.7396 7.70677 11.5198 
150 4817 4.91512 1.58377 4.83473 11.2642 
150 4818 9.39614 8.41192 5.13962 3.67344 
150 4819 10.2725 9.74248 6.56809 2.29707 
150 4820 0.655429 3.28651 10.2164 7.0434 
150 4821 10.4034 6.69875 6.67827 10.3378 
150 4822 9.8028 10.0272 7.877 9.6966 
150 4823 10.9966 10.53 6.23183 2.4165 
150 4824 5.02958 6.05765 2.22924 8.76914 
150 4825 7.80217 1.88224 8.68753 11.3078 
150 4826 10.9191 8.55417 8.88894 9.23172 
150 4827 5.88316 4.16978 0.76062 6.76364 
150 4828 1.35554 5.9286 8.58462 11.3039 
150 4829 6.0754 4.46189 4.69594 9.16106 
150 4830 8.53198 11.2492 2.34848 8.27132 
150 4831 6.31321 7.97634 9.67953 9.25145 
150 4832 3.59476 0.700063 5.82417 4.77173 
150 4833 7.85679 10.0524 4.38365 6.8689 
150 4834 7.59676 7.41158 10.4891 8.2162 
150 4835 10.9869 11.0739 4.00237 1.44639 
150 4836 11.6096 6.8449 6.58972 11.2479 
150 4837 11.2641 11.2624 9.48258 3.45897 
150 4838 5.25444 0.439588 10.0228 4.51771 
150 4839 7.20384 3.64082 2.82904 5.00025 
150 4840 10.1362 4.58851 9.97956 5.86095 
150 4841 3.41082 7.60855 2.72427 4.13021 
150 4842 3.73686 1.15982 0.67651 8.75138 
150 4843 7.23707 9.4043 4.18421 1.91036 
150 4844 5.06344 10.0757 1.24134 11.7406 
150 4845 4.25174 4.26648 2.78953 3.48711 
150 4846 5.44906 2.12738 7.14132 8.31592 
150 4847 1.12209 4.2554 2.05704 9.51291 
150 4848 7.76209 5.82657 11.2164 5.22866 
150 4849 2.90205 1.29246 2.51404 5.64812 
150 4850 9.69531 2.99082 4.68468 10.4095 
150 4851 6.77982 8.68939 7.5989 0.776082 
150 4852 3.36666 7.64159 0.962509 5.83507 
150 4853 1.22558 8.76653 2.64669 2.21395 
150 4854 0.503884 9.59853 3.97099 5.94999 
150 4855 3.38767 6.09052 4.01991 4.68127 
150 4856 10.9283 4.58145 3.30404 2.63485 
150 4857 0.915447 5.45588 3.54446 3.27051 
150 4858 3.96069 7.97343 3.3694 10.0208 
150 4859 11.0775 10.462 6.29532 2.01331 
150 4860 2.02027 5.67887 0.939533 8.77413 
150 4861 4.89636 4.80138 10.6944 10.6739 
150 4862 7.60601 3.82026 4.81931 4.94293 
150 4863 4.2591 4.68323 9.11831 9.57036 
150 4864 4.09553 1.52761 5.87023 10.2073 
150 4865 1.66239 9.47063 3.5561 4.53306 
150 4866 0.884485 0.951434 2.35357 1.33041 
150 4867 6.27696 9.11247 7.14927 2.77072 
150 4868 9.54926 9.29529 0.692122 8.76817 
150 4869 6.91987 5.76086 2.78619 9.38045 
150 4870 1.94846 6.74894 2.94369 1.13392 
150 4871 6.23948 7.67404 9.84591 5.42587 
150 4872 8.50564 10.6517 3.62204 4.67659 
150 4873 9.14535 1.413 8.60367 4.61521 
150 4874 8.5413 7.74647 10.5651 9.44187 
150 4875 4.85469 7.28608 6.45897 7.70879 
150 4876 10.4253 7.56091 6.238 11.2511 
150 4877 6.73096 8.1854 9.33831 3.4422 
150 4878 10.0313 1.93205 4.61311 10.7694 
150 4879 9.036 8.85347 4.18265 11.2999 
150 4880 7.95337 1.72435 3.93159 1.81133 
150 4881 8.92209 8.42941 11.1204 10.7916 
150 4882 3.26638 9.76321 8.94905 1.35771 
150 4883 4.86876 3.60099 10.6708 9.95641 
150 4884 4.51472 11.3936 9.39392 5.82811 
150 4885 7.40929 7.50302 3.14774 11.0656 
150 4886 3.48716 7.23327 10.3883 6.18732 
150 4887 10.0176 9.01906 6.68638 2.00913 
150 4888 4.7196 6.37564 7.39143 7.50537 
150 4889 1.78737 7.04082 8.02929 10.2999 
150 4890 5.78761 10.0981 1.84811 5.24492 
150 4891 9.08511 5.65252 9.08832 8.5922 
150 4892 5.0408 6.81891 1.97453 5.6887 
150 4893 9.32946 4.5244 6.02594 1.8077 
150 4894 7.34773 11.7098 7.24282 11.3285 
150 4895 3.11679 7.80182 1.02763 7.51139 
150 4896 3.02825 1.77804 3.84583 9.26143 
150 4897 9.12749 5.5879 9.0431 8.91681 
150 4898 3.97213 9.50442 8.53435 1.25255 
150 4899 3.38661 6.08175 9.70674 2.38766 
150 4900 7.45337 6.61006 8.66952 6.81265 
150 4901 5.84546 8.55373 2.00451 5.89906 
150 4902 8.71519 8.88081 5.9539 6.66115 
150 4903 0.870583 0.952507 2.34494 1.34762 
150 4904 8.86209 1.42813 6.25019 7.32842 
150 4905 6.62678 4.88089 10.1403 5.07636 
150 4906 7.32699 2.08962 1.0809 6.06444 
150 4907 8.11638 6.2366 8.26709 10.9677 
150 4908 0.97962 5.43141 3.6259 0.80321 
150 4909 3.85726 0.596847 6.26951 6.15284 
150 4910 3.6343 6.05517 2.24414 4.13798 
150 4911 2.28482 10.4875 2.05282 10.6644 
150 4912 5.68484 7.94887 0.623795 6.2004 
150 4913 5.7887 5.66316 0.789292 3.71527 
150 4914 7.65637 1.98316 8.56293 11.0005 
150 4915 7.16633 1.04553 8.74634 2.9154 
150 4916 6.95106 8.7042 7.94921 6.11169 
150 4917 8.28231 9.26723 6.62598 1.7797 
150 4918 4.52688 3.56617 0.401804 2.4097 
150 4919 2.02105 3.07758 10.7057 1.95324 
150 4920 4.55747 6.2379 7.61419 0.659004 
150 4921 1.04932 2.11603 8.72457 8.18772 
150 4922 3.70185 7.04414 6.15978 5.70451 
150 4923 7.90332 10.0572 2.11556 8.21927 
150 4924 7.59012 11.559 6.68387 10.7279 
150 4925 2.31728 3.02457 4.93981 1.27743 
150 4926 4.47079 5.57008 2.24185 1.65193 
150 4927 7.85703 7.45674 1.10996 2.86808 
150 4928 2.39061 3.78686 7.34732 2.20214 
150 4929 5.82835 5.83662 10.4526 4.059 
150 4930 6.28731 0.588119 3.57359 8.52381 
150 4931 11.1109 5.02661 5.31399 1.30556 
150 4932 9.68518 1.38831 0.678654 1.99066 
150 4933 9.03196 6.86713 9.56535 3.31671 
150 4934 1.10837 10.7988 2.99198 3.27729 
150 4935 1.09458 10.3021 0.721524 3.078 
150 4936 7.76933 3.22473 5.98991 2.97086 
150 4937 8.25146 0.801826 5.54536 4.70818 
150 4938 6.62126 3.92897 6.82026 1.56388 
150 4939 8.31092 2.07389 2.60717 2.99189 
150 4940 9.82285 8.97108 10.4148 6.60597 
150 4941 9.33493 7.72981 3.71543 5.29419 
150 4942 3.60313 1.13012 2.51735 3.31535 
150 4943 1.19304 4.25538 6.82917 8.98389 
150 4944 0.875589 8.70513 5.56701 9.53767 
150 4945 2.64599 7.19063 8.21317 9.90921 
150 4946 10.3501 3.97933 5.59423 2.74805 
150 4947 0.593296 2.6746 4.74612 3.30775 
150 4948 11.6543 4.37077 10.8616 3.25843 
150 4949 6.93909 4.84449 8.71554 7.80992 
150 4950 5.93307 5.95667 5.20948 1.73606 
150 4951 4.54907 3.37191 3.51271 4.24875 
150 4952 4.5593 10.5373 3.312 8.16655 
150 4953 1.20889 6.60388 1.04069 10.057 
150 4954 4.49908 1.31103 2.43725 10.098 
150 4955 3.10144 1.17901 2.87925 7.94061 
150 4956 11.1045 3.58519 1.42488 5.74041 
150 4957 1.95389 3.94268 7.72408 1.79398 
150 4958 10.5042 3.17132 8.86822 7.88678 
150 4959 0.695627 2.71737 1.21104 4.38833 
150 4960 7.03156 9.97877 7.51618 6.80529 
150 4961 4.20286 4.19011 0.244106 3.45549 
150 4962 4.46018 6.69235 2.99326 2.49867 
150 4963 9.85899 6.24501 10.3774 9.49173 
150 4964 2.29288 6.06376 9.68478 4.64789 
150 4965 3.81746 1.1115 0.294984 6.81176 
150 4966 5.349 8.92013 4.57112 10.2977 
150 4967 9.92465 5.74724 5.09712 10.9048 
150 4968 4.26962 6.05592 0.482309 3.188 
150 4969 5.27366 0.783346 4.51001 4.05981 
150 4970 7.89981 3.08158 5.92368 5.41688 
150 4971 3.16678 0.417175 8.32169 5.20904 
150 4972 5.75379 1.78989 3.98203 10.4192 
150 4973 3.06952 4.41384 5.66276 6.95563 
150 4974 6.69952 5.83496 6.6049 11.3795 
150 4975 10.8793 6.65279 11.1709 9.96746 
150 4976 8.22557 10.4265 0.714486 2.02598 
150 4977 5.77545 1.01917 4.50221 2.98857 
150 4978 8.72886 6.56313 2.17298 0.775533 
150 4979 5.91221 5.90385 4.98407 1.74966 
150 4980 8.04535 4.84316 6.41125 10.5049 
150 4981 2.13642 6.00976 0.895658 8.81644 
150 4982 1.083 3.32413 7.94292 5.44191 
150 4983 2.70088 7.54212 3.32014 10.327 
150 4984 2.26196 9.7144 6.36857 7.24689 
150 4985 3.98469 0.942544 3.33855 3.33127 
150 4986 1.26328 2.02579 7.89969 7.58448 
150 4987 8.10352 2.20422 8.24232 5.0721 
150 4988 0.865507 8.1675 2.79449 2.27355 
150 4989 3.54918 10.2179 10.9081 11.1889 
150 4990 1.25896 7.05209 3.95373 3.00201 
150 4991 10.1907 6.07274 2.86878 5.59104 
150 4992 10.1501 3.839 7.40476 4.20541 
150 4993 4.2809 1.41874 11.2766 0.836658 
150 4994 8.06552 7.62218 8.42427 5.11746 
150 4995 4.61481 0.511911 8.4705 4.01681 
150 4996 8.66615 6.68629 6.82413 7.46633 
150 4997 11.0096 0.845963 5.95957 0.972764 
150 4998 3.70112 3.7335 3.02368 6.90048 
150 4999 3.79852 1.07211 2.18941 3.37513 
150 5000 4.81567 8.84627 1.18329 3.58079 
150 5001 4.33151 0.971143 3.4488 3.25831 
150 5002 3.79657 0.797429 0.362921 6.06426 
150 5003 1.38264 5.05526 4.88218 4.33243 
150 5004 5.02946 0.754543 0.625841 4.43861 
150 5005 6.63479 0.77221 6.19479 9.6851 
150 5006 4.49889 4.95946 6.19708 8.55384 
150 5007 5.09767 0.952535 0.678248 4.41408 
150 5008 6.40638 7.0433 3.10529 4.87892 
150 5009 8.9933 8.31462 6.71231 6.65374 
150 5010 3.08325 1.39667 2.79915 8.56323 
150 5011 5.15019 8.47922 8.65739 0.432459 
150 5012 4.14871 8.93236 5.77162 9.95404 
150 5013 4.1661 6.0233 3.06466 6.62287 
150 5014 10.9554 9.76739 11.1875 11.6042 
150 5015 4.50948 5.76986 4.19355 10.4708 
150 5016 3.40247 1.15146 4.28672 4.88533 
150 5017 8.06803 5.47705 1.64344 5.221 
150 5018 5.73937 8.24707 3.97589 0.962754 
150 5019 10.9592 6.66775 6.78511 10.4182 
150 5020 4.16676 0.822759 7.32187 2.53316 
150 5021 1.22811 6.12359 3.53472 11.1638 
150 5022 4.52188 2.39487 9.79139 8.63391 
150 5023 8.8776 7.93041 2.17735 5.82615 
150 5024 9.68802 6.47575 10.9515 1.38659 
150 5025 5.26923 5.74944 2.28808 10.6442 
150 5026 2.68169 11.5036 6.29076 8.45932 
150 5027 5.55839 1.33899 5.41266 4.13827 
150 5028 8.84217 4.29014 5.81083 8.91865 
150 5029 8.1275 8.70394 3.60215 7.01324 
150 5030 0.421553 7.30101 9.54269 2.02223 
150 5031 10.4225 6.02005 8.20591 10.511 
150 5032 10.6534 2.05957 6.03815 10.9862 
150 5033 6.83968 7.70992 9.81571 5.50591 
150 5034 6.399 10.7866 2.32048 2.50401 
150 5035 6.50888 7.89719 5.74393 8.50587 
150 5036 5.3962 5.88449 2.23744 8.35496 
150 5037 4.2644 4.55118 8.56136 9.38931 
150 5038 0.982778 1.50964 0.899174 10.8379 
150 5039 5.80426 8.32102 4.02305 0.896571 
150 5040 11.1179 4.91624 10.3442 0.914421 
150 5041 6.02871 3.57654 4.82289 2.90239 
150 5042 8.9598 1.64233 8.50044 4.28532 
150 5043 9.87183 9.12981 7.61053 10.0717 
150 5044 2.68072 7.20384 6.59536 0.982403 
150 5045 1.1322 10.5949 10.4835 7.38396 
150 5046 10.1663 6.24085 0.821909 6.04347 
150 5047 3.21514 9.23732 0.774458 8.6651 
150 5048 8.64429 11.3187 2.19551 2.69724 
150 5049 9.90148 8.97012 10.3432 6.41232 
150 5050 10.063 2.20384 10.8748 3.9502 
150 5051 11.2081 7.47856 2.47579 9.18744 
150 5052 8.19579 2.59969 4.85952 8.07416 
150 5053 1.19729 4.24551 8.34281 5.73091 
150 5054 9.17078 4.18471 0.563518 6.45514 
150 5055 9.20804 1.32265 9.18491 4.89152 
150 5056 6.71366 1.46201 7.36698 3.9211 
150 5057 4.15995 6.90844 11.4215 8.76472 
150 5058 8.20503 5.82999 0.339062 3.55523 
150 5059 6.40841 7.80751 5.83723 2.64435 
150 5060 4.94983 11.3114 5.52703 5.71188 
150 5061 9.74765 8.90178 6.59829 2.05813 
150 5062 1.52959 6.53957 8.65727 9.42591 
150 5063 0.797923 1.11623 2.50315 1.40312 
150 5064 7.75915 6.4137 6.2509 6.98499 
150 5065 7.47938 0.579923 4.32533 9.92527 
150 5066 0.714622 10.767 2.28477 5.24286 
150 5067 2.21088 3.33636 2.89923 5.43109 
150 5068 2.3164 8.62548 5.34417 1.1726 
150 5069 1.38167 0.887571 7.58544 2.39611 
150 5070 1.74702 0.575505 5.75479 7.81138 
150 5071 2.42045 4.9515 8.68652 4.4428 
150 5072 10.3249 10.7233 11.6645 6.03382 
150 5073 5.10707 10.0451 10.6521 4.89832 
150 5074 8.67826 1.13871 5.04175 5.28495 
150 5075 4.31545 8.41951 10.9415 0.694525 
150 5076 10.9408 0.384182 7.47414 0.729035 
150 5077 1.18318 4.79106 8.95824 6.39414 
150 5078 4.5992 9.2326 3.23464 1.88557 
150 5079 3.07945 6.57672 5.40906 6.94016 
150 5080 11.0308 0.831933 7.76837 10.4384 
150 5081 9.98439 6.40749 4.34027 2.95345 
150 5082 2.04218 3.95785 6.53996 1.26957 
150 5083 5.81993 2.79866 2.07402 1.62587 
150 5084 6.88756 4.4228 7.17233 8.15599 
150 5085 2.9817 5.10942 9.13509 7.00391 
150 5086 9.31414 5.81119 3.89269 1.41738 
150 5087 7.57276 8.66223 2.07359 7.60423 
150 5088 10.0062 9.3512 6.5942 2.16246 
150 5089 10.2847 4.38884 5.18888 1.40651 
150 5090 8.90272 0.960248 1.84782 8.60789 
150 5091 9.37265 8.86537 9.70513 5.21501 
150 5092 1.17548 5.3396 6.66406 3.31113 
150 5093 4.94747 10.207 6.08962 1.61508 
150 5094 6.32138 9.5473 7.63307 2.57549 
150 5095 1.47614 4.80588 8.15726 5.70631 
150 5096 2.04388 9.02497 8.34956 8.19412 
150 5097 3.13043 1.80987 3.07949 3.99994 
150 5098 9.12398 5.35602 2.54592 1.83513 
150 5099 8.90893 6.24736 0.956485 5.74552 
150 5100 6.71035 8.44252 3.7657 10.1656 
150 5101 6.15222 5.24964 6.90173 6.78965 
150 5102 9.07824 9.62773 9.00121 9.87077 
150 5103 3.02313 0.530095 9.64243 11.5732 
150 5104 9.01645 7.38954 7.8857 5.93619 
150 5105 4.04291 0.510232 4.72556 7.34097 
150 5106 0.813337 2.68317 3.44471 3.8145 
150 5107 8.5806 4.20982 8.76529 2.61661 
150 5108 11.9784 7.94511 7.65136 1.11754 
150 5109 1.00892 4.55488 8.1935 8.42782 
150 5110 8.5748 10.7593 2.39949 10.8412 
150 5111 11.5438 0.932043 10.3703 4.12783 
150 5112 1.25959 0.877063 2.65327 1.2573 
150 5113 1.69173 8.48038 7.74626 7.73089 
150 5114 9.33968 6.63933 0.733284 1.27786 
150 5115 9.8034 4.13258 3.12969 5.18069 
150 5116 0.486021 11.7345 11.176 1.95516 
150 5117 9.32466 3.23974 4.1517 6.20597 
150 5118 2.96094 6.59281 5.15419 7.01311 
150 5119 7.30136 10.1406 5.21314 4.13354 
150 5120 0.816671 8.72133 3.57318 7.74311 
150 5121 0.579797 6.69787 9.61873 4.40088 
150 5122 1.28377 10.2578 5.24273 1.65605 
150 5123 2.43815 8.95909 10.9349 9.54218 
150 5124 3.18182 10.757 10.2558 1.42608 
150 5125 1.2292 4.96913 6.56399 3.18285 
150 5126 6.17071 7.06068 4.15496 7.28311 
150 5127 6.32829 10.1787 11.4352 1.40116 
150 5128 2.20632 8.84371 3.71465 1.9038 
150 5129 5.04533 1.68617 6.37491 2.07759 
150 5130 1.4018 1.07061 1.07667 9.00631 
150 5131 4.01386 0.57908 6.77753 6.7431 
150 5132 6.50821 1.65087 7.73254 6.84191 
150 5133 11.5697 11.4678 10.4032 5.09268 
150 5134 1.00066 3.99594 2.50337 1.50009 
150 5135 9.01795 6.55781 1.55366 10.3194 
150 5136 4.10145 11.1295 6.98362 4.34621 
150 5137 3.04901 2.66755 5.16601 7.73369 
150 5138 7.94515 1.08257 0.5856 1.18348 
150 5139 6.73618 8.28325 3.31373 2.39351 
150 5140 4.15049 10.461 8.7044 3.28416 
150 5141 3.69024 1.02929 2.81474 3.45655 
150 5142 6.15243 10.6326 11.0097 8.31963 
150 5143 4.51315 6.77948 7.38361 4.28286 
150 5144 7.00798 10.0534 7.52981 7.43795 
150 5145 1.17043 6.86887 4.08867 3.00811 
150 5146 8.82618 11.7258 10.1987 4.69325 
150 5147 7.76739 1.07413 5.10531 6.81131 
150 5148 6.70862 8.85529 4.16712 10.8383 
150 5149 11.5509 7.92046 9.69784 10.1649 
150 5150 0.934674 4.03756 7.90735 10.4722 
150 5151 9.58118 10.3225 2.90413 5.5073 
150 5152 7.77155 5.83324 0.36246 3.6477 
150 5153 1.79196 11.4762 6.85482 9.84908 
150 5154 9.97758 0.625325 9.09391 1.75114 
150 5155 2.53009 8.57101 2.53236 8.34879 
150 5156 5.84503 5.92767 2.88054 4.43616 
150 5157 7.38237 6.61026 4.04449 3.54414 
150 5158 9.26749 7.14114 3.40839 7.26107 
150 5159 5.31764 5.75717 2.37928 8.2244 
150 5160 5.29897 7.01622 0.657269 5.65107 
150 5161 2.5916 1.70255 4.15889 5.6648 
150 5162 2.21889 6.75305 7.60517 9.8378 
150 5163 5.36943 5.16551 6.73005 10.2074 
150 5164 5.30698 8.82825 3.81979 3.17587 
150 5165 4.09171 2.49531 5.17413 7.61306 
150 5166 7.47152 2.31655 4.89138 7.61204 
150 5167 2.3985 4.62235 4.25021 6.28484 
150 5168 7.76758 9.87732 2.00821 8.19286 
150 5169 5.95789 0.899124 2.31318 3.59038 
150 5170 7.61202 5.80622 1.29128 10.8888 
150 5171 9.82647 3.25322 4.09984 4.22111 
150 5172 5.73827 8.11732 2.09131 5.64607 
150 5173 5.32218 1.03623 1.30437 6.28428 
150 5174 3.90681 6.02824 3.47173 4.94638 
150 5175 5.00133 3.38142 2.23878 2.0883 
150 5176 1.44273 9.74579 9.01255 2.44363 
150 5177 8.96089 8.08134 4.56574 10.1307 
150 5178 1.00827 0.914399 10.164 5.20767 
150 5179 3.43035 4.04986 4.06518 8.55834 
150 5180 6.69808 11.5411 3.1189 10.8527 
150 5181 7.75836 4.88058 6.59457 11.0102 
150 5182 10.9796 5.55819 11.0092 6.06559 
150 5183 6.78509 6.31707 0.899539 3.24484 
150 5184 10.5084 10.7103 4.86323 8.30856 
150 5185 0.952644 9.81273 5.75988 2.07597 
150 5186 9.60584 11.7907 2.26425 2.4259 
150 5187 3.79725 1.01424 3.77921 4.0942 
150 5188 0.645071 7.75801 9.31909 7.62154 
150 5189 6.7148 11.0929 1.39974 5.99239 
150 5190 4.74345 6.51706 5.72344 6.30009 
150 5191 7.93114 7.51553 9.07935 7.35556 
150 5192 0.998758 3.99425 2.49754 1.50023 
150 5193 1.14471 4.71184 9.73067 5.28155 
150 5194 4.38032 5.54412 0.594946 2.82804 
150 5195 6.71396 5.99851 0.819265 3.16567 
150 5196 9.3619 9.08292 9.77769 5.2181 
150 5197 8.79171 5.67187 5.39958 7.7693 
150 5198 1.39671 0.658961 2.44305 8.94911 
150 5199 2.36446 4.92765 4.32152 8.73269 
150 5200 7.97705 3.67459 10.5322 3.2108 
150 5201 1.36176 4.54197 6.90214 5.18678 
150 5202 9.89347 9.00879 1.98567 6.58469 
150 5203 9.8303 1.44541 7.48006 7.98075 
150 5204 10.8651 0.615002 0.872855 4.01462 
150 5205 5.61822 5.69628 4.57645 2.05002 
150 5206 1.71379 7.86044 5.3724 8.40199 
150 5207 1.32009 4.75858 4.88152 2.36345 
150 5208 6.965 10.6335 6.55269 8.60233 
150 5209 3.7699 8.5046 7.20549 8.03228 
150 5210 0.637733 9.24987 8.22241 10.6349 
150 5211 10.952 5.30776 1.18102 6.06396 
150 5212 11.2637 0.838025 8.82077 0.745163 
150 5213 2.75442 3.70912 0.844199 7.05431 
150 5214 4.88699 0.980039 4.14135 2.47095 
150 5215 4.83423 9.52366 4.07247 5.2179 
150 5216 3.80518 3.69113 2.46867 6.36756 
150 5217 1.78995 4.1661 9.2991 1.979 
150 5218 2.91856 6.74894 5.70194 7.25785 
150 5219 0.564142 7.38689 2.21413 4.57214 
150 5220 1.51924 5.08816 5.27142 2.59276 
150 5221 2.65482 1.57573 10.3885 1.19147 
150 5222 2.72199 9.37658 1.18413 6.50187 
150 5223 7.30628 0.710404 0.928862 6.21812 
150 5224 10.2725 9.20332 2.69639 11.3381 
150 5225 2.2176 0.628592 7.07857 9.48233 
150 5226 6.99744 7.23633 0.599838 2.66936 
150 5227 3.60711 8.34993 2.00951 11.035 
150 5228 2.70358 7.41232 3.37662 10.056 
150 5229 3.81036 7.46083 0.949819 5.80963 
150 5230 6.73293 8.39042 6.02585 8.95625 
150 5231 7.86104 1.02469 4.57583 6.76766 
150 5232 10.5633 1.10812 1.04768 6.26226 
150 5233 7.06769 3.0642 11.354 8.90859 
150 5234 10.566 0.676288 9.39364 9.10249 
150 5235 9.46482 6.03835 7.95567 6.19698 
150 5236 7.36667 5.41311 5.87449 11.2719 
150 5237 2.41323 1.34887 10.8128 2.85614 
150 5238 8.51705 6.58048 0.640149 11.1582 
150 5239 8.10182 9.66132 0.787115 2.13356 
150 5240 10.2814 3.30738 3.31889 6.45223 
150 5241 10.9915 3.48218 3.26205 5.01839 
150 5242 8.76754 6.47606 1.09764 2.167 
150 5243 1.59514 4.48206 2.07208 7.91806 
150 5244 8.77659 7.15027 3.47864 4.93561 
150 5245 2.81911 2.05096 2.87217 10.0864 
150 5246 9.22305 2.13627 10.5699 11.5648 
150 5247 6.81822 0.533881 7.00583 6.77793 
150 5248 9.65275 9.60263 7.43295 8.66255 
150 5249 5.56153 4.27445 2.36085 3.53589 
150 5250 5.53877 10.3802 11.1767 5.71166 
150 5251 1.85964 2.9544 9.47537 4.9374 
150 5252 3.98939 6.11717 5.01823 5.41153 
150 5253 9.20725 7.9363 4.21253 2.40694 
150 5254 4.2641 3.61637 2.44474 2.47271 
150 5255 9.11355 8.13128 2.1268 6.25836 
150 5256 0.953422 8.77041 9.46077 8.24128 
150 5257 7.32429 6.26041 0.617817 1.76135 
150 5258 4.02784 11.0389 0.682489 1.59073 
150 5259 2.23268 5.54643 5.69515 10.334 
150 5260 1.16392 5.04109 4.26192 9.56725 
150 5261 1.48315 7.6658 0.557709 1.48107 
150 5262 6.08863 6.65715 0.820301 3.5706 
150 5263 10.5679 8.44816 4.60783 1.3051 
150 5264 11.5552 3.17166 7.57893 6.47089 
150 5265 8.825 3.32929 6.27601 7.18182 
150 5266 8.6043 1.53052 7.25662 4.41293 
150 5267 6.12318 8.15326 2.66342 6.80953 
150 5268 2.22216 7.50312 5.56552 8.17933 
150 5269 10.2595 0.62935 9.51031 4.76831 
150 5270 7.12553 4.38775 3.39728 2.24249 
150 5271 2.2419 6.33362 2.09126 2.09228 
150 5272 8.99358 4.7238 2.8356 1.60271 
150 5273 6.63335 9.47611 7.85507 3.12279 
150 5274 11.2467 4.0069 7.99304 1.10845 
150 5275 7.35383 11.1487 6.96801 8.88691 
150 5276 1.83154 6.36594 6.00737 1.08171 
150 5277 7.87085 10.1972 5.34054 9.10903 
150 5278 2.35252 7.90066 10.4663 4.54808 
150 5279 10.3522 7.15508 11.1515 2.6879 
150 5280 10.7442 3.20715 3.35879 6.57442 
150 5281 5.14382 6.33075 4.13837 11.1023 
150 5282 4.82859 5.48129 0.682249 1.90455 
150 5283 4.71192 7.76263 8.66019 1.02812 
150 5284 3.55025 8.52787 1.03207 5.98292 
150 5285 2.92431 5.41194 3.24461 4.24731 
150 5286 8.38918 9.39583 3.79538 1.63042 
150 5287 4.16294 4.23953 2.79836 3.64492 
150 5288 11.1745 1.896 4.06196 6.33017 
150 5289 6.73456 3.48468 5.32118 1.49001 
150 5290 8.68382 11.4328 0.72051 2.82109 
150 5291 1.21546 4.41296 2.96939 1.00116 
150 5292 7.49445 11.3988 5.6437 10.1847 
150 5293 0.949999 4.48429 8.5913 8.56602 
150 5294 1.45136 0.977303 5.02463 10.6751 
150 5295 9.04759 9.42015 8.88844 9.43715 
150 5296 4.273 1.72154 2.66355 11.129 
150 5297 5.36278 1.67157 5.69542 3.65215 
150 5298 8.83159 1.72026 10.421 11.2319 
150 5299 6.52217 9.2255 10.4467 9.09664 
150 5300 8.88696 10.4032 1.92462 9.60752 
150 5301 3.1372 9.41092 0.74741 8.86446 
150 5302 3.64081 11.5368 9.19882 1.64479 
150 5303 7.93044 6.37253 10.2846 7.87292 
150 5304 1.90083 6.79124 6.98565 2.29305 
150 5305 3.75285 8.12567 4.46527 11.2255 
150 5306 9.70579 10.8411 5.24667 9.33091 
150 5307 1.97207 9.78557 5.8914 4.78316 
150 5308 8.51233 2.56533 8.22144 11.4608 
150 5309 0.67235 2.26436 3.42934 9.91261 
150 5310 3.63982 0.833094 0.452953 4.48273 
150 5311 1.06774 4.86755 0.828115 2.5852 
150 5312 6.77224 3.77143 5.43827 4.28603 
150 5313 10.1734 5.91796 4.62377 8.39748 
150 5314 9.01014 3.92411 1.41449 5.52321 
150 5315 2.37468 2.29543 10.2071 10.503 
150 5316 4.90718 7.7081 4.46373 9.70167 
150 5317 10.3811 1.69835 8.19757 8.2604 
150 5318 2.67889 9.35304 1.7943 9.10171 
150 5319 9.49362 3.70983 7.75776 4.59593 
150 5320 6.67384 8.59148 8.45799 10.7471 
150 5321 8.37688 6.9344 2.05439 5.70891 
150 5322 11.3821 3.9275 11.6602 7.6192 
150 5323 5.93137 4.82668 0.849816 8.49155 
150 5324 0.669902 11.0242 7.29044 4.83318 
150 5325 1.93246 5.39489 0.988996 9.37038 
150 5326 9.29511 4.04862 7.34715 6.26758 
150 5327 1.05647 4.0301 2.89203 1.63645 
150 5328 2.49961 1.42041 0.643594 8.37662 
150 5329 3.814 3.99373 8.59415 9.71049 
150 5330 7.09652 3.96563 5.67891 5.29768 
150 5331 8.04883 1.87451 3.42227 7.70646 
150 5332 0.568293 6.01963 7.02485 2.0715 
150 5333 10.3181 8.91209 0.583748 2.38206 
150 5334 6.67257 3.37889 7.83014 7.48821 
150 5335 6.58297 6.58778 3.89918 3.23918 
150 5336 8.45648 10.5642 0.518219 1.49372 
150 5337 8.8367 3.08249 4.8499 8.98766 
150 5338 7.23361 10.5197 4.86887 3.92799 
150 5339 11.7266 7.76312 5.731 5.89322 
150 5340 2.72496 1.51148 7.9964 7.0941 
150 5341 5.0875 3.50762 3.4283 1.42018 
150 5342 5.48325 1.20257 1.63324 6.84812 
150 5343 2.33754 6.69143 10.0483 11.4356 
150 5344 11.6887 5.30479 6.48697 7.7561 
150 5345 8.23384 11.818 5.99904 9.34865 
150 5346 4.86088 9.77469 1.09648 11.5019 
150 5347 1.76784 1.19782 5.27333 8.43895 
150 5348 3.64809 7.88364 11.2012 8.19326 
150 5349 10.6979 3.92218 3.13234 10.7075 
150 5350 10.5836 5.61433 6.77274 1.93856 
150 5351 5.75512 5.52008 2.78713 4.49577 
150 5352 3.8778 3.772 2.52224 3.05723 
150 5353 10.5957 3.5332 9.9532 8.7164 
150 5354 1.08036 5.9005 8.22877 8.13385 
150 5355 2.67721 7.34029 5.30703 4.87999 
150 5356 9.70795 6.09439 7.72315 10.2854 
150 5357 8.61806 5.63048 3.45079 9.41957 
150 5358 10.4894 10.3418 5.99116 10.6467 
150 5359 9.77049 2.15168 10.4413 3.84934 
150 5360 4.78188 7.54165 3.35193 8.63948 
150 5361 10.715 8.89384 5.97023 6.32212 
150 5362 8.49536 7.9546 2.96832 9.8106 
150 5363 4.04197 9.16883 9.02766 2.5895 
150 5364 9.23409 0.830039 5.51559 7.63822 
150 5365 5.53359 9.41947 10.5578 10.3202 
150 5366 1.5144 4.66556 9.97238 10.903 
150 5367 0.806625 8.2827 1.73853 5.72625 
150 5368 4.9168 11.9112 9.43163 8.81308 
150 5369 7.15199 3.95346 4.59367 10.7201 
150 5370 11.7539 7.49208 9.86421 9.1108 
150 5371 11.0915 1.17247 6.22126 9.07973 
150 5372 1.93775 1.18884 10.0405 6.89143 
150 5373 4.23343 4.22325 5.14046 4.45758 
150 5374 3.05141 3.98727 10.3092 4.04514 
150 5375 6.23587 2.54047 3.49086 5.77519 
150 5376 1.45722 3.31554 3.08375 2.50715 
150 5377 5.74855 1.79521 3.96997 10.4346 
150 5378 2.95208 6.83778 8.11631 3.48822 
150 5379 7.42967 9.4698 6.52172 3.60455 
150 5380 4.29843 1.17917 10.5753 7.29069 
150 5381 4.29526 10.5704 8.54643 6.52441 
150 5382 8.77488 7.14485 4.27981 4.07622 
150 5383 3.70848 8.28205 3.43468 3.78432 
150 5384 4.807 1.20968 1.89993 3.87985 
150 5385 3.72987 3.88878 3.21187 7.03734 
150 5386 6.14289 7.1481 4.60771 7.18559 
150 5387 5.8489 0.871755 10.7335 8.89264 
150 5388 1.47294 9.89299 12.0401 10.9862 
150 5389 9.06924 6.72957 0.867457 6.02722 
150 5390 8.90846 5.54612 4.1115 1.67868 
150 5391 8.33457 9.54288 10.7923 3.55725 
150 5392 9.63419 0.72616 2.26727 7.99961 
150 5393 11.0246 6.2874 3.27693 5.3916 
150 5394 7.4738 8.53375 0.797032 6.57161 
150 5395 3.91058 11.6377 10.7295 10.6496 
150 5396 3.80502 10.5099 10.2988 7.42086 
150 5397 0.806391 11.0858 7.55424 4.29282 
150 5398 10.2571 1.33641 4.33896 3.12286 
150 5399 4.26264 10.0505 10.9751 8.45665 
150 5400 11.1146 1.02793 4.72348 10.1101 
150 5401 1.33266 3.8976 9.36015 9.30979 
150 5402 1.20462 4.94616 4.33956 9.51887 
150 5403 10.7661 3.45429 9.21492 8.329 
150 5404 8.37313 2.73623 4.73498 8.38617 
150 5405 7.23604 1.50732 7.71269 1.46372 
150 5406 7.25911 1.12351 4.52845 6.63299 
150 5407 4.16437 4.23928 2.79711 3.64366 
150 5408 4.62701 8.49799 8.28288 4.92312 
150 5409 0.936375 1.72418 8.48712 6.32961 
150 5410 6.38059 7.82673 10.0269 5.45755 
150 5411 10.7279 2.46854 2.33291 3.09966 
150 5412 5.10721 1.04651 5.83746 6.44863 
150 5413 7.71505 2.36794 8.66318 4.23732 
150 5414 8.22875 1.10564 10.2973 2.47273 
150 5415 4.49077 7.86699 4.75314 3.61561 
150 5416 11.541 8.52462 3.08873 11.2824 
150 5417 8.96792 0.942954 1.57105 4.18514 
150 5418 7.89784 11.1873 4.29239 3.47287 
150 5419 1.62759 10.9709 5.42278 1.4079 
150 5420 0.911802 5.85356 8.34517 7.96883 
150 5421 8.29374 6.68979 5.53266 5.19718 
150 5422 0.978246 10.8689 7.13336 6.98298 
150 5423 7.18859 7.00575 4.01349 3.136 
150 5424 3.91977 1.55275 6.6404 2.20562 
150 5425 2.55123 7.99869 0.561874 4.19211 
150 5426 2.50415 9.71202 2.03322 9.31491 
150 5427 8.80511 0.982897 5.81448 4.61529 
150 5428 7.12842 3.46803 5.65335 4.43637 
150 5429 2.69711 7.43304 9.8203 4.68718 
150 5430 6.4458 11.636 6.06083 7.77112 
150 5431 6.94566 9.54719 4.6191 11.155 
150 5432 5.85944 1.4024 6.01614 3.64342 
150 5433 8.63855 1.33626 7.07627 4.70005 
150 5434 9.64734 9.59952 4.11943 2.80052 
150 5435 4.92558 9.08788 5.96087 1.2348 
150 5436 6.91246 6.25947 5.29711 10.3278 
150 5437 1.86754 9.32967 3.38315 3.7656 
150 5438 9.33911 4.40188 5.76886 4.73689 
150 5439 8.40962 10.2726 10.593 3.33377 
150 5440 10.7466 5.98069 4.85229 3.04751 
150 5441 6.62204 1.51523 7.17604 11.4157 
150 5442 4.80986 11.3575 2.52163 9.80843 
150 5443 3.25193 9.02857 11.744 10.6717 
150 5444 2.7054 11.2535 2.89637 0.795355 
150 5445 8.91067 0.791443 2.53243 7.80012 
150 5446 4.33977 3.5953 6.31593 1.83547 
150 5447 1.02376 4.81405 2.89674 1.03921 
150 5448 5.3597 8.02646 3.8397 1.0234 
150 5449 4.21954 4.8244 4.94306 3.93102 
150 5450 11.5245 8.50707 6.96356 3.59109 
150 5451 10.1214 1.4426 7.8601 8.23715 
150 5452 1.93103 5.64976 7.69639 5.43738 
150 5453 6.64499 5.38169 1.981 10.8477 
150 5454 9.03457 4.22619 6.45453 9.79736 
150 5455 8.43242 10.67 5.13107 3.96948 
150 5456 1.54845 3.11007 8.30235 5.74764 
150 5457 7.58612 2.46439 4.76826 7.6735 
150 5458 10.1887 0.566855 6.46863 4.3879 
150 5459 1.40502 7.61937 0.970419 3.30779 
150 5460 3.69894 7.696 3.1548 3.58529 
150 5461 7.20199 5.58682 3.59338 5.80841 
150 5462 2.47479 10.3293 9.14061 11.2035 
150 5463 4.55918 3.96186 8.2566 5.62094 
150 5464 5.56891 5.36075 6.28652 7.28173 
150 5465 3.27325 9.51069 4.74979 7.10164 
150 5466 4.26264 4.56534 10.9895 5.9992 
150 5467 1.33276 0.870417 3.55131 9.75062 
150 5468 3.52919 7.65189 2.13966 10.6216 
150 5469 6.4137 12.2855 10.5923 8.83735 
150 5470 4.63879 9.202 8.19115 6.66836 
150 5471 5.78265 5.23424 6.46586 6.51378 
150 5472 4.69078 6.98425 3.35038 6.23134 
150 5473 4.64633 1.53474 4.31487 9.21329 
150 5474 6.47886 4.23105 8.77228 2.93463 
150 5475 9.04457 1.36366 0.720518 2.32987 
150 5476 4.17486 2.72504 6.79773 9.35728 
150 5477 3.65238 0.886993 5.42214 2.71572 
150 5478 9.5965 10.0489 9.46429 10.5238 
150 5479 8.03698 10.302 5.90498 2.07207 
150 5480 5.2776 3.19101 3.26388 5.13016 
150 5481 5.04179 6.9416 8.53022 5.3239 
150 5482 8.82539 7.86055 1.52047 2.68494 
150 5483 3.63135 3.59973 2.52626 5.87231 
150 5484 0.811108 4.96657 4.63646 8.40107 
150 5485 5.24375 6.4814 10.5459 9.16758 
150 5486 8.78742 3.27676 3.31595 5.76296 
150 5487 2.94326 7.77447 1.21008 7.58367 
150 5488 6.23739 5.4335 7.56751 5.25425 
150 5489 11.2985 6.44676 9.43024 4.31252 
150 5490 7.67903 1.00539 5.31976 4.87837 
150 5491 9.21461 3.15923 0.7442 8.72309 
150 5492 1.05849 0.854478 2.44721 1.33036 
150 5493 1.17935 0.99276 3.53777 9.55977 
150 5494 9.78388 7.60572 3.74109 11.6653 
150 5495 9.22747 5.86747 2.24563 4.72922 
150 5496 5.86239 10.5317 7.39088 4.68459 
150 5497 10.517 0.860993 1.78809 1.2659 
150 5498 6.62338 6.04853 6.91931 4.19961 
150 5499 4.26465 7.87832 7.69296 4.52405 
150 5500 3.04779 8.66796 5.53621 3.9374 
150 5501 4.50351 4.98107 6.65676 8.79264 
150 5502 10.7375 0.588269 7.68192 3.0494 
150 5503 2.37503 5.03387 6.07843 6.01742 
150 5504 9.77005 8.30474 5.29917 9.04017 
150 5505 3.23064 6.71264 4.62024 10.1098 
150 5506 7.4667 0.883765 2.70778 10.2226 
150 5507 4.15609 4.38658 10.1474 6.50884 
150 5508 7.86915 10.0876 4.53458 6.81049 
150 5509 3.03591 1.07831 2.63293 7.36619 
150 5510 8.44492 11.0383 11.1478 3.4288 
150 5511 9.99116 0.915891 3.66846 8.75722 
150 5512 9.01916 8.4309 0.889277 2.29957 
150 5513 8.35231 4.95137 5.18239 4.8872 
150 5514 0.964074 2.95822 3.66113 4.17166 
150 5515 6.54155 8.22377 6.25039 2.93081 
150 5516 7.39482 11.8194 9.5047 9.99496 
150 5517 6.54531 7.04916 5.86129 4.06757 
150 5518 6.03232 1.07125 1.99339 3.95398 
150 5519 1.45576 6.28672 8.14971 9.946 
150 5520 2.90563 7.83899 4.93282 11.1192 
150 5521 7.81226 5.41719 9.9042 8.33988 
150 5522 6.79335 3.07116 2.66416 3.43663 
150 5523 10.5129 2.09426 0.496492 1.59322 
150 5524 7.22566 4.2357 5.22577 4.41235 
150 5525 10.9985 5.27265 2.28193 1.07162 
150 5526 6.00891 4.19311 11.012 7.10942 
150 5527 8.91411 6.64222 0.873159 5.81234 
150 5528 3.93807 0.605582 10.9339 11.6478 
150 5529 4.48683 10.1233 8.66243 0.958186 
150 5530 7.16602 4.16036 8.43795 1.13868 
150 5531 6.37584 9.23714 7.18873 2.88466 
150 5532 8.02918 0.882066 1.07035 7.0957 
150 5533 6.26598 3.51591 7.98989 1.58814 
150 5534 0.949941 7.65266 2.33384 4.27852 
150 5535 4.46711 3.29292 3.58606 3.40364 
150 5536 7.90287 4.84343 7.62337 2.70006 
150 5537 9.22745 10.0394 9.27316 10.0616 
150 5538 3.16314 6.29126 4.33468 4.65593 
150 5539 10.5362 1.34331 1.21975 6.1501 
150 5540 1.89861 3.85238 8.61544 2.00285 
150 5541 5.83042 6.07706 3.25318 2.84275 
150 5542 9.56172 11.0495 6.9436 7.76413 
150 5543 1.4333 10.9921 4.90257 4.50722 
150 5544 9.76697 0.724222 6.17569 7.70793 
150 5545 6.29709 8.72259 0.584628 3.24542 
150 5546 10.0965 5.93683 6.42399 4.27603 
150 5547 7.22176 7.74434 4.45486 3.13519 
150 5548 5.73727 3.50488 4.09037 1.50324 
150 5549 4.17522 3.27992 2.77309 6.84946 
150 5550 1.96255 4.7306 4.14384 8.38655 
150 5551 4.46598 7.40497 1.18239 3.13925 
150 5552 4.3385 6.52254 4.12601 3.18718 
150 5553 11.5025 11.1689 6.04036 10.7109 
150 5554 4.10805 6.88437 2.60631 4.69358 
150 5555 9.76896 8.1969 7.6622 4.68897 
150 5556 6.47324 8.20859 10.3858 9.64633 
150 5557 9.41291 2.57835 5.26805 9.57376 
150 5558 1.35482 4.78714 6.1396 4.88315 
150 5559 7.1094 8.7078 2.84078 9.76466 
150 5560 10.754 1.138 8.33018 10.4636 
150 5561 11.4243 3.13898 4.65116 9.56555 
150 5562 9.26057 6.95418 9.86853 3.18915 
150 5563 9.02874 0.595234 6.12548 4.63603 
150 5564 7.84786 6.10327 7.94358 10.7647 
150 5565 2.59941 2.14093 9.15397 3.05931 
150 5566 5.69351 11.2019 7.3741 7.3361 
150 5567 3.10698 4.37931 5.29777 6.05287 
150 5568 5.85701 6.7815 0.622512 10.2134 
150 5569 9.29366 4.06354 3.72597 2.41735 
150 5570 5.19945 0.966639 4.1402 3.70942 
150 5571 1.72441 5.79958 6.90561 8.95139 
150 5572 0.679675 3.58759 8.12626 2.67696 
150 5573 11.1142 0.827954 0.724915 11.6436 
150 5574 6.71756 3.87038 5.6465 4.13581 
150 5575 7.32336 6.41702 10.1853 5.7695 
150 5576 2.30588 11.4916 9.91768 6.35706 
150 5577 9.81247 0.843241 8.58126 4.18214 
150 5578 1.87763 8.63795 5.97459 9.49578 
150 5579 3.16573 8.86237 0.861509 9.00349 
150 5580 0.951746 5.20797 6.0394 5.14937 
150 5581 5.43035 7.19761 5.64219 6.51828 
150 5582 10.2051 7.06753 10.5786 10.7194 
150 5583 2.08202 5.12057 11.0347 9.52859 
150 5584 9.08023 9.59414 4.0267 7.38433 
150 5585 5.52384 8.59163 10.2117 1.36872 
150 5586 4.17491 6.44704 10.9517 2.50702 
150 5587 3.34632 1.2521 0.41316 7.48181 
150 5588 6.3589 6.33765 8.48517 6.54003 
150 5589 7.63494 3.28082 6.90825 1.12514 
150 5590 4.02069 0.736136 5.38837 5.07261 
150 5591 4.36944 4.74612 2.96049 3.26667 
150 5592 10.6389 3.50551 9.72691 8.67976 
150 5593 11.1272 9.45027 10.8846 9.94961 
150 5594 7.86522 5.49597 1.76832 5.12187 
150 5595 6.04494 0.772271 1.16551 5.82328 
150 5596 3.09344 4.70562 6.10464 4.93044 
150 5597 7.57996 3.95837 5.59722 5.63448 
150 5598 4.26817 4.30944 0.28366 3.47149 
150 5599 11.3121 10.2396 5.92582 3.14363 
150 5600 2.80804 8.86748 0.789389 6.36319 
150 5601 6.15504 4.84481 5.28935 9.2911 
150 5602 10.1887 6.08476 3.2904 10.3824 
150 5603 0.993993 11.6675 5.43421 8.92883 
150 5604 4.38679 6.39835 3.28623 5.94905 
150 5605 4.80682 3.28964 0.799651 7.1803 
150 5606 7.35893 7.89402 5.59202 2.1382 
150 5607 1.0576 10.444 10.2054 2.6335 
150 5608 7.30535 5.23324 3.56192 8.83007 
150 5609 10.325 9.13098 0.715313 9.22767 
150 5610 7.95957 3.85095 2.9732 5.2577 
150 5611 8.42588 2.22969 2.707 2.85145 
150 5612 9.01771 11.5149 2.19604 2.67873 
150 5613 7.455 10.0796 5.17744 4.17592 
150 5614 6.0572 10.0714 1.5933 6.25859 
150 5615 3.97001 11.0012 2.74576 5.49611 
150 5616 10.8023 6.50088 3.45679 10.6119 
150 5617 8.56625 4.70657 2.89823 1.77765 
150 5618 2.30626 5.6488 5.6114 10.4099 
150 5619 8.41559 2.92679 7.21515 11.0088 
150 5620 8.52731 9.04279 2.59184 5.30912 
150 5621 2.38821 6.874 4.07585 6.01912 
150 5622 0.682534 10.1359 0.901664 4.00978 
150 5623 11.6369 9.84604 9.90805 10.5693 
150 5624 4.12577 6.6137 3.74678 7.38826 
150 5625 4.97787 0.941555 8.09005 1.22868 
150 5626 5.55341 9.32051 6.08022 7.71649 
150 5627 6.2027 1.47794 6.71277 3.53648 
150 5628 5.57423 4.083 8.30827 6.29517 
150 5629 6.52769 8.79074 6.82821 6.13976 
150 5630 6.6163 7.92489 4.18028 1.7672 
150 5631 6.59215 7.48634 5.61259 5.30498 
150 5632 9.5613 9.74216 7.71351 9.05321 
150 5633 10.1728 11.4579 9.9599 10.211 
150 5634 4.85385 5.42275 1.91016 10.0594 
150 5635 2.21351 1.59451 2.23592 5.73753 
150 5636 6.45112 5.22881 6.12892 1.17644 
150 5637 6.15816 3.99548 1.98152 2.94287 
150 5638 4.74997 0.972992 2.7257 7.14132 
150 5639 8.31295 4.21519 5.46957 1.02813 
150 5640 1.38158 3.0083 8.52177 5.77593 
150 5641 8.26461 1.75882 9.47144 11.8539 
150 5642 6.57561 10.8968 9.4218 1.90254 
150 5643 1.64124 6.04132 7.56782 6.78284 
150 5644 5.39705 8.87018 3.42698 0.926922 
150 5645 5.81278 3.7061 2.85186 1.40101 
150 5646 10.2888 0.935853 7.05632 6.90114 
150 5647 4.48619 7.67965 7.58411 11.0581 
150 5648 10.6757 11.9024 10.8662 7.23424 
150 5649 1.37275 9.54424 1.1922 7.17208 
150 5650 2.73967 10.7707 9.70533 4.69361 
150 5651 11.0987 11.5503 6.21891 4.49853 
150 5652 3.62765 3.8797 4.82755 8.89468 
150 5653 1.66645 3.33349 4.18521 0.916881 
150 5654 8.74352 0.842248 8.50548 1.58672 
150 5655 1.43063 10.6589 7.22852 1.87752 
150 5656 10.8761 6.75869 3.10831 11.2822 
150 5657 10.3616 4.2836 2.67429 2.69566 
150 5658 9.09535 5.9562 5.91022 7.95453 
150 5659 11.754 7.4393 6.96691 3.43936 
150 5660 10.5456 0.572709 7.36066 1.51063 
150 5661 8.31715 0.675646 2.41333 7.63349 
150 5662 6.98284 4.90294 3.52453 8.4511 
150 5663 4.33607 11.0377 11.141 9.03571 
150 5664 1.14665 7.74817 3.34565 5.0846 
150 5665 5.09396 5.42732 7.77932 8.948 
150 5666 11.34 9.6921 11.5076 4.90276 
150 5667 5.16972 7.68951 8.2766 9.58997 
150 5668 1.71269 4.58569 10.5329 11.3691 
150 5669 5.58766 7.45964 0.785376 11.1601 
150 5670 1.22719 5.09478 8.23343 11.433 
150 5671 9.06658 2.33775 3.22213 4.29346 
150 5672 3.5307 6.40971 10.2793 2.75241 
150 5673 6.19674 7.28885 6.16313 11.6336 
150 5674 4.43186 5.89285 4.39213 4.40261 
150 5675 7.62551 2.80673 2.18222 9.34175 
150 5676 1.14562 5.7527 3.49856 0.743861 
150 5677 2.46622 5.40152 5.5124 9.78418 
150 5678 4.64768 9.20963 3.75056 2.26372 
150 5679 5.77658 2.22176 7.0065 8.84042 
150 5680 7.51451 5.77614 6.65889 3.27985 
150 5681 6.85186 1.30569 2.84312 1.73119 
150 5682 8.74958 1.76489 9.89016 11.2669 
150 5683 10.8342 0.943779 3.56192 11.6349 
150 5684 7.54532 1.32212 5.53972 4.60565 
150 5685 7.12385 1.1246 8.43067 4.74562 
150 5686 9.61877 8.02512 7.4657 4.60284 
150 5687 9.39442 8.84558 7.40659 1.16299 
150 5688 8.29087 3.46074 3.33306 5.55557 
150 5689 5.41966 11.0113 6.40538 7.49397 
150 5690 7.78466 4.99111 2.05322 6.35453 
150 5691 10.2919 4.34932 1.08432 2.07808 
150 5692 5.33052 6.86075 0.560449 6.17325 
150 5693 7.92952 8.90269 0.60128 1.82712 
150 5694 0.54212 3.73247 5.0725 9.29966 
150 5695 11.6441 6.92987 9.83316 3.95279 
150 5696 10.0608 8.0952 8.70116 8.3635 
150 5697 2.2438 8.55347 10.9173 9.62727 
150 5698 6.68001 6.26747 4.32697 6.13393 
150 5699 10.535 6.38154 3.2341 10.5202 
150 5700 7.64413 3.42116 5.82488 10.7065 
150 5701 6.82717 0.919793 11.2317 6.54179 
150 5702 2.65234 11.2959 9.58612 8.22962 
150 5703 7.07865 3.45464 10.9051 9.76623 
150 5704 5.35604 1.27286 1.61113 6.8874 
150 5705 9.66937 7.30749 6.54035 4.68213 
150 5706 2.65707 4.96087 5.84463 6.34749 
150 5707 6.40114 7.31266 5.23228 2.5405 
150 5708 4.90523 5.43844 1.94597 10.0765 
150 5709 5.24785 7.20054 11.0229 1.49687 
150 5710 6.87566 5.84721 4.27897 6.90965 
150 5711 7.4592 8.9258 6.02043 2.32615 
150 5712 11.4213 1.55642 3.89378 9.79916 
150 5713 9.14278 3.12852 9.30934 11.7569 
150 5714 8.64477 4.20732 0.599178 9.21597 
150 5715 6.26129 6.5581 0.515798 10.6233 
150 5716 11.7668 8.33619 4.88027 10.5071 
150 5717 4.94878 5.38682 2.00975 9.95952 
150 5718 3.79311 0.821107 0.733908 10.087 
150 5719 8.82311 1.2994 7.03144 4.31669 
150 5720 2.4805 5.226 6.53705 1.17476 
150 5721 7.61829 5.14398 5.70911 0.719689 
150 5722 3.36045 7.00069 8.94975 3.91398 
150 5723 6.17571 9.06889 4.07823 0.816164 
150 5724 5.93411 9.28195 11.5761 3.6288 
150 5725 7.54582 7.09272 8.33416 10.9256 
150 5726 7.12662 8.98478 4.29352 11.2684 
150 5727 8.79969 5.4305 3.82239 1.66804 
150 5728 10.243 10.4762 6.73013 1.81519 
150 5729 9.80278 7.52288 1.86164 8.08633 
150 5730 7.15569 10.7154 0.674495 8.16034 
150 5731 2.66806 5.04017 8.41464 3.94767 
150 5732 8.21581 8.563 7.96746 9.65325 
150 5733 4.55137 5.00791 2.849 5.23612 
150 5734 1.01438 7.92779 6.24152 11.0004 
150 5735 7.10882 3.89003 6.25679 11.4311 
150 5736 3.3325 6.8787 1.05455 6.52064 
150 5737 7.98725 2.68969 3.13533 3.88179 
150 5738 7.85032 5.56078 0.905886 10.552 
150 5739 4.31492 9.20849 3.65347 11.4165 
150 5740 1.49277 10.4361 3.88746 5.45144 
150 5741 9.51489 7.13965 0.724591 11.415 
150 5742 3.75481 0.986796 4.06253 4.28014 
150 5743 4.73014 5.49067 4.11463 1.9983 
150 5744 2.28449 0.491202 7.755 10.1165 
150 5745 2.32667 6.69846 8.63952 5.56027 
150 5746 10.8034 10.0328 4.67884 8.64281 
150 5747 3.33193 1.36682 2.72652 3.33726 
150 5748 2.01016 7.30943 3.23982 10.5019 
150 5749 2.24306 8.52269 4.76381 1.27055 
150 5750 10.0363 9.83928 6.55107 2.19662 
150 5751 10.6115 5.29484 9.16025 1.95523 
150 5752 5.40662 5.3465 5.32014 3.25855 
150 5753 6.12755 3.01869 6.69832 6.24101 
150 5754 7.02975 6.3262 8.48156 3.77671 
150 5755 9.16994 1.27608 7.10102 8.86428 
150 5756 7.69251 3.77074 3.213 5.41069 
150 5757 0.543884 8.23683 6.86395 9.92376 
150 5758 1.47283 2.29207 5.98189 0.742898 
150 5759 0.419429 10.1418 6.68347 4.61952 
150 5760 4.31094 6.99361 7.49296 4.65195 
150 5761 10.2778 9.83707 4.96639 11.0825 
150 5762 3.86921 3.78343 2.53007 3.09962 
150 5763 4.21962 5.26598 5.13194 5.80379 
150 5764 7.27053 8.36423 0.76115 3.49693 
150 5765 10.7512 9.00347 7.44476 1.62915 
150 5766 4.25281 7.15875 7.27784 4.29515 
150 5767 6.57434 7.96907 3.41116 5.10454 
150 5768 4.07909 0.849247 9.90767 8.05678 
150 5769 10.018 3.98829 7.23069 4.07363 
150 5770 6.82378 5.2444 9.7153 5.11041 
150 5771 8.86666 4.23976 0.449162 9.73119 
150 5772 2.25325 6.51449 2.03236 1.98597 
150 5773 10.1384 9.38089 7.32156 2.07522 
150 5774 4.77683 9.54276 0.74146 11.526 
150 5775 6.78077 5.05647 9.98976 5.18286 
150 5776 4.70965 8.72307 2.20993 9.05699 
150 5777 1.24151 3.61276 5.57444 2.43404 
150 5778 7.70858 5.89295 7.5842 10.2936 
150 5779 10.6208 1.68176 9.40349 11.0836 
150 5780 8.68335 6.27236 6.64165 7.5479 
150 5781 2.56585 8.4459 3.50118 1.68996 
150 5782 7.35183 5.1646 7.74185 8.00126 
150 5783 2.17834 5.49082 2.34599 2.1658 
150 5784 3.72984 9.57148 11.818 11.2248 
150 5785 0.817573 0.977547 2.33836 1.41353 
150 5786 6.09044 3.53655 1.81832 4.28771 
150 5787 5.58018 0.580073 9.961 8.37266 
150 5788 5.76535 11.4308 11.3317 2.22701 
150 5789 8.67677 2.83999 3.62625 10.8972 
150 5790 1.18898 5.67893 7.67438 3.65079 
150 5791 2.81376 4.35977 0.639934 4.519 
150 5792 7.72098 0.97743 9.87547 3.51354 
150 5793 8.10684 0.860854 6.33216 3.53 
150 5794 2.54844 7.61326 2.07124 2.38168 
150 5795 3.16586 6.70565 10.9414 2.98171 
150 5796 1.6243 5.56574 11.1229 9.61877 
150 5797 7.59675 9.54056 3.10647 4.7606 
150 5798 4.42638 4.69434 2.7303 4.70712 
150 5799 9.08161 4.03649 4.90704 1.56002 
150 5800 10.1184 3.48339 3.64194 6.7499 
150 5801 9.07254 9.68376 3.93395 7.26878 
150 5802 1.2257 1.18109 9.19459 10.1834 
150 5803 6.72821 4.08782 0.985036 7.66203 
150 5804 9.23608 0.820498 0.819557 11.0109 
150 5805 5.30057 3.79441 3.92893 8.93156 
150 5806 4.3564 0.867745 8.76104 8.46336 
150 5807 9.89795 2.46187 9.00213 4.22262 
150 5808 0.572832 1.03894 3.6536 2.73539 
150 5809 6.74649 8.98412 10.2691 6.49057 
150 5810 3.25118 8.0506 5.1858 5.20922 
150 5811 6.87068 1.41324 7.43881 4.08203 
150 5812 7.63383 7.90436 4.35859 2.07636 
150 5813 6.83372 3.7133 5.38342 4.40044 
150 5814 8.62979 3.14948 2.34277 8.02633 
150 5815 6.30505 11.4385 5.53805 11.3477 
150 5816 1.3725 9.84683 2.82521 2.06631 
150 5817 3.15416 1.91494 2.74722 4.30013 
150 5818 5.27285 2.68597 9.32866 1.78968 
150 5819 3.99906 5.46314 0.632039 4.45583 
150 5820 8.40328 11.4065 0.96133 9.92011 
150 5821 7.98295 6.00841 3.78254 5.9887 
150 5822 9.73196 6.73635 9.11691 7.53661 
150 5823 6.11012 3.49273 7.2337 1.75325 
150 5824 1.33927 5.66784 8.17908 3.25159 
150 5825 3.79983 1.07357 2.18846 3.37681 
150 5826 2.08042 1.50406 9.05462 0.849074 
150 5827 7.27937 11.2653 5.52662 10.179 
150 5828 4.03954 7.49506 8.14459 0.807622 
150 5829 7.38718 6.02455 2.20826 4.99593 
150 5830 1.3035 11.0459 7.771 1.69816 
150 5831 8.11037 10.7599 8.23699 4.0855 
150 5832 4.78834 5.32954 0.884642 2.72238 
150 5833 0.723187 5.23057 3.24153 2.47922 
150 5834 4.74865 3.33767 3.13766 7.08883 
150 5835 7.77082 9.18142 0.541618 1.42806 
150 5836 11.3005 8.44993 2.45764 7.34316 
150 5837 9.64631 9.97337 7.89127 9.66608 
150 5838 8.89992 4.54567 6.36393 10.9238 
150 5839 3.71144 7.33742 3.02518 3.51839 
150 5840 9.14336 5.15787 5.29672 8.84296 
150 5841 8.84113 3.57135 2.12482 8.55448 
150 5842 0.776536 5.50336 10.2759 7.48226 
150 5843 9.44872 10.112 3.82345 2.8742 
150 5844 1.97317 11.8889 10.8951 10.5366 
150 5845 8.41836 1.65428 3.88002 1.93573 
150 5846 4.20293 4.19013 0.244174 3.45545 
150 5847 1.05532 9.00703 0.638961 9.24745 
150 5848 3.01552 11.2973 6.81146 6.68134 
150 5849 2.96427 3.83143 9.31663 4.03091 
150 5850 3.69613 9.30513 6.11631 11.0738 
150 5851 1.56051 8.91533 3.44229 3.83753 
150 5852 7.79559 8.68782 8.63556 6.24929 
150 5853 9.6248 1.38284 6.07348 8.79677 
150 5854 4.22356 1.54604 6.41281 10.8529 
150 5855 10.5693 7.42973 3.0953 8.36695 
150 5856 0.891537 5.69767 8.41264 3.91697 
150 5857 8.06934 7.43972 2.65325 9.27415 
150 5858 10.7105 9.02736 9.96894 1.10708 
150 5859 6.36857 7.82175 9.08026 8.79781 
150 5860 9.74757 7.32162 3.31543 7.75188 
150 5861 2.34258 4.72995 10.8683 1.78919 
150 5862 4.54714 0.819024 0.584315 3.78864 
150 5863 1.54535 4.74745 7.11951 3.44681 
150 5864 8.29287 5.23318 3.26475 10.7259 
150 5865 6.30982 5.32232 8.55575 4.96119 
150 5866 8.38423 2.6629 10.5174 7.79374 
150 5867 4.66296 3.85272 3.87479 3.78196 
150 5868 10.3119 3.26009 5.00566 7.76415 
150 5869 6.39762 4.72987 8.94944 5.98462 
150 5870 0.887721 5.63176 9.87076 2.94027 
150 5871 3.73699 0.64749 5.59881 5.29011 
150 5872 4.81981 8.79513 5.8021 1.15526 
150 5873 7.75359 9.49025 10.96 4.0929 
150 5874 11.3959 10.5361 0.7094 3.85274 
150 5875 2.41253 11.1215 6.28903 7.70852 
150 5876 2.2917 10.408 3.56536 3.47443 
150 5877 11.4655 7.75007 9.1393 10.0219 
150 5878 11.0859 2.29219 7.38871 8.95064 
150 5879 3.59537 1.11648 3.90567 8.09577 
150 5880 4.93136 8.59469 8.74588 0.593656 
150 5881 5.97623 2.71606 11.0305 1.10668 
150 5882 2.04653 5.17075 4.52209 9.16846 
150 5883 5.29558 5.00761 10.8191 2.41828 
150 5884 9.98438 8.75364 5.21859 3.81351 
150 5885 5.10762 1.92326 7.80487 9.57863 
150 5886 3.57435 3.68796 2.51508 5.55774 
150 5887 11.2203 6.08652 8.87554 10.9516 
150 5888 8.14504 0.723142 0.64306 9.60816 
150 5889 2.91385 6.06511 10.344 4.06712 
150 5890 11.4305 9.67472 8.219 11.3571 
150 5891 7.31393 7.85763 1.99109 7.21482 
150 5892 11.1017 1.05302 4.54512 9.69904 
150 5893 4.47327 1.06629 7.80842 1.62702 
150 5894 9.77398 10.5507 7.63657 4.10638 
150 5895 10.1248 5.02875 2.94069 7.53962 
150 5896 6.02131 3.4623 4.59847 3.37244 
150 5897 2.84965 9.72932 3.35203 2.1806 
150 5898 7.98392 10.6065 7.9333 3.96378 
150 5899 1.22855 10.1044 5.14585 1.91017 
150 5900 0.672831 4.48586 4.99247 8.83063 
150 5901 10.2966 8.62225 11.4679 7.79714 
150 5902 6.53375 7.13428 1.50723 1.30036 
150 5903 7.58578 8.75757 2.05968 7.66337 
150 5904 6.62575 8.3093 11.0052 10.0295 
150 5905 0.856304 2.60348 5.52331 2.79618 
150 5906 6.37139 4.71573 6.84449 7.84498 
150 5907 2.94822 6.38501 3.55702 7.93967 
150 5908 10.3179 8.33059 6.35589 9.23794 
150 5909 4.29358 6.08607 0.683664 5.28011 
150 5910 8.00093 6.89271 6.93033 8.18546 
150 5911 5.34957 3.50858 4.89959 10.7183 
150 5912 11.2981 11.4109 9.09368 6.76315 
150 5913 0.866743 10.2172 9.74665 8.30389 
150 5914 2.86551 10.7491 9.77029 5.21855 
150 5915 0.619355 8.20789 8.05505 10.7905 
150 5916 4.16276 4.23964 2.79813 3.64422 
150 5917 3.6263 9.63273 9.47491 10.5938 
150 5918 4.87272 9.56717 2.71212 2.99774 
150 5919 1.93578 7.7131 8.39221 7.23965 
150 5920 6.58292 1.09281 7.45872 3.24325 
150 5921 10.7451 6.4676 4.37959 2.89891 
150 5922 4.86704 3.89557 1.02247 6.08238 
150 5923 10.5095 9.97659 11.601 8.17325 
150 5924 2.27055 8.86605 0.82316 10.4345 
150 5925 6.47977 5.04518 9.39958 4.89409 
150 5926 8.12667 1.58904 1.94946 4.87939 
150 5927 3.7528 9.69829 0.943927 5.65492 
150 5928 5.29442 4.10782 6.39521 5.10238 
150 5929 9.92706 11.7402 7.62956 9.2604 
150 5930 8.24926 8.87 3.75236 7.14473 
150 5931 8.29928 10.2058 10.5067 3.45021 
150 5932 7.65675 9.18266 2.05074 7.80595 
150 5933 8.12139 6.94951 5.56175 5.40835 
150 5934 2.36542 3.11815 10.3891 1.76097 
150 5935 6.09917 5.88877 5.04616 1.70921 
150 5936 8.89676 6.85616 6.90944 7.55588 
150 5937 0.83706 3.24803 11.5222 8.75597 
150 5938 6.67643 9.87088 10.8635 8.82542 
150 5939 8.41124 8.79151 5.68119 10.0144 
150 5940 2.1824 3.01182 11.8852 9.67344 
150 5941 3.00819 0.610563 9.33669 11.3376 
150 5942 3.12955 8.90495 0.737259 9.22299 
150 5943 2.27005 0.962061 10.56 7.03821 
150 5944 1.57926 0.857469 7.63543 2.40195 
150 5945 9.28706 8.20647 5.13861 3.91927 
150 5946 6.52626 4.90814 6.89202 8.35225 
150 5947 7.95568 1.32865 6.19197 4.69942 
150 5948 7.97776 1.37295 2.76874 1.22248 
150 5949 3.1094 0.992833 0.526063 10.4911 
150 5950 4.37096 5.68387 3.18422 2.9609 
150 5951 1.3629 3.11164 7.12126 1.98557 
150 5952 2.26617 4.82128 4.1106 0.811827 
150 5953 8.32779 10.4118 10.5599 3.37959 
150 5954 9.01304 0.808055 6.33523 1.15612 
150 5955 7.20438 1.45984 5.04207 4.25947 
150 5956 8.54952 2.57781 3.70126 10.8679 
150 5957 2.62316 9.94398 4.10275 1.90913 
150 5958 10.9157 7.73701 2.58493 1.44595 
150 5959 4.8271 10.8176 8.55315 7.80671 
150 5960 9.98347 2.36381 3.36843 6.26921 
150 5961 6.77628 8.24174 3.33182 9.32927 
150 5962 7.97473 9.43554 10.536 3.80899 
150 5963 5.15545 4.70746 6.65396 3.27413 
150 5964 6.40852 6.17359 6.62995 4.10805 
150 5965 10.8575 5.05528 5.66715 6.59434 
150 5966 2.47643 2.11783 5.72799 5.67713 
150 5967 6.73636 3.17786 7.70709 6.77523 
150 5968 10.6645 5.57837 7.89971 11.4684 
150 5969 0.959298 5.63076 9.01958 4.11279 
150 5970 2.17659 4.17745 5.78584 1.95371 
150 5971 7.03134 9.33469 10.4277 9.20548 
150 5972 9.33693 11.5909 6.69498 4.70535 
150 5973 5.12622 7.00828 8.8659 5.58353 
150 5974 8.50404 10.6 5.55757 4.28103 
150 5975 2.50902 3.37775 4.40398 5.93703 
150 5976 7.88901 6.08144 5.85553 3.5193 
150 5977 11.4837 10.6952 7.21579 8.15143 
150 5978 2.96974 9.20283 8.76893 4.98222 
150 5979 0.639925 7.00807 2.12872 3.97982 
150 5980 6.95695 3.23085 8.02431 6.89561 
150 5981 9.02786 1.05209 0.703444 1.6095 
150 5982 10.4553 8.51844 11.5671 7.77588 
150 5983 5.50273 9.90643 2.4914 6.52547 
150 5984 5.57823 2.97054 8.79348 4.8153 
150 5985 1.90266 10.8659 0.795427 4.7114 
150 5986 8.71153 4.65941 9.74017 2.56276 
150 5987 7.31592 5.57541 7.22273 9.52944 
150 5988 9.53676 8.86821 4.16031 1.97505 
150 5989 4.4515 0.586453 7.34132 4.53642 
150 5990 1.81528 7.59978 10.9481 6.19568 
150 5991 6.92889 7.69299 1.29353 1.7468 
150 5992 10.6347 6.25256 11.7168 1.56005 
150 5993 4.79309 6.81979 1.54888 6.19125 
150 5994 0.84921 4.66525 2.63685 1.62765 
150 5995 0.744562 5.14576 11.1012 4.07885 
150 5996 2.07669 4.70192 10.799 1.80945 
150 5997 10.1702 8.67554 4.74864 1.73518 
150 5998 5.86033 10.5689 1.47319 5.97252 
150 5999 1.00199 3.98393 0.465378 1.46843 
150 6000 1.89139 1.51502 8.72269 0.847789 
150 6001 3.15805 9.91117 7.29255 8.81 
150 6002 3.90711 11.5113 10.6045 10.4877 
150 6003 4.08971 11.8839 8.97367 11.3837 
150 6004 9.72562 8.68588 7.09192 7.65813 
150 6005 11.3689 6.40463 8.99727 4.41926 
150 6006 5.86761 9.42609 4.44894 2.40151 
150 6007 5.92366 5.65815 2.82616 4.11395 
150 6008 0.840088 5.33767 3.17809 2.71846 
150 6009 10.3105 11.1002 0.63935 7.93514 
150 6010 5.51113 1.30931 5.95874 3.75227 
150 6011 5.95309 9.50245 8.44956 3.20039 
150 6012 6.11483 4.5712 1.05696 1.65372 
150 6013 10.52 3.20567 5.07561 11.1554 
150 6014 6.88998 10.3439 1.03624 8.74505 
150 6015 10.4963 9.41582 0.574892 1.37726 
150 6016 3.69956 3.64183 2.82618 6.69074 
150 6017 9.49904 10.7861 2.75094 10.0748 
150 6018 11.1447 5.10293 6.06777 6.26379 
150 6019 4.16355 4.23951 2.79764 3.64419 
150 6020 3.36576 2.64115 4.90882 6.81079 
150 6021 1.34645 5.11953 1.81777 6.87013 
150 6022 8.87966 2.70706 4.8046 8.49988 
150 6023 4.97479 10.5657 9.10771 3.42026 
150 6024 3.39487 7.22428 10.3681 6.43243 
150 6025 6.07263 1.64868 5.35656 10.831 
150 6026 6.18876 11.0462 4.56676 4.09109 
150 6027 10.5222 6.47643 7.16522 1.19916 
150 6028 3.80055 1.07412 2.18535 3.37672 
150 6029 0.625094 3.89157 5.37107 9.45343 
150 6030 11.5393 6.19888 6.79057 11.1875 
150 6031 4.3931 8.39255 3.17467 1.99839 
150 6032 11.347 7.46897 9.2622 5.24151 
150 6033 4.478 3.5674 3.25162 4.04654 
150 6034 7.31766 3.25019 8.14918 6.80276 
150 6035 5.52635 9.77316 0.878752 7.82563 
150 6036 10.3531 3.08229 6.39002 6.11111 
150 6037 11.6359 1.00733 4.4729 10.8019 
150 6038 1.00744 11.1956 10.6906 4.22033 
150 6039 2.30452 7.47313 1.81391 1.73047 
150 6040 4.67055 9.58064 0.998853 3.21009 
150 6041 1.17053 5.20546 6.2458 3.05377 
150 6042 2.66943 4.84228 9.62009 6.09472 
150 6043 3.47161 5.57045 3.51805 7.0124 
150 6044 7.2406 5.08116 6.95111 3.02068 
150 6045 11.1402 11.682 1.40578 0.866349 
150 6046 4.9389 7.0668 10.6857 7.59598 
150 6047 8.70535 0.800461 3.34441 3.08548 
150 6048 9.76683 4.34228 5.50362 6.71618 
150 6049 2.78491 6.87697 9.25699 5.91599 
150 6050 4.42699 1.71332 6.53035 1.8811 
150 6051 7.02933 4.95548 3.51201 8.50398 
150 6052 9.86468 10.7287 10.6468 9.56548 
150 6053 10.2196 6.44206 4.36247 3.30205 
150 6054 7.67195 3.90739 5.01242 5.16831 
150 6055 9.90302 9.65547 7.66709 8.86766 
150 6056 7.23781 7.24119 8.6307 11.1537 
150 6057 8.00109 1.62908 10.4853 1.45282 
150 6058 9.82523 6.28764 1.21318 5.92919 
150 6059 6.23173 5.40006 8.14918 5.02495 
150 6060 4.44802 3.17266 0.705436 8.03554 
150 6061 9.37986 11.2074 0.957882 5.81249 
150 6062 3.44764 6.61305 11.2095 1.87811 
150 6063 9.86617 1.88109 4.63987 5.42266 
150 6064 3.54677 9.72297 10.3351 11.1557 
150 6065 9.43392 4.90818 0.62942 8.52252 
150 6066 5.27854 8.11347 8.38372 11.1819 
150 6067 1.28242 0.748903 3.66672 10.1092 
150 6068 3.00424 10.5492 9.07427 1.4202 
150 6069 10.5977 3.60882 0.949396 8.1874 
150 6070 4.25703 5.95882 3.95199 3.04776 
150 6071 9.38218 4.2667 2.59401 5.98721 
150 6072 0.763005 7.03285 5.5795 5.08491 
150 6073 1.18625 0.930918 2.17993 10.9107 
150 6074 9.46228 4.55764 10.7591 4.72683 
150 6075 4.84496 9.41746 10.6305 2.82535 
150 6076 8.4988 6.85827 9.01773 3.20855 
150 6077 4.21225 11.0279 11.3093 8.40492 
150 6078 6.8366 9.28582 6.12088 9.44631 
150 6079 1.75326 3.70388 3.33236 2.2709 
150 6080 9.82469 11.619 7.35086 5.26073 
150 6081 6.34112 4.01707 4.67838 9.84325 
150 6082 2.2491 4.2167 8.6633 2.28925 
150 6083 2.88703 7.06847 4.92134 4.82157 
150 6084 7.86849 3.40734 7.24312 2.46014 
150 6085 7.71025 1.07173 9.68322 2.56319 
150 6086 5.48778 5.25598 6.16371 6.3393 
150 6087 6.95219 9.96807 4.34462 0.683336 
150 6088 4.88053 7.63492 4.66736 10.3043 
150 6089 10.6851 3.41496 9.10373 8.19451 
150 6090 8.41425 6.62178 10.285 5.04678 
150 6091 8.84423 9.31414 3.79246 6.97807 
150 6092 6.46235 5.43229 6.77326 3.72467 
150 6093 6.75821 1.17053 10.7366 6.4795 
150 6094 11.0304 6.07266 8.57879 7.16029 
150 6095 3.80511 1.07629 2.18314 3.37652 
150 6096 6.95266 6.42872 1.9528 1.54051 
150 6097 10.3458 5.88816 3.56711 1.85582 
150 6098 6.16861 1.4105 1.5061 4.65079 
150 6099 10.1163 4.80732 5.64073 6.7926 
150 6100 9.54782 1.70606 2.56069 11.5599 
150 6101 7.02988 1.14736 1.169 6.71027 
150 6102 0.739302 9.21325 8.19761 10.8979 
150 6103 10.3764 9.99356 1.65448 1.6559 
150 6104 10.6923 3.82212 7.76687 4.74432 
150 6105 3.00784 10.4192 0.824348 9.80304 
150 6106 7.69814 1.92492 8.66112 11.2313 
150 6107 1.71193 2.83734 10.7139 5.1771 
150 6108 10.4981 1.7074 10.9189 5.65659 
150 6109 9.87409 0.694712 7.06492 10.9608 
150 6110 8.95738 4.15592 9.51671 2.66767 
150 6111 3.79375 0.703857 8.98481 8.42971 
150 6112 8.88863 5.38413 1.61395 7.1372 
150 6113 4.21573 1.25045 4.68502 4.86269 
150 6114 9.77406 8.31957 4.14115 5.37344 
150 6115 11.1534 4.91821 9.7042 2.77782 
150 6116 7.7981 4.8055 8.57792 10.7444 
150 6117 3.7011 9.89198 9.92313 7.10085 
150 6118 1.40192 3.73559 9.75068 9.96755 
150 6119 8.45454 8.18837 6.31753 1.98455 
150 6120 6.81886 7.40326 8.00874 7.03761 
150 6121 3.20231 8.63115 10.6869 1.83994 
150 6122 5.52296 4.93315 6.37755 9.81216 
150 6123 3.95773 10.1006 2.80526 5.17153 
150 6124 1.96291 4.38181 4.39902 1.6271 
150 6125 2.74722 9.24599 8.24918 4.64792 
150 6126 7.1169 1.03972 8.75421 3.81082 
150 6127 3.7509 4.41323 5.0002 4.10899 
150 6128 6.43846 8.14128 9.85255 9.28741 
150 6129 4.00236 4.69076 4.9778 9.06196 
150 6130 8.43892 0.580764 1.4001 6.98664 
150 6131 5.8671 4.28611 0.845101 7.49733 
150 6132 2.1276 10.4714 4.08692 5.75206 
150 6133 7.2373 0.997749 3.86274 2.94288 
150 6134 6.77765 1.64865 1.28022 4.81483 
150 6135 7.02557 1.59099 7.82575 1.41068 
150 6136 8.04479 7.75904 4.4781 2.13644 
150 6137 11.6517 10.24 5.32114 3.84506 
150 6138 5.08489 7.30653 4.66673 10.728 
150 6139 4.92084 5.32354 2.92315 6.08946 
150 6140 10.2998 6.15122 6.59561 1.32016 
150 6141 3.34848 0.899508 2.99838 3.47469 
150 6142 8.20782 10.8066 8.24888 3.98498 
150 6143 11.5353 4.90124 10.1329 2.96386 
150 6144 6.09704 10.4289 10.5423 5.86488 
150 6145 8.78568 8.83276 4.08087 3.02623 
150 6146 9.32626 8.3633 8.29643 3.45992 
150 6147 7.65735 9.76879 4.30075 6.66694 
150 6148 10.9875 11.3842 7.35418 1.41343 
150 6149 10.9734 6.46628 4.29465 8.21238 
150 6150 10.922 6.65575 6.58724 10.6473 
150 6151 11.2317 11.4556 7.9827 6.09627 
150 6152 9.75946 5.1994 6.34841 1.60205 
150 6153 4.26838 4.55175 2.80255 3.07522 
150 6154 0.951661 10.9902 9.94604 3.87114 
150 6155 4.49998 3.87523 3.17774 3.79587 
150 6156 2.88654 1.08674 9.68128 8.48479 
150 6157 0.888703 3.62566 10.3729 0.71156 
150 6158 4.19518 4.45539 4.23632 3.98019 
150 6159 10.5019 7.02035 4.35629 2.87901 
150 6160 3.10966 4.78754 3.25432 11.1321 
150 6161 8.64941 1.37699 6.86122 4.79365 
150 6162 0.965082 5.70695 8.16813 3.83886 
150 6163 3.77606 1.30388 2.24563 3.89113 
150 6164 8.09781 1.34272 6.52132 4.3595 
150 6165 9.49087 6.89562 9.96493 3.16847 
150 6166 4.53348 4.16743 0.245244 3.5958 
150 6167 5.52203 9.58794 1.31902 7.65713 
150 6168 3.85531 3.92183 2.34043 6.66707 
150 6169 1.0109 4.00512 0.457342 1.47478 
150 6170 3.73043 4.285 0.420782 4.27766 
150 6171 9.93456 3.65124 4.71752 7.24427 
150 6172 10.2412 1.05831 4.04159 9.01738 
150 6173 6.16187 2.78699 10.9118 1.18771 
150 6174 1.02393 11.2708 11.3559 6.48999 
150 6175 9.45475 7.41933 7.68698 7.79913 
150 6176 6.61369 9.1873 3.30732 6.32682 
150 6177 1.23861 8.29614 2.17168 4.36181 
150 6178 1.87625 8.48501 4.47231 10.9269 
150 6179 0.686603 9.11889 0.566025 10.4503 
150 6180 4.75496 5.36813 2.1405 10.5084 
150 6181 7.15343 2.13463 5.81749 7.76767 
150 6182 7.2973 0.760616 2.49313 9.94604 
150 6183 7.11831 10.4335 6.76322 8.63007 
150 6184 3.5851 8.90606 3.43155 10.3004 
150 6185 7.09544 6.18879 8.44545 3.53639 
150 6186 2.80409 1.22248 6.65015 8.58418 
150 6187 4.57452 7.35657 2.72954 8.74509 
150 6188 6.70709 5.26184 8.39562 7.29195 
150 6189 0.925709 10.0138 9.69075 8.51242 
150 6190 5.01048 7.01972 6.33067 6.4731 
150 6191 1.20237 1.59424 3.18528 8.87732 
150 6192 6.15623 7.12039 7.20859 6.9407 
150 6193 7.09716 5.05974 3.5356 8.64321 
150 6194 6.78401 10.5948 1.50858 5.8167 
150 6195 0.999317 4.00424 2.50144 1.50097 
150 6196 2.47276 7.42078 9.56104 4.55874 
150 6197 4.5206 4.05757 0.296021 3.58592 
150 6198 9.63807 2.15076 10.2433 3.95205 
150 6199 10.5507 3.58396 2.1582 10.5867 
150 6200 3.95139 9.21494 5.97028 10.3363 
150 6201 4.15985 4.24275 2.79334 3.64692 
150 6202 4.21299 4.87217 10.7999 10.76 
150 6203 7.14667 9.22131 1.49665 5.91565 
150 6204 4.44651 4.97982 9.29249 9.70853 
150 6205 7.09699 5.26445 7.30725 5.63979 
150 6206 7.5568 6.60766 8.87646 0.70701 
150 6207 10.474 10.1493 11.4662 8.13112 
150 6208 3.54377 11.0123 6.63578 0.961654 
150 6209 3.29329 9.42445 10.8516 1.80156 
150 6210 1.0918 9.92546 0.76427 4.06224 
150 6211 1.89577 1.46979 9.05766 6.61454 
150 6212 6.45146 1.73162 10.639 8.09664 
150 6213 7.93947 6.92247 6.93388 8.0561 
150 6214 3.70749 3.68863 2.92132 6.82619 
150 6215 8.49215 3.17669 3.51638 5.73717 
150 6216 8.37245 11.6316 6.13052 4.94394 
150 6217 4.17137 4.80716 6.67646 5.58491 
150 6218 9.43309 1.80644 4.24697 1.45664 
150 6219 8.50133 8.38657 6.72852 9.66108 
150 6220 10.0698 6.0655 4.36551 1.11947 
150 6221 7.62993 0.468278 3.81311 9.92417 
150 6222 9.89969 6.65639 1.86514 2.26479 
150 6223 3.79771 11.2076 8.74723 5.75301 
150 6224 4.65373 8.95934 11.2164 8.89089 
150 6225 1.8902 1.51473 8.72113 0.847731 
150 6226 3.26379 1.86148 6.49047 5.74683 
150 6227 4.62096 3.46783 2.96296 7.99095 
150 6228 4.49233 2.75921 9.19299 10.8852 
150 6229 7.62328 1.54002 3.78884 2.3052 
150 6230 1.75214 10.6637 3.75978 5.43819 
150 6231 11.4339 6.4796 9.72602 4.60129 
150 6232 3.59672 4.36251 0.538167 4.57788 
150 6233 11.5149 3.9485 1.21021 8.12324 
150 6234 11.7627 8.46577 3.02368 3.86562 
150 6235 7.00221 11.3799 1.08448 9.53824 
150 6236 3.27767 4.9771 3.05565 4.01787 
150 6237 1.03017 3.4202 5.11661 2.40789 
150 6238 1.55247 8.71843 3.35764 6.90649 
150 6239 9.20515 8.69658 11.1617 1.42805 
150 6240 0.880025 5.13752 2.12761 0.867972 
150 6241 10.1601 2.65048 9.10947 4.65691 
150 6242 1.03549 7.02128 8.63046 6.90793 
150 6243 5.29542 5.01686 10.8435 2.37364 
150 6244 9.804 3.6281 6.57776 11.0228 
150 6245 1.30015 0.772516 8.0952 2.3723 
150 6246 4.21035 10.6753 8.84893 3.12084 
150 6247 6.27189 3.75469 3.41286 3.13868 
150 6248 8.46926 4.78913 8.08923 2.52198 
150 6249 1.66566 11.173 7.56973 2.06929 
150 6250 11.2917 10.8274 4.17467 6.07807 
150 6251 4.28877 10.0211 2.80924 8.36564 
150 6252 2.89072 7.92917 2.96655 7.83324 
150 6253 9.1041 10.9375 9.42196 7.63787 
150 6254 9.80617 0.735135 9.583 11.7306 
150 6255 4.95544 1.02593 6.87415 7.44334 
150 6256 1.16132 10.1154 9.64248 2.53882 
150 6257 9.87363 12.1227 11.909 10.1075 
150 6258 10.5962 11.0353 8.7484 3.67036 
150 6259 8.61934 10.8811 5.43918 4.19278 
150 6260 2.24962 7.4968 0.757733 10.2157 
150 6261 6.07263 4.72786 1.45231 9.81036 
150 6262 5.83074 10.3157 4.34832 4.05365 
150 6263 1.33738 0.875826 11.3398 7.0115 
150 6264 10.2865 3.77541 3.76396 3.54633 
150 6265 5.02123 4.65442 5.60086 3.72446 
150 6266 8.77551 10.2386 0.889705 5.85381 
150 6267 5.53952 4.76031 9.62465 6.91672 
150 6268 1.00834 4.00558 0.458359 1.47245 
150 6269 7.70281 1.14151 0.926915 3.0507 
150 6270 0.44875 4.85397 6.05802 6.18134 
150 6271 10.4845 0.768241 1.30871 4.32571 
150 6272 5.30937 5.94326 2.4415 8.42016 
150 6273 5.35253 2.23959 6.39663 2.9355 
150 6274 2.69865 6.17684 2.44463 5.57239 
150 6275 5.72196 11.5297 1.28613 1.55197 
150 6276 4.2436 1.42548 1.98938 6.69047 
150 6277 2.45776 2.40044 9.10832 8.56198 
150 6278 2.13218 9.64182 3.82211 1.83619 
150 6279 6.64221 11.2778 5.31739 10.5616 
150 6280 1.24008 0.846865 2.3783 10.4374 
150 6281 3.73943 4.30967 0.525727 4.46413 
150 6282 3.9918 9.10216 0.760408 10.0287 
150 6283 2.38356 6.70774 1.79296 1.82231 
150 6284 3.02498 3.68063 8.08207 10.7495 
150 6285 0.608314 5.59801 6.5475 1.71208 
150 6286 10.2686 6.03771 8.42946 10.7809 
150 6287 5.41683 2.27842 8.65466 5.56417 
150 6288 3.84597 5.61373 3.81777 2.86486 
150 6289 4.27453 0.572802 7.21341 7.47312 
150 6290 3.02893 2.04031 5.97383 5.69375 
150 6291 3.21176 1.85208 5.76671 5.4636 
150 6292 5.11687 3.50736 4.7167 9.82696 
150 6293 4.20026 5.46506 0.428843 3.32824 
150 6294 0.881972 9.03829 1.74422 5.36491 
150 6295 5.17323 4.57193 4.94274 4.13791 
150 6296 5.97655 4.61311 5.23667 9.09417 
150 6297 10.4611 7.94497 5.57213 2.88926 
150 6298 9.87805 8.90922 8.0587 1.15392 
150 6299 8.72404 3.3639 2.12157 8.18704 
150 6300 6.47635 5.85157 2.44908 9.36794 
150 6301 6.7134 2.23184 5.11102 7.47923 
150 6302 6.03144 2.05565 6.64287 6.1616 
150 6303 1.36055 2.11325 9.95532 6.4653 
150 6304 5.43861 10.3673 10.4525 11.396 
150 6305 7.5968 10.6653 2.35335 10.6168 
150 6306 0.787039 9.50046 0.844648 4.05381 
150 6307 2.16754 6.38439 1.99267 2.32422 
150 6308 1.66514 9.11291 6.25413 8.44427 
150 6309 11.2388 1.13656 10.089 11.699 
150 6310 9.07045 6.34357 7.03904 9.45468 
150 6311 6.56165 10.8303 10.712 6.36216 
150 6312 4.06961 9.16178 5.94073 10.4089 
150 6313 2.7582 2.10279 9.18857 3.03426 
150 6314 1.02078 5.22383 7.95612 7.44742 
150 6315 0.673206 3.49999 11.057 7.8729 
150 6316 0.940316 5.94414 10.8603 7.34768 
150 6317 1.79779 10.5882 6.51798 9.67236 
150 6318 10.5669 7.11855 7.89524 11.4519 
150 6319 5.69475 1.60414 5.54369 10.2316 
150 6320 10.0757 6.60352 4.1982 1.41381 
150 6321 9.23795 8.02757 10.9456 4.50029 
150 6322 7.23087 6.09306 0.478172 7.52359 
150 6323 10.9708 6.03524 10.0563 11.8086 
150 6324 5.92739 4.97473 5.64185 3.712 
150 6325 3.69331 1.07404 0.399864 6.71521 
150 6326 2.66783 4.23538 6.67752 7.89504 
150 6327 5.3282 3.24207 0.853933 9.96579 
150 6328 3.76637 9.96342 5.97664 1.42354 
150 6329 2.69978 4.62476 4.06882 8.34087 
150 6330 0.681946 11.5183 10.2174 4.81924 
150 6331 4.97402 9.61163 4.29802 5.28026 
150 6332 3.26846 11.5619 7.34898 0.896991 
150 6333 6.43541 7.96694 3.45745 8.05468 
150 6334 6.16534 10.3825 10.8698 5.844 
150 6335 7.26887 5.75088 11.1144 9.98517 
150 6336 10.1267 6.39366 10.7355 11.4601 
150 6337 5.20766 10.1188 8.06976 11.1885 
150 6338 8.98673 7.51635 5.37542 8.30802 
150 6339 10.9764 10.5196 1.90956 7.2185 
150 6340 4.22155 4.27049 2.85006 3.83338 
150 6341 6.633 4.52466 2.27565 3.26799 
150 6342 3.99733 4.921 3.14924 4.11802 
150 6343 4.21926 4.22401 2.84833 3.70216 
150 6344 2.80432 8.70834 8.38687 8.91239 
150 6345 7.28991 10.9288 8.38618 9.3513 
150 6346 1.38435 2.08423 0.712316 10.7639 
150 6347 7.27173 9.08335 2.46223 10.4487 
150 6348 2.04798 10.2263 11.3671 8.7669 
150 6349 2.00087 6.49054 6.1423 1.03938 
150 6350 1.195 9.919 5.07009 2.12384 
150 6351 1.83436 3.1798 10.3097 10.8142 
150 6352 10.601 7.48405 7.54724 11.1038 
150 6353 7.05367 10.0347 3.38909 7.52405 
150 6354 5.64328 4.07879 2.14292 3.04784 
150 6355 6.95487 8.99561 6.44887 9.39444 
150 6356 7.34086 5.94877 2.12918 4.96179 
150 6357 2.54623 7.36722 0.673166 7.58444 
150 6358 0.755041 11.7227 8.33701 8.54434 
150 6359 1.79136 2.25077 6.6324 0.717002 
150 6360 9.14031 3.89285 6.27651 10.2637 
150 6361 8.35189 8.67991 1.05534 3.59649 
150 6362 5.84907 3.5643 0.267354 3.36946 
150 6363 6.19456 6.75664 4.63852 2.70416 
150 6364 8.15729 0.939094 6.43718 3.7787 
150 6365 7.88811 6.07928 5.85355 3.51956 
150 6366 6.59361 8.87286 10.9565 3.47362 
150 6367 11.3382 6.5065 9.17815 4.23077 
150 6368 4.32721 4.01885 2.81522 3.63657 
150 6369 7.16147 8.23047 5.87488 2.24042 
150 6370 12.0229 1.05938 9.85509 5.89301 
150 6371 8.46021 9.9824 2.43034 9.8971 
150 6372 10.6845 3.53751 7.50917 1.08508 
150 6373 10.238 1.97767 4.61523 10.7009 
150 6374 11.0992 9.70813 8.00642 10.8153 
150 6375 4.63708 6.40161 7.23347 4.35307 
150 6376 8.01475 9.69446 6.82898 3.96683 
150 6377 6.76993 7.1325 11.3681 1.93261 
150 6378 8.45312 4.82096 1.40071 10.205 
150 6379 3.70386 3.66452 2.88751 6.79036 
150 6380 1.39232 12.0927 8.42504 6.42016 
150 6381 3.4628 6.43701 0.34525 2.93486 
150 6382 4.60028 7.51162 7.18003 4.23766 
150 6383 1.35864 3.8492 7.34799 5.24891 
150 6384 7.03716 10.114 7.79109 7.85721 
150 6385 10.4404 3.27644 3.51814 7.10914 
150 6386 7.20046 5.49076 0.802132 8.81475 
150 6387 4.10451 4.3178 4.73151 4.09286 
150 6388 9.58493 8.8832 11.3145 1.1284 
150 6389 2.78389 11.8638 8.41055 2.43097 
150 6390 2.89307 8.73269 6.16378 4.50434 
150 6391 0.448304 9.96281 8.66578 1.26992 
150 6392 7.01152 1.02772 9.07104 5.24829 
150 6393 4.04307 1.28763 6.93211 10.9277 
150 6394 0.672839 8.8979 8.01179 10.4219 
150 6395 6.63368 7.56232 3.26709 4.94208 
150 6396 5.01328 9.61426 11.1972 3.18203 
150 6397 4.28025 7.16144 5.95931 6.26871 
150 6398 4.7931 1.62723 4.69712 10.8555 
150 6399 4.70056 2.90455 6.96761 11.3467 
150 6400 2.39586 4.66691 5.12255 1.53667 
150 6401 0.729381 8.26833 10.8702 8.06034 
150 6402 9.84865 3.39539 6.39236 6.00604 
150 6403 10.8924 4.46354 3.70643 5.26582 
150 6404 8.10078 3.49939 7.77227 0.884742 
150 6405 10.7888 9.26596 0.85951 10.1931 
150 6406 5.62758 6.5237 4.06123 9.03299 
150 6407 9.08527 11.1305 9.75054 6.54983 
150 6408 9.82991 11.3653 7.26601 5.45285 
150 6409 7.13608 1.55492 2.33835 10.7429 
150 6410 4.3695 7.40628 4.45081 3.5203 
150 6411 7.0697 8.69645 3.09112 4.84998 
150 6412 0.844137 5.57263 10.1988 7.36076 
150 6413 3.86134 0.654218 4.66193 8.00465 
150 6414 6.31654 9.59025 6.53039 8.37745 
150 6415 2.62115 11.5429 8.68838 1.99007 
150 6416 4.01464 10.3116 6.88985 4.87161 
150 6417 11.4784 9.35543 5.09086 4.30325 
150 6418 1.01781 8.66714 2.64343 2.25563 
150 6419 2.43978 5.13609 5.89276 8.24439 
150 6420 10.4817 11.2783 4.28118 2.48992 
150 6421 11.106 3.42742 5.22509 11.8555 
150 6422 7.06985 6.9286 2.99272 10.3015 
150 6423 6.04678 6.4633 6.95549 9.64038 
150 6424 5.98094 2.4918 3.32152 11.3257 
150 6425 5.90122 7.17465 3.98032 2.16493 
150 6426 11.1888 0.35589 4.10423 6.60941 
150 6427 4.6803 3.91957 3.46477 3.94462 
150 6428 4.43561 8.5782 2.13352 9.00605 
150 6429 0.463004 6.69346 9.07032 1.68126 
150 6430 2.06875 5.49152 2.26932 2.19337 
150 6431 1.65446 7.70835 6.46085 0.808115 
150 6432 5.00442 4.71797 1.00401 1.94182 
150 6433 11.3167 11.439 8.12055 6.07074 
150 6434 9.9696 0.721163 1.21843 4.32352 
150 6435 10.0897 6.1151 3.87775 2.31384 
150 6436 8.32265 10.5432 5.31708 4.14728 
150 6437 5.76149 3.47116 4.30674 3.18227 
150 6438 4.68925 0.887635 10.3491 10.9541 
150 6439 5.13977 5.3505 2.0862 9.61485 
150 6440 8.98367 7.8532 4.81744 3.73862 
150 6441 1.57064 7.02193 3.19491 0.984269 
150 6442 2.44928 4.94664 10.1467 1.69707 
150 6443 4.66929 7.62709 9.64008 7.67952 
150 6444 6.99191 3.32275 11.0406 6.41527 
150 6445 0.715345 10.5768 9.19267 3.79468 
150 6446 7.12453 3.1016 10.8017 9.83232 
150 6447 7.66085 10.7557 2.97668 4.94091 
150 6448 3.7671 1.13558 2.21653 3.32552 
150 6449 9.60017 5.70241 4.53337 7.82369 
150 6450 5.26858 8.94416 7.61378 9.11509 
150 6451 6.0256 11.4801 11.0811 6.61005 
150 6452 2.94417 10.4026 2.18032 9.27792 
150 6453 5.04605 5.62248 7.89632 11.1845 
150 6454 6.83081 6.70971 3.83607 3.23503 
150 6455 1.2321 5.64424 1.30673 3.28081 
150 6456 3.23285 8.9159 7.46428 6.92373 
150 6457 4.20474 5.74687 2.99511 6.14895 
150 6458 2.83007 4.64025 9.75594 2.7329 
150 6459 5.61933 8.72487 4.27998 2.29667 
150 6460 2.20287 7.18958 11.1154 6.66592 
150 6461 1.28112 3.96823 4.43613 2.10551 
150 6462 10.3723 8.86433 4.90549 5.53054 
150 6463 9.48207 0.760529 9.28214 1.44445 
150 6464 10.3043 6.38368 8.42805 6.92701 
150 6465 10.9682 5.35263 3.09251 8.36856 
150 6466 9.49697 7.87948 5.69036 8.76169 
150 6467 11.6097 11.3637 10.1574 3.25679 
150 6468 5.89053 5.60459 8.69597 2.05589 
150 6469 7.60835 9.14542 3.78979 1.79317 
150 6470 2.154 3.21974 6.69457 10.2148 
150 6471 4.49607 4.96006 6.19297 8.55978 
150 6472 5.32299 8.66274 4.50555 9.98307 
150 6473 7.42162 2.65694 6.32725 5.15747 
150 6474 3.80008 1.07537 2.18688 3.3746 
150 6475 1.80318 6.18838 5.91571 1.263 
150 6476 0.757949 9.44695 2.97609 8.14549 
150 6477 2.09632 10.3849 3.48549 3.73837 
150 6478 2.17985 4.04421 7.12512 1.26936 
150 6479 4.15544 7.25209 4.05545 8.01078 
150 6480 4.91461 3.42565 0.986551 10.7864 
150 6481 4.28015 8.9503 10.5506 2.99455 
150 6482 4.36285 7.01278 5.7344 11.494 
150 6483 1.25716 6.15243 6.38731 2.61604 
150 6484 10.473 8.78057 4.64283 1.69025 
150 6485 1.98426 2.9451 9.91866 5.0106 
150 6486 6.05945 6.24567 0.679657 9.35741 
150 6487 8.20019 4.34274 0.565608 7.78628 
150 6488 6.30971 1.54684 2.23382 4.71737 
150 6489 11.2025 1.09142 2.68744 9.61451 
150 6490 8.85405 8.05955 10.1713 9.95674 
150 6491 9.38491 5.8505 6.7109 8.30774 
150 6492 7.1429 5.66765 3.68352 5.78213 
150 6493 7.07186 3.77426 3.69712 2.65126 
150 6494 4.38843 4.73893 0.482001 3.18273 
150 6495 4.39035 2.10766 8.42915 5.36769 
150 6496 3.93917 10.8914 4.34297 8.01472 
150 6497 0.896595 5.96074 2.00486 3.00553 
150 6498 9.49041 11.0674 7.2996 7.41046 
150 6499 10.4569 2.91884 9.5741 1.71442 
150 6500 7.98582 3.39448 11.6515 10.6665 
150 6501 5.98475 4.56806 1.78118 8.49759 
150 6502 9.31107 8.64985 10.1726 6.52006 
150 6503 9.02341 8.31249 6.73387 6.66549 
150 6504 1.68103 10.2814 9.68187 3.68659 
150 6505 6.11033 11.2006 0.579415 9.51918 
150 6506 4.10456 7.53277 4.72467 8.23073 
150 6507 5.6834 9.94845 2.72029 7.08367 
150 6508 1.39903 3.07317 5.73824 0.944852 
150 6509 7.16202 3.27893 10.7746 9.69992 
150 6510 10.9207 3.97264 11.5779 7.77508 
150 6511 7.28144 5.52113 9.53611 8.27322 
150 6512 4.26828 7.0069 5.67139 5.64961 
150 6513 2.62436 5.57203 3.18456 4.64291 
150 6514 7.86202 3.07532 2.58898 7.40544 
150 6515 1.95207 10.2894 3.84751 8.46036 
150 6516 2.66151 5.21352 9.89546 7.98677 
150 6517 7.8871 4.31051 2.03906 5.60804 
150 6518 2.40403 1.65442 8.66961 7.94224 
150 6519 7.47939 6.96848 10.9266 6.07233 
150 6520 10.2734 12.3997 11.4786 11.5293 
150 6521 7.08778 3.48442 9.79737 8.99579 
150 6522 11.5815 6.34479 4.51336 6.91749 
150 6523 5.18415 8.47755 4.04682 6.94865 
150 6524 9.11285 8.27911 9.2191 5.39791 
150 6525 1.32297 4.60685 4.57934 2.15671 
150 6526 6.59923 2.05455 4.56071 7.02947 
150 6527 4.31608 10.5395 3.06426 8.14857 
150 6528 10.0325 1.3514 0.992249 5.63431 
150 6529 9.35744 0.74487 7.88525 4.10463 
150 6530 6.61707 1.15472 11.2738 5.35705 
150 6531 4.83278 9.65352 6.02301 1.50688 
150 6532 5.98781 4.28254 0.726773 6.75015 
150 6533 4.00582 7.04483 3.2099 9.12423 
150 6534 8.37084 3.21637 0.575405 7.54418 
150 6535 1.53766 1.18612 3.12309 1.31408 
150 6536 8.13415 6.04637 0.6705 2.01756 
150 6537 0.85518 9.08496 11.5629 0.854027 
150 6538 10.4481 6.66368 6.43865 10.2506 
150 6539 3.8846 0.775463 0.800259 9.99191 
150 6540 9.38164 1.25297 0.558297 2.67677 
150 6541 7.37026 11.344 5.96349 10.6987 
150 6542 1.2265 2.22159 5.9866 3.32725 
150 6543 9.64393 10.973 10.599 0.930583 
150 6544 11.096 11.6789 8.15554 11.4239 
150 6545 3.9288 8.20508 6.23153 7.75103 
150 6546 2.19417 11.492 6.75204 5.80672 
150 6547 6.50852 8.1362 11.3265 10.5424 
150 6548 2.21604 0.550164 7.32252 9.79275 
150 6549 10.7766 3.56167 3.49338 5.40609 
150 6550 3.06902 10.6712 8.95737 7.51171 
150 6551 4.15547 2.81544 7.07379 9.55032 
150 6552 8.37892 4.33353 3.28787 1.42113 
150 6553 0.945374 8.8336 3.33153 8.52666 
150 6554 2.53389 9.26064 10.6801 9.6343 
150 6555 10.9311 9.40119 2.55842 7.57777 
150 6556 9.45232 11.283 0.660461 3.03032 
150 6557 1.09395 4.39863 9.68544 10.3908 
150 6558 8.43284 1.38373 0.755037 2.69107 
150 6559 5.8313 7.69476 4.96271 7.48266 
150 6560 1.60931 8.35941 7.63136 7.70669 
150 6561 10.8672 4.47033 5.95824 2.70119 
150 6562 8.63274 5.17192 5.28943 8.01021 
150 6563 8.16293 8.54348 3.93113 7.05448 
150 6564 6.91933 4.7963 4.80179 3.92714 
150 6565 3.56495 8.11708 7.2315 1.1974 
150 6566 10.5116 8.22239 8.75728 8.68713 
150 6567 10.3245 1.59481 4.6657 1.04069 
150 6568 3.69346 6.3634 2.99448 3.5087 
150 6569 0.834525 9.49992 12.01 9.51292 
150 6570 7.55918 5.5437 1.94589 5.02071 
150 6571 7.97179 11.5082 6.96487 9.43395 
150 6572 10.481 5.69441 6.6588 1.9907 
150 6573 3.57289 8.96923 3.19284 6.62895 
150 6574 5.58062 10.7247 4.13318 5.81514 
150 6575 6.96428 3.67635 0.751891 10.0297 
150 6576 10.5505 4.10126 7.57611 6.59682 
150 6577 6.67291 8.34463 10.6221 9.74511 
150 6578 6.38803 11.4667 9.70119 3.53799 
150 6579 11.1263 11.1848 2.36461 4.65058 
150 6580 4.29738 3.57783 5.7974 2.17737 
150 6581 0.743136 3.55286 7.67845 1.12221 
150 6582 3.02033 6.33181 10.9196 4.48786 
150 6583 9.37374 11.9314 9.3497 3.72555 
150 6584 9.17961 6.53368 9.51382 10.7029 
150 6585 2.01768 3.99904 8.28299 9.03297 
150 6586 2.74473 1.12319 6.13412 7.99292 
150 6587 10.7258 1.29742 1.23503 4.35679 
150 6588 4.80841 2.40439 10.937 4.91813 
150 6589 5.71904 6.43443 4.41961 3.52034 
150 6590 1.60449 5.09565 7.45713 5.46069 
150 6591 11.641 6.23102 7.94722 2.59649 
150 6592 1.93149 0.88 2.36486 7.43671 
150 6593 2.56615 4.70146 4.64888 1.28699 
150 6594 5.31767 5.44354 2.93651 4.12014 
150 6595 9.11773 9.44145 4.01789 2.86407 
150 6596 0.686494 2.86399 1.4831 4.8087 
150 6597 2.97647 7.3714 8.97145 10.3554 
150 6598 5.46084 6.21642 4.3014 11.2493 
150 6599 5.62473 7.81877 2.34847 6.19109 
150 6600 2.48705 4.89337 8.88006 5.54556 
150 6601 9.12913 8.42704 1.54051 8.2259 
150 6602 3.86961 10.056 1.08452 0.945958 
150 6603 9.15297 9.77169 9.02231 9.3681 
150 6604 6.37378 10.8863 3.20602 9.1789 
150 6605 10.804 6.4453 3.27721 5.85338 
150 6606 6.46443 7.12135 4.98096 2.48714 
150 6607 4.0363 7.28144 2.5883 5.06585 
150 6608 6.07135 0.813688 5.68352 9.01148 
150 6609 9.55328 1.59415 5.76342 8.24579 
150 6610 1.36768 2.0147 8.64402 9.56905 
150 6611 6.36778 11.0703 2.10226 2.47302 
150 6612 10.063 10.0791 6.0389 10.3222 
150 6613 5.51696 8.77781 9.44411 0.972514 
150 6614 10.8089 3.38722 9.13445 8.29443 
150 6615 5.22902 0.864531 9.61487 10.8934 
150 6616 7.25307 9.08747 3.09171 4.8997 
150 6617 0.814509 9.51283 6.51585 6.34178 
150 6618 11.8915 3.86788 11.1229 1.2935 
150 6619 2.93027 1.03935 2.48162 6.12812 
150 6620 11.4396 3.09215 5.21263 11.6496 
150 6621 1.28209 4.55605 6.6372 5.09994 
150 6622 1.00282 3.99722 2.50044 1.49618 
150 6623 9.74925 11.6285 7.16405 5.39762 
150 6624 9.88745 9.36157 3.80317 4.91774 
150 6625 7.69343 10.3422 0.822099 2.65538 
150 6626 8.16076 11.1813 2.79122 5.36921 
150 6627 5.83879 0.371342 1.12059 2.28917 
150 6628 3.56263 1.01476 0.684465 8.21847 
150 6629 4.36641 3.30029 3.50536 10.752 
150 6630 1.13365 6.53279 0.891472 10.5069 
150 6631 1.14933 6.1171 4.37744 4.12499 
150 6632 4.67732 9.2072 8.30316 6.61295 
150 6633 3.6123 4.01888 3.16034 10.322 
150 6634 3.80724 0.993363 3.61885 4.02306 
150 6635 0.638395 5.47567 5.25257 9.29606 
150 6636 2.5591 1.91102 6.94743 5.36142 
150 6637 9.80488 5.18178 11.403 9.99151 
150 6638 4.60093 11.8655 9.23974 5.7623 
150 6639 1.03417 3.11145 8.88893 6.01514 
150 6640 5.5724 1.72252 6.07572 3.5823 
150 6641 4.25301 4.26548 2.7867 3.47817 
150 6642 4.31559 1.23295 6.87126 11.1958 
150 6643 2.18714 7.94871 8.53792 3.36864 
150 6644 2.14681 10.2598 2.23192 1.06609 
150 6645 4.51653 2.68462 10.6252 8.79352 
150 6646 8.4385 8.68297 8.23579 9.48912 
150 6647 6.54648 1.4685 8.28959 7.1597 
150 6648 8.72032 4.26179 9.18516 2.6014 
150 6649 3.69952 7.07931 9.89565 7.96722 
150 6650 7.92139 6.83133 6.94096 8.06578 
150 6651 8.95842 10.8612 11.4902 11.6709 
150 6652 9.61045 1.58542 5.81834 8.30674 
150 6653 10.7566 5.32961 5.57716 6.98378 
150 6654 9.047 8.33282 4.48274 10.2131 
150 6655 2.28236 2.99029 4.69264 0.937052 
150 6656 1.17411 8.27255 2.14351 4.33843 
150 6657 3.90897 0.802032 5.07764 4.8472 
150 6658 0.898804 7.22719 2.20759 4.08309 
150 6659 6.22975 7.8239 9.74742 5.4569 
150 6660 4.20066 4.18963 0.242518 3.45666 
150 6661 4.87346 0.412331 9.49041 3.50397 
150 6662 3.13834 8.14529 7.17873 6.22193 
150 6663 5.05065 6.68518 5.99799 5.91929 
150 6664 4.64829 3.83199 3.56682 3.86502 
150 6665 8.85542 5.33887 8.01158 5.81574 
150 6666 1.516 4.82106 4.16089 7.16523 
150 6667 1.31635 4.50217 6.65831 5.08264 
150 6668 2.62812 1.62521 2.616 6.15174 
150 6669 8.45268 1.4285 4.49335 11.5861 
150 6670 9.45322 11.8206 0.55561 3.21148 
150 6671 6.60666 6.45787 4.19112 6.11575 
150 6672 4.30662 3.56352 2.71092 7.16852 
150 6673 4.16256 4.23859 2.79946 3.64328 
150 6674 9.11273 6.20838 6.2806 3.8214 
150 6675 4.54626 7.27704 3.31461 5.73696 
150 6676 10.9343 6.72066 1.20905 7.33445 
150 6677 2.82876 5.79977 2.66739 5.28605 
150 6678 0.757893 3.1112 9.40891 6.44577 
150 6679 3.69361 8.1663 6.97826 1.77579 
150 6680 6.44376 9.99679 10.9309 8.74021 
150 6681 3.31423 7.28509 6.4557 5.79182 
150 6682 8.24534 1.68018 4.03029 1.98907 
150 6683 9.39071 7.98656 6.72385 3.51102 
150 6684 8.19912 3.20733 5.74696 11.027 
150 6685 2.46689 2.36943 11.3501 2.57079 
150 6686 3.19385 9.68101 3.84248 2.16801 
150 6687 0.799328 10.7861 4.36538 6.53918 
150 6688 9.13394 4.20776 10.1426 4.45916 
150 6689 5.78774 6.17216 11.3057 3.38269 
150 6690 2.79166 4.01131 3.73153 5.29836 
150 6691 6.40747 5.31684 8.72029 4.86639 
150 6692 7.78828 9.06195 9.07212 9.94721 
150 6693 9.61228 9.09239 1.00151 2.30177 
150 6694 2.55266 5.2452 10.1502 8.20005 
150 6695 10.6295 3.27198 8.93563 8.05901 
150 6696 1.6292 7.93964 7.6671 7.30504 
150 6697 8.29408 7.71476 10.557 9.39232 
150 6698 5.55672 8.50726 4.14215 1.10612 
150 6699 2.5608 2.27363 10.5987 10.5129 
150 6700 4.16278 4.23952 2.79855 3.6451 
150 6701 7.2622 3.86009 10.5031 2.74164 
150 6702 3.58524 9.55245 5.7094 1.59563 
150 6703 1.55128 3.83734 3.07461 2.4265 
150 6704 5.18093 10.6525 6.17211 1.4865 
150 6705 1.17889 5.18922 11.0885 5.92451 
150 6706 3.79754 3.96618 2.63593 3.87643 
150 6707 11.5569 6.79134 9.18359 4.49187 
150 6708 5.31185 11.3811 7.18754 6.90638 
150 6709 8.39277 1.72943 3.83331 1.94888 
150 6710 11.8277 9.43353 8.76734 8.23929 
150 6711 2.27125 1.5223 5.32133 5.83163 
150 6712 6.85847 0.715028 1.71832 6.89193 
150 6713 10.5383 0.779345 9.45738 1.86218 
150 6714 5.13535 5.3443 2.09844 9.67629 
150 6715 6.73712 4.26804 3.41885 2.59669 
150 6716 3.99211 3.93657 2.37045 6.8651 
150 6717 5.607 5.13905 3.67125 1.67588 
150 6718 2.61198 0.507415 7.74833 9.80925 
150 6719 6.88724 3.94403 9.48986 2.77727 
150 6720 2.72244 10.9755 4.52769 1.96591 
150 6721 6.57549 1.9293 10.2547 11.8164 
150 6722 2.15181 4.99212 4.31466 8.7908 
150 6723 10.0447 6.41374 4.74202 8.35038 
150 6724 5.44654 7.02985 10.7637 7.08877 
150 6725 0.642631 2.16302 6.97917 8.93251 
150 6726 1.26102 10.107 0.861088 2.88283 
150 6727 1.71166 11.2909 6.4485 9.66581 
150 6728 6.27831 5.05161 5.64379 1.29096 
150 6729 1.3134 5.0184 5.39695 2.61785 
150 6730 5.35818 10.8859 0.546696 9.03769 
150 6731 1.00492 5.22708 5.57361 1.93867 
150 6732 5.79405 5.46686 6.69496 5.7885 
150 6733 1.5775 9.22408 8.74934 3.83735 
150 6734 2.41844 10.3235 2.00356 9.00713 
150 6735 4.28422 6.74487 6.86307 4.19786 
150 6736 6.62114 2.07325 4.73999 7.32042 
150 6737 2.07014 5.93368 10.2754 0.71864 
150 6738 5.79596 5.93853 10.5576 11.2358 
150 6739 4.1451 0.678219 0.818301 10.072 
150 6740 11.6065 2.48978 10.4089 1.81442 
150 6741 5.79009 2.69968 10.9448 1.65049 
150 6742 1.18434 2.1267 11.0093 1.17703 
150 6743 2.96811 7.0434 4.30936 9.70693 
150 6744 3.86875 3.28213 6.8424 10.2647 
150 6745 3.99099 0.995993 0.451388 3.49651 
150 6746 5.36264 5.2449 2.8742 4.18884 
150 6747 4.47645 9.09698 3.84142 5.04749 
150 6748 5.68958 2.96093 6.1579 5.90944 
150 6749 5.78856 5.88964 8.51623 2.47182 
150 6750 2.61412 8.99621 7.89313 4.71993 
150 6751 10.0484 7.13676 3.72607 7.81755 
150 6752 5.13924 10.191 6.30359 9.06255 
150 6753 4.6922 0.893902 0.572227 4.10377 
150 6754 6.78967 8.93168 10.0568 6.22821 
150 6755 6.57007 3.61574 10.7254 6.63653 
150 6756 1.05135 0.853368 2.43816 1.32299 
150 6757 1.13045 5.38617 7.12859 3.30307 
150 6758 1.80493 5.31037 8.03573 5.78449 
150 6759 5.83664 1.29313 3.05846 1.55001 
150 6760 5.3971 2.8859 8.40355 4.74564 
150 6761 10.0719 4.01233 10.2361 11.9056 
150 6762 1.1276 9.46149 4.79587 2.38357 
150 6763 0.865841 10.0955 9.65571 8.30167 
150 6764 10.2433 11.898 7.92916 10.3618 
150 6765 10.9052 10.0863 8.24726 1.96559 
150 6766 8.3007 5.62209 2.05901 4.98707 
150 6767 0.947498 4.87068 9.27465 0.65193 
150 6768 2.28495 2.89835 11.0373 1.5684 
150 6769 5.18071 9.82145 5.99484 1.17569 
150 6770 7.36876 10.8764 3.68002 3.1624 
150 6771 2.04392 1.53337 8.94728 0.88669 
150 6772 8.23214 11.1156 5.41979 7.29086 
150 6773 4.36161 7.8185 3.14042 2.13752 
150 6774 7.50044 5.75114 0.352344 3.61506 
150 6775 4.31918 10.2675 9.34789 1.1452 
150 6776 0.970857 9.2319 0.862861 1.12996 
150 6777 8.49488 2.21183 2.46844 10.7577 
150 6778 6.58875 11.3779 2.72605 9.14463 
150 6779 1.22612 5.95285 9.62563 3.15618 
150 6780 0.607911 11.0829 9.85979 4.07426 
150 6781 7.7136 2.66106 6.03772 5.272 
150 6782 1.9004 1.48853 8.76464 0.833873 
150 6783 9.16221 1.46528 0.953232 5.3194 
150 6784 11.0929 8.70879 11.8101 8.47562 
150 6785 10.1657 7.53457 6.86452 4.91721 
150 6786 5.8772 4.27381 2.40159 3.28581 
150 6787 9.93798 7.30259 5.93473 9.93359 
150 6788 7.28333 10.7003 8.14297 9.005 
150 6789 1.26141 8.89116 8.55304 8.28157 
150 6790 7.98012 1.10676 8.04145 1.44205 
150 6791 2.21402 9.00005 5.71413 1.55915 
150 6792 5.88255 1.72958 3.99886 10.5491 
150 6793 6.94957 0.566557 3.6811 9.14291 
150 6794 10.1639 5.76633 0.671794 8.85485 
150 6795 7.55287 6.59157 0.802857 8.32901 
150 6796 5.08597 9.6695 6.04575 1.05497 
150 6797 7.80014 9.46095 2.75985 9.26093 
150 6798 10.1528 10.9043 11.62 6.09315 
150 6799 3.80485 1.07941 2.18233 3.3754 
150 6800 0.855089 5.57563 2.37489 2.73032 
150 6801 1.63497 6.35586 1.40379 11.3091 
150 6802 5.68723 6.90479 3.91176 2.31456 
150 6803 7.742 4.85544 10.6994 7.23869 
150 6804 8.94168 10.7738 2.29309 10.4794 
150 6805 8.68747 4.65649 8.27107 2.11403 
150 6806 10.169 8.90405 7.01386 1.87797 
150 6807 3.58707 9.87167 10.0378 3.38297 
150 6808 10.0689 0.736681 1.16347 0.775379 
150 6809 10.5741 3.08171 6.30435 6.09113 
150 6810 4.6643 8.07355 2.68471 1.8465 
150 6811 1.40366 1.58034 7.71438 4.11545 
150 6812 6.06008 10.455 3.71187 3.90615 
150 6813 5.15379 10.6754 0.627576 8.35601 
150 6814 2.08804 7.73244 9.01001 4.59485 
150 6815 0.769401 2.03056 3.50871 10.1851 
150 6816 1.60669 4.98738 4.91366 2.2339 
150 6817 3.63075 11.4774 2.45275 6.40844 
150 6818 9.44729 3.77564 7.93807 4.69507 
150 6819 10.6105 11.3564 3.22964 5.74718 
150 6820 9.56981 6.08629 4.20404 2.75544 
150 6821 0.613797 3.97841 11.029 7.82079 
150 6822 6.16703 3.12702 6.76741 6.42858 
150 6823 10.9386 5.25627 0.87219 2.33716 
150 6824 11.0364 0.498717 10.8196 7.81544 
150 6825 5.87103 7.73041 9.73003 3.23717 
150 6826 10.8568 6.44433 2.46517 5.41982 
150 6827 6.63485 11.2766 5.0201 10.1168 
150 6828 0.833634 8.55309 6.88291 0.695227 
150 6829 2.37333 0.968168 2.39756 6.88218 
150 6830 10.6729 5.79821 8.65595 11.0061 
150 6831 9.61079 3.6346 7.03187 4.23792 
150 6832 9.36205 6.8223 0.346291 4.25309 
150 6833 2.45793 9.32422 2.14356 8.67914 
150 6834 10.8208 9.54267 7.86116 10.7647 
150 6835 9.92948 0.593979 9.22517 9.20425 
150 6836 8.35597 0.485389 3.69585 4.53261 
150 6837 1.86069 6.1989 5.95132 1.22653 
150 6838 11.3644 9.97794 11.3182 4.51748 
150 6839 1.61238 6.9456 7.44768 6.37051 
150 6840 7.36497 8.61678 11.33 10.1775 
150 6841 2.44557 1.26787 2.10158 5.54116 
150 6842 10.6592 8.57526 11.6472 8.0826 
150 6843 1.18971 4.00293 0.440487 1.36283 
150 6844 4.21731 4.33406 10.3883 5.98931 
150 6845 4.89093 6.22444 5.63405 5.84103 
150 6846 3.81633 6.17521 8.8057 1.47008 
150 6847 6.85736 1.35668 7.44042 3.9353 
150 6848 2.35721 7.16051 8.42663 9.0365 
150 6849 1.4721 3.78071 2.87146 1.93696 
150 6850 5.54168 3.81512 3.70126 7.80256 
150 6851 7.61041 5.03382 3.4599 10.6372 
150 6852 8.83842 3.39392 11.5417 3.21914 
150 6853 9.01965 5.57166 2.50267 1.98511 
150 6854 6.39852 5.95497 8.95445 8.96947 
150 6855 5.52983 5.62892 0.76104 3.768 
150 6856 6.8701 3.64493 1.34435 8.21453 
150 6857 5.98231 4.94998 5.18681 10.9426 
150 6858 1.85223 4.64985 7.57144 3.66175 
150 6859 8.26271 6.44088 9.85961 1.32322 
150 6860 8.10967 9.93889 9.64574 5.78028 
150 6861 10.3787 1.27697 1.23467 5.84092 
150 6862 1.62536 5.84688 7.65078 1.32964 
150 6863 5.3877 9.02603 4.62776 10.5931 
150 6864 0.859263 4.2399 2.53127 1.34815 
150 6865 4.40842 3.49838 0.602669 6.34848 
150 6866 6.06731 4.23471 4.68511 4.38406 
150 6867 8.81561 4.50721 10.079 0.973238 
150 6868 2.8483 8.81409 5.52552 6.55033 
150 6869 8.40454 3.39613 6.15598 4.22495 
150 6870 7.58213 3.93439 4.34156 2.29553 
150 6871 2.0755 4.09383 7.18649 7.71559 
150 6872 8.54277 10.0153 2.163 8.08283 
150 6873 6.44211 7.7294 3.97504 2.04901 
150 6874 6.79674 8.84488 10.9552 9.59344 
150 6875 7.12617 10.0563 8.94466 9.04069 
150 6876 6.23385 3.92438 4.3863 9.43769 
150 6877 1.17604 11.6982 7.79307 8.56896 
150 6878 8.88235 1.69512 10.0666 11.2358 
150 6879 6.1563 5.38215 0.753498 8.22591 
150 6880 10.2148 1.85824 4.61073 0.978432 
150 6881 10.3667 3.56279 1.72793 5.33579 
150 6882 5.90091 6.8509 2.16136 2.02842 
150 6883 5.86475 6.34852 3.45447 6.57254 
150 6884 10.8032 1.70801 10.9783 5.63022 
150 6885 6.71707 7.00705 3.14946 4.951 
150 6886 3.96619 8.82957 8.43559 2.55853 
150 6887 8.42706 4.99047 5.54425 3.07059 
150 6888 1.32706 10.5739 3.40711 5.8746 
150 6889 8.14639 5.09606 4.90221 7.93075 
150 6890 11.836 8.48669 3.32801 11.452 
150 6891 3.23041 7.19474 1.03851 6.86779 
150 6892 5.25548 0.79318 0.776895 5.12769 
150 6893 2.56807 9.66807 5.67411 5.86042 
150 6894 0.94222 4.23712 8.80529 9.14798 
150 6895 1.01071 4.00616 0.457076 1.47536 
150 6896 7.8865 2.43905 8.39056 11.045 
150 6897 1.44835 1.90954 6.63198 6.34432 
150 6898 3.80952 10.4006 0.616898 1.96563 
150 6899 2.73558 1.7897 3.97375 5.36927 
150 6900 9.01859 11.4596 6.56865 11.7986 
150 6901 3.81087 0.970912 4.66025 4.58701 
150 6902 9.95697 9.3189 2.92831 11.2162 
150 6903 1.06349 7.94268 2.23315 4.29057 
150 6904 4.86949 5.21225 2.95825 5.82197 
150 6905 0.884855 10.0086 7.4687 11.2121 
150 6906 4.35798 7.59772 6.33112 6.37594 
150 6907 4.8473 9.9512 5.95674 1.28438 
150 6908 4.95716 1.00918 6.69961 7.21305 
150 6909 2.3499 7.18232 1.55111 1.46509 
150 6910 4.72299 9.0915 5.86349 1.2389 
150 6911 6.09469 2.66415 10.8714 1.29988 
150 6912 5.11258 3.29325 2.20154 1.84135 
150 6913 7.50131 9.12632 1.5191 11.5516 
150 6914 11.1903 7.67695 11.4749 3.35291 
150 6915 0.801008 0.707617 10.2615 4.69109 
150 6916 2.29468 7.19147 6.48991 9.09168 
150 6917 8.73232 7.15207 4.19109 3.49779 
150 6918 5.18979 9.56255 8.96446 6.95129 
150 6919 11.2595 9.12582 7.54888 1.26488 
150 6920 10.3241 4.34909 2.62994 1.29976 
150 6921 0.595431 7.82134 6.22773 5.47841 
150 6922 10.6816 1.17266 9.23046 11.0039 
150 6923 1.16452 3.15256 10.7862 8.92883 
150 6924 3.3047 5.12629 5.30972 1.01438 
150 6925 6.82324 10.7771 9.30515 1.58389 
150 6926 2.26822 6.29353 2.11386 2.20029 
150 6927 4.991 9.73863 8.48274 10.02 
150 6928 0.828181 5.55357 10.1888 7.3636 
150 6929 3.12474 0.710001 0.410036 5.73531 
150 6930 1.01081 4.00474 0.458206 1.47334 
150 6931 1.32806 11.475 11.1605 4.50978 
150 6932 10.0682 6.14378 0.935352 6.07505 
150 6933 10.7205 10.1149 1.79351 6.89761 
150 6934 5.9372 3.26032 9.26062 5.17572 
150 6935 6.5241 1.19589 3.67403 2.866 
150 6936 6.82273 8.19102 8.84114 3.36042 
150 6937 9.47033 4.92655 9.10368 5.06754 
150 6938 9.3517 10.6892 8.01298 10.1562 
150 6939 4.71836 7.57242 8.87523 9.75393 
150 6940 6.98161 10.6805 10.4446 1.19998 
150 6941 3.75467 0.691792 5.74429 4.71541 
150 6942 10.0226 11.2419 9.88685 11.3747 
150 6943 0.933384 6.20754 2.59281 1.58557 
150 6944 9.76775 6.13182 4.23629 2.79837 
150 6945 9.74722 8.82827 6.6486 2.02805 
150 6946 1.73822 3.19392 4.23604 0.973851 
150 6947 4.28135 3.69616 9.79333 6.13966 
150 6948 8.81548 9.93678 5.28254 0.84953 
150 6949 4.0554 6.7406 3.97732 7.55325 
150 6950 1.01221 8.24491 7.95564 6.94388 
150 6951 9.97902 10.1061 8.21595 9.3431 
150 6952 4.83047 7.2686 6.33248 7.79495 
150 6953 3.29501 0.898817 9.11247 5.62667 
150 6954 10.0801 9.43719 6.57815 2.1418 
150 6955 1.98045 10.1665 3.29135 3.89725 
150 6956 8.23533 2.61906 9.81802 7.38312 
150 6957 9.47311 8.67354 3.54287 4.68719 
150 6958 6.97127 5.84604 11.4797 10.272 
150 6959 4.30617 4.02859 2.81938 3.64591 
150 6960 4.08176 7.72758 5.8279 6.12852 
150 6961 9.81825 9.01318 6.59836 2.07346 
150 6962 7.30402 6.48702 4.33761 3.87173 
150 6963 4.91628 1.22772 7.50891 7.88229 
150 6964 3.95801 6.6602 8.7649 1.61295 
150 6965 4.35437 0.761326 0.52007 3.80446 
150 6966 11.1303 6.78485 4.38756 3.65535 
150 6967 8.30425 6.47232 0.786753 1.2191 
150 6968 8.48219 6.04244 0.892487 2.215 
150 6969 10.087 2.3171 3.36655 6.32645 
150 6970 8.45251 2.68327 10.3157 7.26545 
150 6971 4.17182 7.39547 9.51274 7.69052 
150 6972 8.75382 5.60593 3.95521 2.09408 
150 6973 1.00031 3.99547 2.5029 1.50006 
150 6974 11.6725 0.46518 9.79069 4.17688 
150 6975 7.31541 10.736 9.94644 9.59394 
150 6976 12.3296 12.4727 11.855 11.0372 
150 6977 2.06606 8.46255 10.7431 4.12027 
150 6978 10.2748 11.0848 11.0632 3.24641 
150 6979 0.841156 8.1464 5.90799 10.2209 
150 6980 8.8726 8.84291 7.1126 9.68475 
150 6981 8.47507 2.85265 3.35778 3.70325 
150 6982 3.59678 2.91519 5.46823 4.36789 
150 6983 6.64453 5.66511 2.59866 5.5505 
150 6984 10.1756 7.95059 10.8832 0.591393 
150 6985 3.694 5.26798 9.56302 3.39205 
150 6986 4.28435 9.15346 0.710073 10.6408 
150 6987 11.7456 6.44497 9.50144 8.27689 
150 6988 9.89296 11.5273 11.6733 2.3979 
150 6989 3.26982 4.34182 5.23135 5.04761 
150 6990 5.19123 6.46974 10.1821 1.3423 
150 6991 4.16728 6.8097 2.11186 4.46348 
150 6992 3.52359 7.39538 10.773 7.18769 
150 6993 0.648262 8.78212 5.4249 9.62234 
150 6994 0.458651 6.36848 8.62835 1.28176 
150 6995 6.22907 1.53627 3.24415 1.26017 
150 6996 7.32785 9.05292 2.56698 10.2552 
150 6997 0.854092 6.8555 10.208 1.09462 
150 6998 6.57991 4.8984 6.7861 1.06193 
150 6999 5.96609 4.01806 4.26628 8.77276 
150 7000 5.26328 3.61442 11.561 11.0078 
150 7001 6.61517 6.13698 4.19799 6.81124 
150 7002 0.975077 3.93971 2.51811 1.51234 
150 7003 9.81231 10.9023 2.65425 5.52779 
150 7004 7.89848 3.95827 10.0504 3.58741 
150 7005 4.75391 4.88032 10.4678 10.9245 
150 7006 2.9406 6.81789 6.36106 8.47272 
150 7007 4.9955 10.1655 6.28137 9.04374 
150 7008 7.02715 0.638347 3.2393 3.34294 
150 7009 6.02299 7.3679 3.97222 2.08495 
150 7010 4.32033 4.87028 2.91033 3.21991 
150 7011 5.9769 4.4319 1.42956 7.87294 
150 7012 3.5714 6.6691 0.791554 6.15069 
150 7013 5.54166 10.085 0.949699 8.01781 
150 7014 10.0904 1.30994 5.69795 2.87632 
150 7015 0.647993 6.22013 5.77237 2.99162 
150 7016 2.38643 10.3726 6.28938 7.02885 
150 7017 4.75794 10.4028 9.03978 3.42637 
150 7018 9.56257 6.03463 6.22538 4.12415 
150 7019 10.6108 3.42932 5.52533 7.48878 
150 7020 4.80114 7.46355 8.05576 9.56291 
150 7021 5.33142 9.02681 5.80903 4.20272 
150 7022 5.01765 6.20515 2.36216 5.60517 
150 7023 8.2101 7.81104 2.64958 9.31729 
150 7024 1.00916 4.00795 0.457277 1.47523 
150 7025 6.49173 9.5583 4.861 4.8477 
150 7026 4.1525 6.47102 3.86058 7.82884 
150 7027 3.53501 9.69952 3.88871 6.8185 
150 7028 5.15031 0.941709 4.09181 3.72433 
150 7029 4.25651 5.45254 3.78374 10.2071 
150 7030 1.10349 5.72272 8.91183 3.00128 
150 7031 8.15852 0.876578 6.4195 3.60871 
150 7032 2.89481 7.23382 4.30117 9.75178 
150 7033 11.4057 9.38531 9.55483 10.0857 
150 7034 8.74758 2.70559 7.32676 11.335 
150 7035 0.709428 4.76628 7.05815 11.0745 
150 7036 0.658359 11.6447 10.1451 4.73309 
150 7037 5.23806 3.13691 8.87116 1.00407 
150 7038 2.09172 7.67651 9.06109 4.43168 
150 7039 2.1257 5.40842 6.61472 1.16966 
150 7040 7.40182 11.5921 10.3335 7.01362 
150 7041 3.39226 8.52606 5.24245 5.80789 
150 7042 4.35342 6.83659 5.91748 10.9732 
150 7043 5.77239 7.39593 10.7334 6.37854 
150 7044 2.11689 4.24586 5.0856 1.81519 
150 7045 6.15167 4.36491 8.00361 2.98629 
150 7046 6.37293 7.13044 5.08997 2.56018 
150 7047 6.2151 7.7667 3.58096 2.41651 
150 7048 2.35732 6.957 8.89751 5.68952 
150 7049 4.96363 8.66467 5.54193 3.81259 
150 7050 8.44125 1.46978 2.5554 3.87524 
150 7051 3.21883 6.39403 4.33841 4.76174 
150 7052 11.3587 11.1539 6.17586 10.9294 
150 7053 8.73627 3.54439 2.12871 8.44558 
150 7054 5.50517 2.49117 10.8238 1.01404 
150 7055 9.52065 2.43619 2.80854 2.17606 
150 7056 4.37347 5.23345 0.50335 3.23902 
150 7057 8.99212 8.31516 6.71172 6.65231 
150 7058 2.15081 8.51495 4.6281 1.02392 
150 7059 10.0085 10.7753 5.40938 9.79028 
150 7060 2.70894 6.1552 8.72973 1.1363 
150 7061 4.52911 4.01332 3.33782 9.33081 
150 7062 7.18655 4.21821 10.2795 10.5883 
150 7063 0.916696 6.89478 5.37141 5.00232 
150 7064 3.36554 1.33832 7.76393 11.6452 
150 7065 9.12854 8.18687 2.04166 6.29236 
150 7066 11.3314 6.77848 7.13961 10.5592 
150 7067 10.6625 7.67524 8.82433 8.00894 
150 7068 1.28267 11.9513 8.35263 6.38407 
150 7069 3.73682 7.02894 9.72128 4.35361 
150 7070 9.85843 8.35448 4.01891 5.41834 
150 7071 4.6758 5.06429 3.44434 2.10952 
150 7072 6.71055 6.60003 1.72621 9.9511 
150 7073 4.63345 3.65756 3.8581 3.89763 
150 7074 3.92927 6.50922 2.04891 8.10037 
150 7075 3.31641 4.04172 4.63591 9.38809 
150 7076 3.1153 8.34409 9.36952 1.45528 
150 7077 4.00574 8.21601 6.50211 7.20334 
150 7078 1.10938 4.71869 7.48445 10.2741 
150 7079 9.85042 11.3383 0.638354 5.63448 
150 7080 2.11912 6.26373 3.44824 4.69093 
150 7081 3.84868 3.82452 2.4938 3.15542 
150 7082 3.55961 9.70623 10.8926 1.43497 
150 7083 8.20715 4.49545 9.72486 11.7589 
150 7084 6.17554 4.13876 0.876463 8.7307 
150 7085 6.65396 1.5171 11.109 6.45303 
150 7086 7.53325 6.86204 10.8333 6.01155 
150 7087 1.09827 5.99722 3.81042 2.4806 
150 7088 2.77643 2.39644 6.11672 5.43119 
150 7089 5.19287 3.55483 2.65326 8.51823 
150 7090 2.06287 1.76969 9.45202 9.77394 
150 7091 10.3287 3.53003 3.5214 4.98059 
150 7092 0.766116 11.9656 8.71804 5.90906 
150 7093 2.21561 8.07739 7.69049 3.60446 
150 7094 9.27603 8.16019 3.18988 10.625 
150 7095 2.94453 7.64645 1.74656 9.52981 
150 7096 5.04022 1.68934 4.24864 9.69331 
150 7097 5.01019 10.428 3.12399 1.70206 
150 7098 0.984757 6.40911 4.79749 4.54539 
150 7099 9.62797 8.92531 5.15588 3.96513 
150 7100 2.78823 2.34615 10.1278 10.6744 
150 7101 4.87609 4.85887 2.85094 3.83292 
150 7102 6.97765 0.641531 8.92439 9.19646 
150 7103 3.66917 9.07647 6.92702 7.8546 
150 7104 11.3502 4.5222 7.05515 11.8444 
150 7105 4.39551 3.17515 0.948942 9.27023 
150 7106 8.9721 5.59132 3.91362 1.78065 
150 7107 9.54489 9.31276 4.36381 7.77645 
150 7108 6.4209 9.62574 6.7631 10.7465 
150 7109 3.67186 9.73712 9.50055 10.7177 
150 7110 9.22058 5.69365 3.90373 1.60416 
150 7111 10.2958 9.59018 3.47013 5.00665 
150 7112 9.30346 8.47043 4.38468 2.22102 
150 7113 6.77145 11.4152 12.057 9.9868 
150 7114 0.537396 10.7081 11.6283 9.63608 
150 7115 6.37116 10.6702 1.34108 6.79126 
150 7116 8.99308 8.31747 6.71531 6.64674 
150 7117 11.151 9.44759 0.702514 9.81777 
150 7118 9.77211 3.47548 3.62383 3.61013 
150 7119 8.89452 7.33693 7.69478 5.89792 
150 7120 10.1309 6.88995 7.17472 10.7638 
150 7121 6.74999 1.17511 9.33506 5.4591 
150 7122 4.85405 4.90893 9.86522 0.670565 
150 7123 3.79635 10.5486 2.6462 5.51721 
150 7124 6.53272 8.78914 6.82925 6.14475 
150 7125 0.65344 7.09731 9.56821 4.75787 
150 7126 11.1315 7.95809 9.10151 8.05009 
150 7127 8.17992 4.8659 2.84169 2.08102 
150 7128 11.5346 3.58933 1.44005 11.1558 
150 7129 10.8007 11.0397 5.18393 4.85117 
150 7130 8.93634 10.6046 11.2334 7.23265 
150 7131 3.99494 1.05515 0.533924 3.67708 
150 7132 4.83139 2.01391 5.57905 10.3134 
150 7133 10.6462 3.70984 4.89178 9.11228 
150 7134 6.10327 6.50777 0.607808 9.77696 
150 7135 0.556388 8.24801 11.269 6.06838 
150 7136 5.62002 6.25124 0.673987 4.59926 
150 7137 1.61772 1.20675 5.29583 9.1959 
150 7138 11.0818 9.60409 5.50016 3.74249 
150 7139 6.08125 5.697 7.18277 5.52591 
150 7140 7.611 1.60146 3.70422 2.29329 
150 7141 11.0558 3.33321 5.33522 1.15064 
150 7142 10.2244 5.34383 9.92324 5.48902 
150 7143 8.74637 4.03642 11.1657 3.45848 
150 7144 10.5609 6.6996 3.41325 0.728988 
150 7145 7.15784 1.07705 10.0523 6.04717 
150 7146 10.9613 3.4625 3.7889 5.34096 
150 7147 3.14979 7.12911 9.91733 6.07566 
150 7148 2.2089 8.60077 7.90077 8.48522 
150 7149 11.2669 7.88773 3.04049 9.18664 
150 7150 8.65115 7.05686 2.18606 5.86311 
150 7151 10.8619 9.26552 3.83727 5.63486 
150 7152 3.63659 6.70882 5.26328 10.8267 
150 7153 7.7071 8.91379 0.670787 2.11537 
150 7154 6.99859 5.61095 2.28167 4.83535 
150 7155 6.03352 0.436904 11.038 3.91297 
150 7156 7.88904 1.67902 0.752765 2.79064 
150 7157 10.3146 3.74773 0.95301 7.4632 
150 7158 10.2348 3.76401 8.13688 5.01624 
150 7159 7.05246 0.536974 10.3817 9.79556 
150 7160 0.846844 9.80506 9.32555 8.58924 
150 7161 8.0257 10.3541 5.01446 4.21598 
150 7162 10.056 6.02207 8.16796 10.5624 
150 7163 4.74064 3.36483 2.91709 7.57702 
150 7164 11.7139 2.17287 4.46834 10.4358 
150 7165 0.989675 4.79708 1.27933 4.5025 
150 7166 2.72166 4.38317 10.556 7.43072 
150 7167 9.18747 4.50359 6.60772 9.85652 
150 7168 2.68091 10.4642 0.754079 9.79912 
150 7169 3.06947 4.93758 8.66085 2.48944 
150 7170 9.56222 11.4903 1.54642 9.89322 
150 7171 3.16005 8.46568 0.938259 8.16791 
150 7172 10.829 5.03822 1.79472 6.11055 
150 7173 4.43752 7.48453 5.74207 6.32869 
150 7174 11.5741 4.27079 8.70714 9.77425 
150 7175 7.77858 10.1385 7.49897 3.76272 
150 7176 8.72956 3.21734 7.94706 2.3384 
150 7177 7.9179 4.72764 9.27383 11.4153 
150 7178 10.7549 6.19288 8.93237 7.41742 
150 7179 3.46917 3.96329 3.82415 7.6213 
150 7180 9.58391 7.15984 8.59456 6.7574 
150 7181 3.08174 1.35628 2.8614 8.24686 
150 7182 0.959645 5.51965 5.72452 2.52967 
150 7183 6.33876 7.61532 5.55545 2.61271 
150 7184 10.8638 2.86172 10.1751 1.40325 
150 7185 1.00509 4.01112 0.458113 1.47361 
150 7186 3.03866 3.9794 8.29355 10.4962 
150 7187 7.6572 0.59427 7.40525 10.7428 
150 7188 0.73519 10.1394 6.56629 4.09083 
150 7189 1.52258 4.93261 2.01741 6.56538 
150 7190 11.1557 2.99524 10.7681 9.83056 
150 7191 10.3872 10.8693 6.68034 3.86564 
150 7192 0.984465 0.778178 3.56378 1.89934 
150 7193 3.95287 10.6618 8.97194 5.7158 
150 7194 3.95718 5.20182 4.72069 10.3593 
150 7195 0.634891 5.81708 4.09257 1.13833 
150 7196 10.5897 6.29853 0.73227 6.15755 
150 7197 10.1597 6.73121 2.62834 4.07502 
150 7198 9.37898 6.30336 2.02599 2.1725 
150 7199 5.32342 8.52726 1.1224 2.36876 
150 7200 4.22095 1.04901 2.61544 7.15706 
150 7201 11.5696 6.41127 7.45347 2.48681 
150 7202 1.19696 7.41066 7.79593 6.68135 
150 7203 6.95385 7.75293 1.96479 7.11265 
150 7204 1.7692 2.97214 6.17376 1.00154 
150 7205 4.36289 8.97045 10.7237 2.94419 
150 7206 11.0096 1.23639 10.4089 4.4742 
150 7207 4.69561 0.552935 4.7386 8.10109 
150 7208 0.641841 4.23242 9.3848 0.536587 
150 7209 11.254 6.17839 8.64895 4.30126 
150 7210 5.65906 0.425619 0.837953 2.56482 
150 7211 7.88928 2.531 2.85863 10.1608 
150 7212 11.4701 10.4071 5.96977 3.57177 
150 7213 1.30379 4.2003 0.418037 1.40011 
150 7214 6.03754 10.7163 0.579237 4.68825 
150 7215 5.10652 11.186 8.01158 0.586884 
150 7216 3.66484 1.18399 0.369099 6.81756 
150 7217 5.80456 4.25836 0.886944 6.99808 
150 7218 4.23667 1.66543 9.42291 6.26205 
150 7219 9.32706 8.04598 4.98278 3.87555 
150 7220 1.11127 10.3682 2.11629 4.47368 
150 7221 3.9927 0.995305 0.451218 3.49613 
150 7222 6.7438 5.45558 3.73407 1.50546 
150 7223 6.25424 11.4595 2.66134 9.03248 
150 7224 1.37956 8.20797 4.66911 1.53116 
150 7225 6.13236 1.74008 3.9011 10.7231 
150 7226 9.10296 7.28405 0.932695 6.40416 
150 7227 4.19748 5.5042 4.18666 4.63232 
150 7228 4.15278 5.73874 3.84504 3.05107 
150 7229 8.72816 10.067 2.27291 9.80092 
150 7230 4.61481 5.60892 1.38902 10.5779 
150 7231 0.3277 7.89518 2.33072 5.55888 
150 7232 5.53921 7.505 2.55024 11.0166 
150 7233 2.56735 5.12109 4.34894 0.483601 
150 7234 2.04029 5.14065 5.98736 1.44844 
150 7235 4.49586 4.91879 0.514187 3.65929 
150 7236 1.12204 5.06181 5.84529 2.85933 
150 7237 3.84868 3.82453 2.4938 3.15542 
150 7238 7.87954 3.08915 1.34257 3.213 
150 7239 4.35122 3.99812 2.87357 3.67172 
150 7240 5.8902 6.45008 9.34731 9.15742 
150 7241 6.89723 3.42073 8.28748 7.80806 
150 7242 2.89826 9.43001 3.38442 2.05508 
150 7243 4.07924 2.89977 6.91568 10.0455 
150 7244 2.25767 7.64528 3.11874 10.8615 
150 7245 10.4584 4.35298 2.59014 2.77203 
150 7246 1.65427 3.61925 5.23556 11.2216 
150 7247 0.765665 9.55855 3.71684 6.45425 
150 7248 10.936 2.45033 10.0811 5.67922 
150 7249 11.8736 6.81049 8.05021 2.72 
150 7250 5.29275 10.9149 5.30204 4.52425 
150 7251 8.50412 7.0418 3.23048 10.7499 
150 7252 2.81645 11.1223 5.42557 8.13891 
150 7253 10.4038 7.07318 10.8678 10.6902 
150 7254 3.9126 11.6421 10.7775 10.6805 
150 7255 4.58642 3.38322 4.5967 3.72606 
150 7256 9.94891 4.84898 3.88197 10.3017 
150 7257 5.89617 0.623786 6.10304 6.0335 
150 7258 7.24262 6.4794 3.26529 9.80633 
150 7259 2.87106 7.10868 4.28019 10.2755 
150 7260 0.651454 8.57609 7.34389 10.4094 
150 7261 8.84739 1.43627 9.93506 7.64894 
150 7262 0.638276 3.82667 6.47284 10.8485 
150 7263 1.10536 1.61524 9.20357 10.2015 
150 7264 11.9141 1.59987 3.07725 11.0593 
150 7265 8.17548 10.3804 5.23698 4.29184 
150 7266 5.95567 9.20058 8.12767 2.97071 
150 7267 9.71388 0.634766 0.820724 10.7143 
150 7268 2.89335 3.45706 9.29123 1.86277 
150 7269 4.92792 2.97047 8.63613 10.7844 
150 7270 1.12479 4.7513 10.353 1.13174 
150 7271 11.0201 8.97895 5.37768 5.61253 
150 7272 9.60649 8.79412 6.57928 2.04969 
150 7273 1.07381 10.5237 0.49139 2.00061 
150 7274 2.41789 7.89512 3.30704 1.60002 
150 7275 3.1428 10.6731 6.05922 6.65656 
150 7276 2.19693 5.41908 7.12276 0.907493 
150 7277 1.83386 11.0862 11.0341 2.46063 
150 7278 4.4081 4.06695 3.17603 9.22925 
150 7279 2.57839 3.69126 3.56116 5.52953 
150 7280 6.30483 8.35842 3.26301 2.52512 
150 7281 7.71341 3.42029 3.17112 5.32695 
150 7282 11.0137 0.919785 7.06537 4.17487 
150 7283 5.21427 2.66107 9.27898 1.73753 
150 7284 3.49171 1.11037 2.27108 3.31626 
150 7285 1.21926 8.30869 0.597331 9.20561 
150 7286 6.42074 3.28855 7.38041 7.41302 
150 7287 1.2372 11.4094 8.16088 1.51539 
150 7288 8.63575 11.0743 2.60167 11.3245 
150 7289 8.10127 6.62957 5.3763 7.56063 
150 7290 1.02377 6.78807 5.35861 5.6329 
150 7291 4.15589 10.1116 7.09661 11.1817 
150 7292 10.6696 3.48429 8.91151 5.20056 
150 7293 4.2235 8.83394 3.67062 11.0919 
150 7294 6.38555 10.6108 1.56431 6.88381 
150 7295 5.10962 10.0893 7.9804 7.23455 
150 7296 4.37966 4.88751 2.4453 2.5128 
150 7297 4.55929 6.87103 3.18314 5.41966 
150 7298 7.82297 8.69953 0.684173 6.60836 
150 7299 1.94318 3.00376 4.92661 0.955371 
150 7300 10.7535 9.99791 6.39582 2.69668 
150 7301 6.09478 4.25625 2.24937 3.11947 
150 7302 8.6241 3.84063 3.88915 2.36148 
150 7303 7.96593 5.56915 4.56339 7.57486 
150 7304 9.59003 6.05206 2.42876 4.48805 
150 7305 7.49462 0.495226 3.95454 9.75984 
150 7306 4.11571 4.32525 4.72708 4.10152 
150 7307 0.566456 6.11187 5.81238 10.4643 
150 7308 4.52744 6.33884 8.40894 11.4986 
150 7309 9.5874 11.487 7.96124 2.05572 
150 7310 9.10975 6.48676 10.623 1.36874 
150 7311 10.7894 4.01593 7.91591 4.05355 
150 7312 9.11888 5.28626 1.54082 10.8164 
150 7313 6.93793 5.2556 9.72509 8.94358 
150 7314 4.16395 4.23948 2.79714 3.64345 
150 7315 4.73284 2.06747 8.94397 8.32428 
150 7316 3.2866 1.21636 2.21264 6.58682 
150 7317 1.23181 4.22837 8.55653 5.63816 
150 7318 8.92521 7.60982 6.5819 3.51089 
150 7319 6.80944 8.86938 6.2656 9.32591 
150 7320 9.04093 1.94779 8.57297 4.18311 
150 7321 8.33 1.50926 6.89273 11.6487 
150 7322 6.08895 4.29922 9.34228 3.23695 
150 7323 0.818379 2.4422 5.3025 3.0626 
150 7324 3.50331 1.41846 0.574584 9.19661 
150 7325 6.39572 8.88901 3.92525 8.71589 
150 7326 1.00549 4.00722 0.458731 1.471 
150 7327 7.24344 1.04109 10.1067 5.91819 
150 7328 8.85028 2.91982 3.46288 5.75426 
150 7329 3.10707 4.57643 10.6826 2.81119 
150 7330 2.63297 8.98206 5.69263 3.88141 
150 7331 11.2197 0.557167 7.48535 7.83067 
150 7332 1.99677 7.62448 6.66033 1.95067 
150 7333 11.3284 4.64425 11.0793 6.76278 
150 7334 3.25715 4.84995 6.60033 5.3471 
150 7335 1.48669 0.99276 5.30472 10.1629 
150 7336 1.81211 3.17535 9.60568 4.86088 
150 7337 7.16491 10.3905 1.2618 9.28777 
150 7338 3.12246 7.43345 1.08238 7.20094 
150 7339 3.48188 3.79041 5.06631 9.93747 
150 7340 4.90739 5.45311 1.93296 10.0779 
150 7341 10.4725 8.3756 11.5917 7.92704 
150 7342 1.91566 6.65305 2.28971 6.624 
150 7343 1.08092 6.54405 1.48623 3.19575 
150 7344 9.98096 10.931 2.72616 5.58389 
150 7345 4.31893 3.86362 8.94581 5.95719 
150 7346 6.01324 4.89207 1.98727 8.48921 
150 7347 8.90142 7.13442 7.38055 7.68788 
150 7348 8.29657 8.63332 5.79404 6.53301 
150 7349 9.34015 5.8538 2.30364 5.04049 
150 7350 6.47398 4.706 0.454863 3.88179 
150 7351 5.74591 6.54878 4.97024 4.65372 
150 7352 0.869376 2.97221 4.20042 3.97859 
150 7353 0.567599 4.15329 4.94119 5.67109 
150 7354 2.28561 8.11574 9.58507 4.82983 
150 7355 9.18651 5.3106 1.14756 5.70185 
150 7356 9.05429 2.28653 5.47271 2.46358 
150 7357 2.61141 2.77442 6.13312 9.34838 
150 7358 3.32306 1.32059 0.464756 7.58576 
150 7359 9.08248 0.81596 1.70116 8.89252 
150 7360 8.29224 7.22109 7.90962 9.08415 
150 7361 9.72879 1.16806 9.0021 0.688045 
150 7362 4.76281 7.3628 6.3053 7.52054 
150 7363 7.37716 2.05578 8.38614 10.509 
150 7364 3.76549 7.35471 0.978602 5.7725 
150 7365 11.291 2.37625 9.82967 1.91836 
150 7366 3.79688 5.03104 9.58313 0.731945 
150 7367 11.6973 11.5113 4.61705 7.66099 
150 7368 0.485565 7.31338 10.7523 4.38355 
150 7369 3.4649 3.41924 9.7058 2.11666 
150 7370 3.58927 10.3095 10.68 6.12168 
150 7371 1.59676 1.20972 5.37974 9.08796 
150 7372 8.93187 0.961034 4.71174 8.19637 
150 7373 1.71924 7.78695 4.34417 1.68659 
150 7374 6.53047 2.89035 3.09215 6.1448 
150 7375 7.6797 0.886263 3.42264 3.28356 
150 7376 4.13984 8.16046 6.74929 7.08134 
150 7377 0.894845 5.39047 4.11061 10.1033 
150 7378 5.37672 8.95844 4.56005 10.1194 
150 7379 8.73449 4.40415 8.39275 1.76755 
150 7380 5.06307 5.7524 3.76209 2.5916 
150 7381 9.06237 8.15493 3.50379 4.34489 
150 7382 6.61098 10.7972 11.6843 9.11813 
150 7383 6.96298 9.30375 1.58118 5.43502 
150 7384 1.75262 6.74426 6.23139 0.887233 
150 7385 7.8361 10.163 4.62353 6.9416 
150 7386 6.70598 11.0727 5.28785 10.4475 
150 7387 3.18292 9.2242 10.8112 1.9148 
150 7388 10.7357 3.43801 9.24048 8.26227 
150 7389 1.62531 7.38639 0.564893 1.63176 
150 7390 0.802556 6.78013 9.67188 8.26932 
150 7391 5.43584 9.62437 2.30282 5.03771 
150 7392 0.661623 2.90538 11.1891 7.73604 
150 7393 0.877138 4.47518 2.59828 1.55636 
150 7394 9.19933 4.20883 1.04112 2.40866 
150 7395 7.1992 6.27727 9.94132 5.70847 
150 7396 10.1721 8.38457 7.8648 5.04275 
150 7397 4.6833 8.05395 6.43527 11.19 
150 7398 8.85166 5.05048 8.12843 2.28748 
150 7399 4.43642 3.6494 1.99097 9.79123 
150 7400 6.27423 6.59384 6.11026 1.53208 
150 7401 1.04014 5.14478 4.10908 10.0649 
150 7402 3.27795 5.33048 7.0037 9.54844 
150 7403 11.421 6.23816 9.2952 4.58435 
150 7404 7.27475 5.61565 3.76467 5.92452 
150 7405 8.34218 11.1164 5.19692 6.85119 
150 7406 10.6135 7.44032 2.86209 8.692 
150 7407 5.61003 3.98097 7.79782 11.0749 
150 7408 10.3895 3.73844 1.54201 5.45499 
150 7409 2.85152 11.2702 10.5413 5.17205 
150 7410 10.2372 0.625616 8.84234 9.31993 
150 7411 10.943 1.50712 8.54013 8.33288 
150 7412 6.52015 2.41572 6.96311 9.10905 
150 7413 7.08519 6.91254 4.2392 6.18874 
150 7414 3.91689 0.797638 4.12978 7.86274 
150 7415 4.14449 10.9763 3.53406 8.51257 
150 7416 8.9634 10.4489 8.41047 6.83041 
150 7417 9.16754 7.72969 5.39282 8.45184 
150 7418 8.16753 8.94425 0.703683 7.43551 
150 7419 9.46377 3.75783 9.79827 11.8715 
150 7420 4.89025 1.10945 7.65999 1.52504 
150 7421 6.97666 5.90799 2.34569 4.81796 
150 7422 5.25446 5.19994 2.83915 3.99546 
150 7423 10.9566 11.3552 0.993246 3.18567 
150 7424 9.10671 4.82796 8.5043 2.45187 
150 7425 0.717416 3.12508 3.85901 2.16683 
150 7426 4.94051 4.53104 4.91815 3.90313 
150 7427 2.53272 9.71348 2.05111 8.79638 
150 7428 9.88928 10.5132 4.03078 7.00748 
150 7429 11.0748 5.60068 11.1113 6.16673 
150 7430 5.61804 8.12944 10.3253 10.2856 
150 7431 1.0615 4.63679 2.28758 1.03532 
150 7432 9.58166 4.13055 8.28227 4.85893 
150 7433 0.996478 1.51085 7.24758 5.02922 
150 7434 1.57269 8.69624 8.48989 3.7152 
150 7435 6.28729 10.3869 7.08498 5.03947 
150 7436 5.02035 10.1044 6.19353 9.04897 
150 7437 9.04335 0.724153 3.38289 3.03027 
150 7438 7.87288 3.11744 1.86936 9.18301 
150 7439 1.61751 8.38638 4.02158 1.13528 
150 7440 1.33957 6.38697 3.93315 2.66881 
150 7441 2.88963 6.80666 3.51773 8.71194 
150 7442 3.00406 11.25 8.06744 9.39293 
150 7443 4.16008 4.23723 2.80271 3.64197 
150 7444 7.0458 4.2531 1.59186 1.53416 
150 7445 4.47786 4.90804 2.74379 5.01995 
150 7446 2.11903 11.7338 10.3438 9.45636 
150 7447 2.32717 8.21311 10.3514 4.50652 
150 7448 4.78233 8.60896 2.25643 1.82068 
150 7449 4.44567 4.33721 10.6381 7.17988 
150 7450 9.20348 6.77523 0.357802 3.47341 
150 7451 5.17984 8.39121 1.71963 6.83813 
150 7452 1.32059 2.57187 7.02803 10.2851 
150 7453 2.3897 4.76864 4.28908 8.74822 
150 7454 3.61351 4.12383 6.47566 0.484184 
150 7455 1.37311 1.12166 5.08484 10.0394 
150 7456 9.36244 0.592678 0.731529 8.49125 
150 7457 3.87949 6.27595 10.4421 2.51083 
150 7458 0.752177 10.9332 0.404542 10.9982 
150 7459 8.32977 1.94838 6.95379 9.12725 
150 7460 8.85599 2.61135 8.48953 11.5365 
150 7461 6.31329 6.61515 2.9355 4.65563 
150 7462 5.09649 10.117 5.6622 0.893198 
150 7463 4.6406 3.8216 10.8229 3.42122 
150 7464 3.64765 5.04796 0.756356 7.17 
150 7465 10.6951 0.526025 4.76134 5.90206 
150 7466 5.15803 10.7907 6.34806 1.91963 
150 7467 0.836648 2.1772 5.74131 3.81767 
150 7468 3.79928 8.28782 3.38753 3.63515 
150 7469 5.65108 6.75145 2.53232 9.73963 
150 7470 0.489671 7.62403 10.1192 5.30399 
150 7471 9.8383 4.50356 3.18194 2.39923 
150 7472 10.0622 10.0969 4.35048 4.76416 
150 7473 4.6091 4.98187 10.0332 10.2113 
150 7474 4.99545 5.39069 2.0074 9.87623 
150 7475 1.32592 1.40056 2.99262 8.66449 
150 7476 10.3019 1.17961 7.1486 4.44996 
150 7477 3.77192 9.34452 9.21398 2.76828 
150 7478 5.1873 8.03778 3.01009 9.51997 
150 7479 1.67232 6.1363 6.00181 5.78717 
150 7480 5.56805 6.33325 10.1098 9.55389 
150 7481 9.82704 3.32513 3.31989 6.75186 
150 7482 2.71007 9.58974 0.892278 2.19758 
150 7483 1.36833 10.1665 5.40167 4.8858 
150 7484 11.6245 1.52941 9.32149 8.63074 
150 7485 11.1694 1.47768 11.2441 5.02809 
150 7486 9.6309 8.25266 3.68905 5.42113 
150 7487 3.95433 9.30606 5.45927 3.93042 
150 7488 9.59389 3.57699 7.18978 7.83618 
150 7489 7.24921 10.279 9.49829 9.26291 
150 7490 4.01499 4.92474 4.55258 4.01592 
150 7491 3.10353 11.3812 8.25835 9.48816 
150 7492 1.08192 2.08434 5.83432 1.02367 
150 7493 2.10866 1.13366 10.2457 6.96267 
150 7494 9.21115 8.34159 6.83426 6.87968 
150 7495 1.21425 1.16795 9.95781 10.6697 
150 7496 9.88788 0.827203 0.879016 1.11631 
150 7497 10.261 11.187 4.35854 2.43954 
150 7498 11.1098 4.06534 10.4805 3.41261 
150 7499 4.16488 2.51609 6.68087 9.33839 
150 7500 2.53477 1.22654 4.1309 1.05018 
150 7501 2.42047 4.28202 2.17747 10.6344 
150 7502 1.31751 7.67949 6.60346 0.847528 
150 7503 3.60347 1.09261 0.436619 7.25728 
150 7504 0.623852 3.1123 3.16295 4.25414 
150 7505 8.10411 6.6517 2.08109 6.89487 
150 7506 10.1426 6.28181 4.46079 7.93722 
150 7507 9.32415 10.4289 6.66083 7.15461 
150 7508 6.12855 10.9234 2.79989 8.10353 
150 7509 9.14148 3.82493 2.07367 9.10178 
150 7510 5.85476 4.13734 4.56318 4.34063 
150 7511 9.03204 0.68939 0.969404 10.0156 
150 7512 7.99067 2.62117 2.94816 10.2223 
150 7513 3.93829 11.0977 11.1846 7.96143 
150 7514 5.07512 3.98438 4.06211 4.0864 
150 7515 8.3952 4.55859 5.3677 4.55771 
150 7516 8.8646 8.49777 6.39248 2.05288 
150 7517 0.851833 3.35957 5.01147 0.85744 
150 7518 5.8615 11.1045 4.71187 4.42339 
150 7519 6.58522 10.4483 8.21301 2.56491 
150 7520 8.17648 6.27704 1.001 11.391 
150 7521 5.37235 1.36921 3.33165 2.1105 
150 7522 10.8787 0.903865 10.2237 2.36933 
150 7523 11.4407 4.55934 6.53544 3.48882 
150 7524 6.17262 7.41348 5.63901 6.36213 
150 7525 9.98069 11.2216 2.55591 5.38719 
150 7526 5.5118 5.66682 3.63649 1.33565 
150 7527 11.636 11.8493 9.7375 7.52919 
150 7528 6.27972 10.7298 2.78225 11.3493 
150 7529 6.20745 5.483 5.23982 1.37124 
150 7530 11.6791 10.7945 2.80036 11.8135 
150 7531 3.53386 9.04456 3.51702 10.2076 
150 7532 11.738 9.8731 11.0393 10.124 
150 7533 5.07629 1.57805 9.3443 9.97777 
150 7534 2.71758 0.75351 4.80748 6.34274 
150 7535 0.902788 3.75075 2.67298 1.4401 
150 7536 5.80378 0.370636 0.95447 2.43452 
150 7537 11.2259 1.05435 2.20615 9.90984 
150 7538 0.760406 5.00676 4.70367 8.50725 
150 7539 8.37394 8.48277 7.93987 9.27545 
150 7540 6.27047 0.769267 0.81261 5.51938 
150 7541 6.85353 9.82365 5.11871 4.18268 
150 7542 10.1429 8.88101 11.3801 4.48246 
150 7543 4.58413 8.57834 5.81262 1.31796 
150 7544 8.44088 0.768785 3.31895 3.16535 
150 7545 0.869072 10.3829 7.06426 7.17504 
150 7546 3.44251 0.827645 4.83114 6.08856 
150 7547 10.3702 6.77527 9.63931 11.5296 
150 7548 7.39865 10.1504 5.24104 4.13481 
150 7549 8.00171 4.80784 7.77641 2.38318 
150 7550 6.55625 0.746628 0.661587 1.90318 
150 7551 9.43656 11.8511 2.35072 2.53836 
150 7552 1.39529 4.79854 4.08935 7.02658 
150 7553 3.75075 0.557268 8.96047 1.36516 
150 7554 2.96401 3.84491 2.56464 4.53377 
150 7555 10.11 11.5573 5.07424 1.41355 
150 7556 9.50277 4.15913 4.948 1.45666 
150 7557 9.0077 7.24327 8.02698 5.60281 
150 7558 7.99916 7.98996 5.26997 6.34201 
150 7559 7.78601 3.37328 7.32653 2.63236 
150 7560 6.9964 6.69995 4.60349 6.08026 
150 7561 7.34303 8.09813 0.6148 2.41866 
150 7562 1.27735 4.18291 7.00779 5.21063 
150 7563 3.24025 6.41987 5.16551 6.54851 
150 7564 10.8478 4.35884 7.77486 3.79313 
150 7565 11.7481 3.91891 7.36412 2.42384 
150 7566 6.57001 7.99469 3.2177 8.51036 
150 7567 5.22599 5.07434 5.82285 5.9411 
150 7568 0.758806 10.1394 0.572559 2.25084 
150 7569 3.20118 6.48827 10.1815 2.72664 
150 7570 3.59266 5.82582 8.22597 1.31103 
150 7571 1.11561 2.92662 7.34855 1.49941 
150 7572 1.5385 9.37015 3.37501 7.03487 
150 7573 9.16266 4.87625 8.54481 5.05856 
150 7574 7.1233 5.85375 6.63617 1.86581 
150 7575 5.32476 3.37923 7.8147 11.0334 
150 7576 7.54561 2.78768 2.18166 9.27448 
150 7577 3.79879 1.06703 2.10532 7.14519 
150 7578 0.782698 3.67773 8.03587 1.60152 
150 7579 1.12501 5.18927 6.49397 3.08135 
150 7580 9.79685 6.51571 9.21087 7.05816 
150 7581 4.3796 1.28078 4.84696 5.13797 
150 7582 5.77661 0.703856 0.898239 5.28436 
150 7583 3.86402 8.64177 5.71225 9.56945 
150 7584 5.50484 6.2071 2.48777 8.87513 
150 7585 1.10909 10.8752 11.0127 7.79269 
150 7586 2.54076 8.93325 8.54899 9.80912 
150 7587 8.80985 11.419 6.96681 5.24099 
150 7588 10.3046 10.8999 7.3102 3.80679 
150 7589 0.751765 0.995253 2.64355 1.44218 
150 7590 7.07331 5.114 7.32812 9.39249 
150 7591 3.80078 1.08298 2.18846 3.37031 
150 7592 2.26588 11.0031 6.66702 8.84598 
150 7593 8.6589 6.19936 4.88339 6.03699 
150 7594 3.43827 8.75408 3.62489 5.32668 
150 7595 8.4851 10.3459 6.53633 2.02379 
150 7596 10.7821 1.4223 10.6817 5.30425 
150 7597 6.85191 4.36069 0.457461 4.07186 
150 7598 9.19835 8.30298 6.88867 6.70523 
150 7599 3.56763 4.99887 8.93321 0.661399 
150 7600 2.77033 4.84014 9.38645 5.99426 
150 7601 5.38525 9.00627 1.03733 2.42016 
150 7602 7.33707 10.8015 8.28467 9.30213 
150 7603 10.1792 2.30685 11.1561 3.67701 
150 7604 10.7932 10.3799 1.85467 6.87919 
150 7605 3.48851 2.45585 4.77514 6.3782 
150 7606 4.41815 5.85949 0.671192 3.05018 
150 7607 10.3571 5.22936 2.91713 7.87897 
150 7608 3.98106 6.59194 2.40587 8.04688 
150 7609 5.03258 9.9904 10.6071 11.4151 
150 7610 7.79804 1.63818 3.72873 2.22683 
150 7611 4.77937 3.7049 4.19513 8.39272 
150 7612 2.25396 1.30798 9.27193 0.89136 
150 7613 2.26448 3.85247 6.5084 2.10652 
150 7614 8.81286 8.85816 4.07993 3.01933 
150 7615 8.93831 6.88909 4.85283 1.76707 
150 7616 7.37831 3.4798 3.37279 1.91865 
150 7617 0.660186 3.87812 5.2849 9.07391 
150 7618 4.36546 9.36462 11.0602 3.19808 
150 7619 2.46113 9.32758 0.848537 10.4959 
150 7620 10.5411 10.2202 11.5802 7.84419 
150 7621 7.82521 1.84483 8.78097 11.3432 
150 7622 5.20446 2.11875 7.04633 2.03771 
150 7623 3.95489 1.36352 7.66449 11.1519 
150 7624 3.81678 0.963952 4.17408 4.30106 
150 7625 1.98757 11.3845 7.8644 1.87795 
150 7626 8.88843 7.43128 10.9493 5.12355 
150 7627 5.34235 5.75898 3.77939 3.12793 
150 7628 4.92267 9.00119 6.08813 7.11415 
150 7629 10.9753 3.67352 1.09309 9.48446 
150 7630 0.500785 9.01604 11.4854 8.82988 
150 7631 3.93497 7.31 2.98629 3.48715 
150 7632 8.58191 7.22249 2.08208 5.87721 
150 7633 8.35558 10.2834 2.401 10.6 
150 7634 6.09552 1.93858 9.67217 6.02718 
150 7635 7.00906 2.1656 4.74492 7.27588 
150 7636 6.19468 10.3303 8.04526 11.7258 
150 7637 2.09921 9.15157 8.76238 8.21619 
150 7638 1.08757 3.85348 4.99406 4.59877 
150 7639 1.75934 8.66387 8.01751 3.46183 
150 7640 4.82144 5.21496 2.9316 5.88034 
150 7641 3.14676 10.0146 0.728252 8.94641 
150 7642 7.35025 10.9086 8.40019 9.23552 
150 7643 7.10748 0.925308 3.55989 3.06323 
150 7644 10.9342 7.18653 1.88511 8.07495 
150 7645 4.30182 5.28614 3.35648 10.4764 
150 7646 9.40023 3.25843 3.84762 3.98269 
150 7647 0.968528 6.79647 1.09915 10.4316 
150 7648 11.2623 10.6732 0.829983 7.85227 
150 7649 4.52635 1.49457 11.3623 10.9648 
150 7650 6.42359 9.18677 7.3269 2.95942 
150 7651 9.33155 6.68424 0.329185 4.03463 
150 7652 1.04556 8.11031 11.4481 11.0679 
150 7653 2.997 9.35507 10.4617 5.73687 
150 7654 6.92384 9.14253 10.4449 6.56258 
150 7655 9.31055 6.75002 0.374179 4.05474 
150 7656 10.9019 7.9429 6.08007 2.69394 
150 7657 3.53761 7.20003 1.84891 9.34577 
150 7658 4.44388 4.87089 6.77443 8.86963 
150 7659 9.59399 7.16594 0.611329 5.90376 
150 7660 4.63309 6.93738 10.2192 7.36528 
150 7661 9.49791 3.708 7.76009 4.59689 
150 7662 7.05094 1.15442 4.93542 0.912985 
150 7663 7.03278 0.665098 3.44604 1.83024 
150 7664 8.12667 5.87829 4.06286 10.7886 
150 7665 1.69274 5.72017 4.66689 9.81316 
150 7666 3.6741 0.830801 5.73106 2.67563 
150 7667 7.68214 1.49019 1.36876 7.22191 
150 7668 2.71399 0.622797 8.62816 11.0231 
150 7669 10.9915 6.00145 3.80417 6.18464 
150 7670 6.10438 5.08492 6.63323 7.96922 
150 7671 4.72992 5.03722 9.34855 2.32559 
150 7672 10.267 2.87967 6.95625 11.1613 
150 7673 2.9966 11.2341 9.53491 1.14967 
150 7674 7.24503 10.7922 8.32292 9.21298 
150 7675 6.50446 10.1363 4.64887 9.74275 
150 7676 6.35252 7.35767 3.04921 5.06851 
150 7677 1.62713 7.38317 0.563563 1.63295 
150 7678 6.0961 0.969563 10.1953 0.748005 
150 7679 5.55128 3.58632 0.923507 4.3783 
150 7680 11.475 4.80266 9.97133 2.76523 
150 7681 9.32086 2.21343 8.52902 4.37901 
150 7682 7.57283 5.90655 6.83273 3.34679 
150 7683 4.52757 6.60814 5.66262 5.67111 
150 7684 3.43367 9.70719 9.53881 10.451 
150 7685 10.9866 4.96665 1.22958 6.19177 
150 7686 5.31362 5.10661 5.77527 5.67343 
150 7687 7.60676 3.19222 5.57396 3.11514 
150 7688 6.19028 4.4814 10.2474 3.84491 
150 7689 0.948377 7.41466 2.57513 1.87765 
150 7690 3.13844 4.44089 5.29417 6.33747 
150 7691 10.1128 1.11472 0.53321 2.52676 
150 7692 4.16975 4.96511 5.24191 3.94411 
150 7693 9.90775 6.6186 10.0328 9.3685 
150 7694 7.17833 5.15033 3.5685 8.8811 
150 7695 3.03422 3.77277 0.729845 6.79132 
150 7696 1.60434 10.9429 5.68506 2.27118 
150 7697 7.47258 3.51579 5.73833 10.4871 
150 7698 5.99149 4.44011 0.746329 6.67007 
150 7699 11.0637 1.30096 3.09619 3.59658 
150 7700 1.04295 8.38981 2.25485 4.28386 
150 7701 9.94508 0.81473 0.888568 1.07814 
150 7702 10.8883 11.484 10.8247 0.88467 
150 7703 1.91796 10.5251 9.62763 3.89559 
150 7704 10.2776 9.07753 0.729787 2.12986 
150 7705 0.811827 0.93029 2.26393 1.36656 
150 7706 6.20698 1.53698 6.88845 11.2224 
150 7707 7.80331 5.16755 9.60447 8.46805 
150 7708 6.90569 0.284394 0.873471 2.34461 
150 7709 0.623686 8.85598 0.976576 11.2314 
150 7710 6.73986 1.44146 7.3326 3.91365 
150 7711 6.13119 5.0411 2.55738 10.5881 
150 7712 6.79771 3.96431 1.74633 2.78377 
150 7713 4.32286 6.30661 4.0445 3.16576 
150 7714 9.38551 10.7741 9.68391 10.8732 
150 7715 9.43492 7.61228 2.20981 6.36242 
150 7716 1.76502 8.57398 7.77624 7.86002 
150 7717 5.69539 9.38167 2.46564 6.44301 
150 7718 5.26046 9.84809 6.19627 10.1149 
150 7719 8.5847 8.08605 8.93494 5.225 
150 7720 1.18448 4.30315 7.17553 9.65187 
150 7721 0.950648 10.7547 7.64471 2.58248 
150 7722 4.12131 0.692944 6.99309 2.82199 
150 7723 1.75848 9.33334 3.38493 3.84408 
150 7724 7.00332 5.67934 0.645383 2.78059 
150 7725 9.5462 3.16571 3.43187 3.54655 
150 7726 0.478685 8.03622 6.45736 9.61583 
150 7727 4.90431 11.1939 8.08437 11.5034 
150 7728 4.37641 8.1963 4.71299 3.78989 
150 7729 8.30034 6.85211 1.87129 6.84225 
150 7730 7.33607 8.88646 9.48386 3.85758 
150 7731 8.01332 7.41877 7.5056 9.0783 
150 7732 1.62358 3.38453 4.20245 0.845529 
150 7733 11.2719 7.86636 8.5745 11.6289 
150 7734 9.44898 5.50394 3.667 9.82221 
150 7735 4.7047 6.09069 8.51246 8.20049 
150 7736 3.92876 9.10978 6.00222 10.6008 
150 7737 8.98743 1.43957 0.940161 5.35129 
150 7738 10.4671 10.2052 3.91845 1.29931 
150 7739 1.00888 10.7306 10.3851 2.7438 
150 7740 7.69642 9.46125 9.3004 6.36326 
150 7741 11.0577 6.58067 6.63427 10.5792 
150 7742 10.4699 4.86917 7.51589 3.80889 
150 7743 9.29126 0.989424 4.70283 2.04665 
150 7744 2.70339 5.07663 5.98235 1.31904 
150 7745 6.16819 7.44741 0.826122 5.77577 
150 7746 2.89291 4.96922 0.790529 7.5805 
150 7747 10.7319 5.69365 10.7186 5.98542 
150 7748 3.93337 3.57701 2.47164 3.28026 
150 7749 8.13161 3.25916 7.61191 2.57756 
150 7750 7.35843 11.1703 11.9557 10.533 
150 7751 10.1516 4.67695 6.83424 8.83048 
150 7752 9.59606 2.31364 8.91278 4.41941 
150 7753 4.8966 9.52338 5.82243 1.03503 
150 7754 9.7989 1.07464 7.52916 8.01723 
150 7755 5.72824 1.26011 2.19648 3.81247 
150 7756 4.02046 3.83894 2.39891 6.73834 
150 7757 7.14323 10.0407 9.13968 9.06611 
150 7758 8.64547 9.61187 7.0581 1.81716 
150 7759 7.98569 2.80329 9.61309 7.48145 
150 7760 10.75 2.08239 4.69352 4.34798 
150 7761 0.668592 4.57352 9.21697 9.34419 
150 7762 5.91863 6.33279 0.666413 9.79136 
150 7763 7.43566 3.74882 3.15534 1.89613 
150 7764 7.68462 5.08281 7.87769 9.5173 
150 7765 8.587 0.715682 5.86127 5.65381 
150 7766 4.38868 7.39005 3.03329 1.87258 
150 7767 10.0066 1.04486 1.43641 4.41393 
150 7768 3.82211 6.76755 2.0449 8.39535 
150 7769 10.9265 0.52365 1.05272 4.53195 
150 7770 5.96863 1.72587 3.85622 3.13445 
150 7771 10.597 0.503325 9.93358 7.22791 
150 7772 11.6487 0.506553 11.0998 9.01143 
150 7773 7.33391 5.90595 8.8341 10.9487 
150 7774 8.21077 0.868683 11.0869 7.02965 
150 7775 7.65412 0.944818 11.0806 4.33609 
150 7776 7.86075 7.56362 1.19087 2.94226 
150 7777 8.01631 9.38602 6.6662 3.35755 
150 7778 10.6761 5.49316 0.440325 9.70625 
150 7779 0.754347 4.61012 1.24494 11.1238 
150 7780 9.88472 5.83962 2.76274 5.18219 
150 7781 5.17662 1.08535 3.82108 3.00184 
150 7782 7.07784 4.76389 3.76663 8.505 
150 7783 5.97826 4.4328 1.43617 7.87147 
150 7784 1.53062 10.0696 9.74403 3.92636 
150 7785 6.58243 0.338197 1.07071 2.11339 
150 7786 10.8092 8.33307 5.67843 11.3564 
150 7787 1.33703 0.935007 5.20915 10.7114 
150 7788 5.80686 8.19143 4.18824 0.958479 
150 7789 4.41075 3.89741 8.42284 5.74887 
150 7790 7.43697 2.25764 2.6419 7.22679 
150 7791 1.75346 4.63464 3.99834 6.48506 
150 7792 2.42319 8.91441 11.1095 9.83702 
150 7793 4.42408 1.00388 4.35669 3.0243 
150 7794 9.45016 10.4544 2.79006 5.48042 
150 7795 10.9017 2.80136 9.59913 5.30757 
150 7796 10.0354 3.46123 0.836487 7.71079 
150 7797 1.27286 9.91618 1.25882 7.85139 
150 7798 5.79872 4.44786 10.3939 6.89265 
150 7799 7.46853 8.80865 2.93432 4.94855 
150 7800 6.43647 7.90343 3.49694 8.27385 
150 7801 9.15101 8.35627 5.71098 1.24397 
150 7802 1.86128 8.0119 4.5611 1.61135 
150 7803 9.79292 4.37529 2.86613 2.50632 
150 7804 0.614684 7.80617 10.6431 1.80486 
150 7805 1.55488 1.23758 4.32749 5.5965 
150 7806 9.93336 3.86405 1.11556 7.10416 
150 7807 0.894831 9.67179 5.88396 1.84165 
150 7808 5.80794 9.33763 4.86913 3.84294 
150 7809 1.69736 10.9624 9.92597 3.91023 
150 7810 1.56386 8.52365 0.479486 1.2006 
150 7811 0.867809 2.82918 9.58103 6.71363 
150 7812 9.69082 3.59149 2.96083 9.54353 
150 7813 11.7447 7.86836 10.1168 9.58915 
150 7814 6.26312 11.6112 10.9705 7.72364 
150 7815 8.97532 5.75163 4.11874 2.41502 
150 7816 8.94573 8.97965 0.55626 4.59868 
150 7817 8.405 4.67909 8.75747 11.1052 
150 7818 1.5759 3.89482 4.83204 2.33165 
150 7819 11.2135 10.3247 4.82421 8.95274 
150 7820 2.25627 6.96718 2.02195 1.74773 
150 7821 9.85761 7.05209 3.99021 5.29382 
150 7822 6.79183 4.80682 7.03098 9.37811 
150 7823 3.32675 5.29795 6.25955 1.24396 
150 7824 3.89183 6.75423 0.94355 5.48593 
150 7825 1.10248 4.81471 4.40343 7.81823 
150 7826 7.12816 4.65036 5.74745 5.60747 
150 7827 3.44291 10.202 10.7355 11.3174 
150 7828 1.81141 5.93985 5.71322 1.46677 
150 7829 1.5009 11.2173 11.1448 8.15118 
150 7830 8.01532 1.10893 0.563561 1.05961 
150 7831 6.45279 7.67657 8.34441 8.11523 
150 7832 9.99465 8.44668 8.07053 4.81023 
150 7833 1.33302 7.3151 1.99703 7.31905 
150 7834 1.29244 6.80141 8.64694 9.83078 
150 7835 5.99442 6.60884 3.58576 6.79881 
150 7836 8.27778 9.48105 2.51596 9.13808 
150 7837 2.53576 7.09572 1.43285 1.46833 
150 7838 7.90199 0.867305 6.34029 2.37666 
150 7839 8.21261 3.53511 5.96189 6.85778 
150 7840 6.14179 3.56735 5.22295 2.57657 
150 7841 10.9233 6.67854 3.2417 6.10885 
150 7842 1.85786 11.5803 11.0883 2.88177 
150 7843 2.43361 4.22887 4.37972 9.34122 
150 7844 7.45582 5.77943 7.58374 9.96326 
150 7845 2.31909 8.77629 10.711 9.74362 
150 7846 3.74301 11.2469 7.01188 1.08503 
150 7847 2.35614 7.03353 2.03637 2.13705 
150 7848 11.163 7.50507 4.27789 5.26051 
150 7849 9.77855 6.30832 5.06926 1.38846 
150 7850 0.894895 4.293 2.55548 1.5141 
150 7851 3.14058 8.70543 0.831432 8.77436 
150 7852 8.35766 2.04373 2.29504 5.08133 
150 7853 5.58114 6.22011 9.27341 9.00066 
150 7854 5.02387 5.43646 3.60575 2.99382 
150 7855 2.39244 10.9309 6.26835 7.68322 
150 7856 8.51085 3.05631 7.27016 11.1236 
150 7857 9.02363 1.42395 0.896456 5.32859 
150 7858 6.2518 9.18627 7.18101 2.8002 
150 7859 6.40578 2.50396 6.21475 8.49095 
150 7860 5.71318 8.11779 2.50334 5.22721 
150 7861 3.56324 0.909182 0.716841 8.23328 
150 7862 1.06539 4.12548 0.469192 1.69287 
150 7863 4.32824 5.68887 4.99076 5.48222 
150 7864 8.58035 1.28768 0.69619 2.82079 
150 7865 3.06542 0.704334 6.28738 2.77811 
150 7866 9.66131 9.62921 6.05795 10.3755 
150 7867 0.985968 0.598566 2.17892 10.4239 
150 7868 3.72894 3.76923 3.02762 6.89189 
150 7869 5.16711 10.343 4.37971 5.64794 
150 7870 3.3598 10.6012 3.23458 2.50019 
150 7871 11.5938 8.0719 3.08345 3.80104 
150 7872 4.15133 4.18453 5.59069 4.88717 
150 7873 9.22385 7.77786 3.21544 3.60693 
150 7874 4.64882 8.21804 8.39788 0.423948 
150 7875 3.10726 9.74697 11.0167 6.25552 
150 7876 1.92612 8.84703 7.66851 1.36481 
150 7877 8.74109 7.18759 2.0072 6.10401 
150 7878 6.39541 10.6504 3.74138 6.57308 
150 7879 1.57416 6.74331 9.82886 5.52473 
150 7880 5.06323 10.2584 6.18941 9.00467 
150 7881 7.08961 9.34803 11.272 7.03708 
150 7882 0.444187 7.90206 6.7178 9.64908 
150 7883 4.69747 1.05553 3.84898 2.9981 
150 7884 10.3731 7.45299 9.00331 7.55885 
150 7885 1.64156 9.78535 9.24781 3.79107 
150 7886 4.50184 1.99474 8.32308 5.80707 
150 7887 2.00676 2.74981 11.6013 5.93754 
150 7888 7.39316 0.945857 9.3406 3.64374 
150 7889 9.48805 10.8026 5.29176 9.26432 
150 7890 11.5216 6.63736 7.00573 11.0215 
150 7891 7.43859 6.48234 5.79978 6.75078 
150 7892 7.51048 3.70934 8.9198 8.90574 
150 7893 7.79384 6.41445 1.18027 1.15019 
150 7894 6.70925 4.18255 5.16054 4.34768 
150 7895 1.70347 0.876772 10.9141 7.64383 
150 7896 1.02382 3.66479 4.86309 4.47149 
150 7897 7.31426 10.5758 8.04764 7.38646 
150 7898 4.54157 4.93718 0.677595 2.6563 
150 7899 3.37699 7.30917 2.15657 0.511165 
150 7900 11.2181 4.69826 4.02685 8.38892 
150 7901 5.01941 5.30008 2.96651 6.12411 
150 7902 3.23913 3.74657 10.6775 4.33891 
150 7903 5.00474 5.3831 2.02143 9.86038 
150 7904 7.6585 6.50791 3.56924 3.85788 
150 7905 1.10594 5.66159 4.7396 4.5859 
150 7906 9.76406 6.08949 0.704518 8.38156 
150 7907 1.79121 7.20412 3.11276 1.95575 
150 7908 7.43226 7.447 4.16313 2.60203 
150 7909 6.92304 6.67549 2.75245 9.83302 
150 7910 10.5041 3.17168 8.86812 7.88705 
150 7911 2.14586 5.32552 0.848001 8.68963 
150 7912 11.2575 9.25671 8.24206 6.35185 
150 7913 4.06483 1.55684 10.5453 6.93885 
150 7914 7.63751 5.76798 3.86848 9.80529 
150 7915 8.36668 6.86263 6.4351 3.72762 
150 7916 8.62469 10.7255 5.44798 4.03209 
150 7917 1.27571 3.99156 7.19765 5.27221 
150 7918 5.87088 10.893 1.4337 6.46794 
150 7919 3.84262 2.92022 10.915 4.45467 
150 7920 10.4988 6.95997 10.6241 2.98816 
150 7921 3.49494 4.27314 9.44448 10.5578 
150 7922 4.52664 6.97932 3.37291 1.92293 
150 7923 8.8867 5.88231 5.0783 6.06026 
150 7924 10.5144 6.09849 9.04232 11.1681 
150 7925 8.60077 0.980052 4.89185 7.50168 
150 7926 0.903657 1.31379 8.73885 4.36099 
150 7927 3.10809 7.99393 3.14914 7.78747 
150 7928 9.84177 7.22458 4.5117 1.53492 
150 7929 6.65444 8.69675 6.02959 9.29926 
150 7930 4.93668 4.89724 10.1879 2.42467 
150 7931 8.63907 10.7916 2.43064 7.91249 
150 7932 11.0035 6.8727 1.10374 6.97517 
150 7933 7.63647 1.01144 9.95197 2.33941 
150 7934 1.8063 8.33061 0.536283 8.59019 
150 7935 10.6216 3.36567 4.69119 4.30735 
150 7936 4.68976 9.27136 4.86177 4.24565 
150 7937 0.926489 4.18799 2.52714 1.3816 
150 7938 9.89399 8.9126 8.08654 1.16049 
150 7939 1.5282 10.6594 3.16545 1.81933 
150 7940 6.72288 5.12276 8.33576 7.29767 
150 7941 10.8253 1.62122 9.21376 10.8666 
150 7942 10.396 9.26789 8.61744 4.59554 
150 7943 6.36147 1.96761 6.99994 6.35341 
150 7944 5.97433 6.24971 10.6284 2.02908 
150 7945 0.624442 6.98876 2.213 3.89971 
150 7946 4.50384 10.993 11.0353 1.06957 
150 7947 10.6532 3.43967 2.64621 11.2037 
150 7948 1.15585 5.39678 7.89489 10.9734 
150 7949 6.4212 11.5006 11.1749 11.9586 
150 7950 4.3779 7.32126 2.70419 4.97016 
150 7951 4.31987 5.64126 4.57421 4.94533 
150 7952 1.24539 4.0955 2.6732 5.77115 
150 7953 6.77402 5.08145 9.96126 6.13992 
150 7954 9.97039 10.6 5.99671 3.87422 
150 7955 6.60298 8.7196 3.12499 7.62086 
150 7956 1.44292 4.83506 7.13038 3.36487 
150 7957 10.337 6.97758 2.76507 3.88554 
150 7958 9.27936 0.652442 2.24513 7.97936 
150 7959 5.13421 8.08524 8.97887 1.08302 
150 7960 6.53334 10.1288 7.74976 2.15286 
150 7961 9.39455 1.26941 6.93568 7.65356 
150 7962 5.50077 2.69822 10.2033 1.19365 
150 7963 6.00404 7.53949 3.62016 2.44743 
150 7964 8.09658 10.7824 5.08904 7.15154 
150 7965 1.38197 3.63784 3.71929 3.40615 
150 7966 4.19175 5.67902 0.780437 4.48518 
150 7967 7.99319 4.55133 0.395657 4.18726 
150 7968 2.36361 6.86279 6.34343 0.963702 
150 7969 1.76815 7.09396 3.12906 1.94593 
150 7970 5.79395 1.8442 3.88251 10.6164 
150 7971 4.329 5.15007 2.30406 2.00373 
150 7972 10.9145 8.93038 7.43705 1.37052 
150 7973 6.52597 11.7801 10.8578 9.67711 
150 7974 1.39228 1.69953 8.99987 9.69534 
150 7975 5.01617 8.06671 2.5833 2.55022 
150 7976 10.8222 3.29803 9.2067 8.24089 
150 7977 10.2502 0.973083 9.40882 4.29969 
150 7978 3.64859 7.15304 8.99009 7.60341 
150 7979 7.26001 11.19 3.22201 6.31111 
150 7980 3.17797 8.94232 0.831673 8.5097 
150 7981 3.99535 4.53717 0.322427 3.74977 
150 7982 6.7645 9.34788 7.63095 6.22795 
150 7983 1.26314 9.64873 3.25981 6.6675 
150 7984 6.09967 1.31925 3.13687 1.45721 
150 7985 2.85111 7.16411 4.43766 10.6057 
150 7986 6.99038 2.98026 2.55921 3.46032 
150 7987 7.69312 5.29762 3.56587 10.144 
150 7988 8.34479 9.45027 6.8305 1.6937 
150 7989 3.03734 7.5581 10.3442 4.61487 
150 7990 10.9576 7.46387 4.20734 7.9203 
150 7991 1.60625 6.76554 2.44035 6.69248 
150 7992 2.26278 11.234 6.87891 9.47895 
150 7993 0.787033 6.82113 9.23852 7.25948 
150 7994 2.19856 5.85729 4.86738 9.82638 
150 7995 9.83459 8.14991 4.16009 2.45612 
150 7996 0.928039 9.93463 8.75989 3.41935 
150 7997 0.710434 8.33329 8.01071 6.07188 
150 7998 9.76492 6.42755 2.3929 4.38836 
150 7999 3.15205 10.2136 11.2523 10.9105 
150 8000 3.54319 0.783491 8.72168 9.538 
150 8001 6.14385 6.72767 5.45571 4.16035 
150 8002 7.56434 10.2903 7.82195 0.877472 
150 8003 1.50416 10.9292 2.92948 1.95679 
150 8004 5.24222 11.397 0.43908 10.3193 
150 8005 2.55114 7.88468 5.19208 5.13846 
150 8006 9.71367 0.836998 9.39603 1.51801 
150 8007 5.97048 4.30095 4.50405 8.63321 
150 8008 4.25267 4.14849 0.677648 5.74634 
150 8009 4.62441 1.40757 4.66848 10.4933 
150 8010 6.59874 1.14584 11.1362 7.40011 
150 8011 0.722108 7.88704 2.72803 4.46702 
150 8012 2.80404 4.36655 3.93849 8.40075 
150 8013 6.33303 3.37092 2.46995 4.32263 
150 8014 5.27262 6.05697 0.563055 4.33509 
150 8015 10.199 6.08907 8.04977 10.5044 
150 8016 8.83995 8.56164 10.7725 8.1961 
150 8017 9.60726 3.63286 7.0299 4.23756 
150 8018 10.5728 2.01607 5.88481 11.0233 
150 8019 9.91793 9.13252 10.1589 11.7983 
150 8020 1.34438 9.02064 8.61764 8.24202 
150 8021 1.1252 1.53745 6.22023 0.990172 
150 8022 1.84089 6.16201 5.86047 1.27819 
150 8023 2.27878 1.69476 4.00008 4.63048 
150 8024 4.20418 4.19058 0.245682 3.45438 
150 8025 1.14177 3.49291 2.4283 1.37418 
150 8026 2.17342 6.78449 6.36651 0.933557 
150 8027 4.56323 5.5948 1.33414 10.811 
150 8028 8.02496 4.34359 2.18621 4.86576 
150 8029 10.3354 8.89127 0.649736 10.85 
150 8030 9.32192 0.686764 6.19596 6.07015 
150 8031 8.77603 10.7141 10.799 3.01275 
150 8032 9.41245 4.88188 0.972712 11.3192 
150 8033 6.6753 1.52352 6.38247 9.75347 
150 8034 8.93636 1.13615 5.10907 7.92262 
150 8035 1.5324 0.840006 2.24187 9.58063 
150 8036 4.16703 4.86341 9.00067 2.46575 
150 8037 7.11933 9.21157 8.52024 5.9772 
150 8038 10.2335 3.57766 4.97368 7.43373 
150 8039 2.20045 5.06679 8.81481 5.8091 
150 8040 3.4698 10.3046 11.1531 5.18791 
150 8041 0.75688 6.0619 8.71405 4.08608 
150 8042 2.64275 2.96016 6.00256 8.99616 
150 8043 3.79488 8.46101 7.36099 1.95208 
150 8044 5.8047 5.71631 4.68596 2.09359 
150 8045 9.63418 2.96023 2.06775 8.71871 
150 8046 10.4407 7.25799 3.94744 7.95649 
150 8047 5.07692 3.73209 0.511809 3.8486 
150 8048 6.83527 7.01591 8.96631 2.73079 
150 8049 8.65184 7.79264 11.4437 10.248 
150 8050 9.84987 6.7089 9.07913 7.40129 
150 8051 2.86472 11.5987 10.6807 9.05923 
150 8052 10.4841 10.8659 5.53933 10.1001 
150 8053 6.23062 0.749504 0.93972 5.61229 
150 8054 8.08078 6.30941 1.25001 8.90672 
150 8055 3.10563 8.95129 0.804623 9.33546 
150 8056 4.87551 9.55833 5.87581 1.33604 
150 8057 10.5738 6.04832 6.42151 4.108 
150 8058 1.31921 8.59171 0.657462 8.87473 
150 8059 7.07958 5.62095 0.742856 2.93189 
150 8060 9.97853 5.91268 6.17117 6.66059 
150 8061 7.5069 7.5406 6.1675 9.38391 
150 8062 0.883542 2.22146 6.91011 9.62645 
150 8063 11.6229 7.97842 2.3468 10.2529 
150 8064 1.65186 7.12687 6.30472 0.711045 
150 8065 3.27391 1.03942 3.00637 3.19612 
150 8066 9.64991 10.3903 5.6051 0.926532 
150 8067 4.73277 6.71471 8.01602 4.21007 
150 8068 0.995501 3.99828 2.49777 1.50077 
150 8069 4.4409 9.23557 0.643372 10.8863 
150 8070 6.11161 1.48779 8.99936 12.1448 
150 8071 3.64314 11.5202 10.5039 5.49544 
150 8072 7.77594 11.2668 11.752 10.2817 
150 8073 0.330622 9.28553 6.22265 3.93588 
150 8074 8.42434 0.85957 11.1568 7.1279 
150 8075 6.45035 7.81152 4.17894 1.97452 
150 8076 6.57277 8.21551 3.52612 9.03912 
150 8077 11.7003 11.4761 8.94283 6.05295 
150 8078 1.22201 6.50045 6.23888 10.9331 
150 8079 6.51229 10.4566 4.826 9.62845 
150 8080 9.8056 10.857 2.64396 5.42288 
150 8081 8.83851 7.89616 8.83988 5.54987 
150 8082 2.42225 7.96098 7.69575 3.74786 
150 8083 10.9042 0.495958 4.53341 5.94129 
150 8084 7.48259 3.69526 3.84981 2.5371 
150 8085 7.39106 2.40979 2.87977 3.49801 
150 8086 3.72094 8.45068 3.34044 10.0511 
150 8087 1.01924 3.95169 0.469734 1.44804 
150 8088 1.14977 2.34713 10.6237 4.49139 
150 8089 3.51233 9.01422 10.2497 6.51086 
150 8090 11.3808 0.990685 9.60491 11.5342 
150 8091 2.23904 8.69267 5.3855 3.86196 
150 8092 6.1483 8.79888 6.81315 2.78454 
150 8093 5.39605 9.43016 6.05119 7.67224 
150 8094 0.813904 3.95134 11.6736 8.62873 
150 8095 4.96063 1.06924 3.77152 3.02268 
150 8096 3.06046 3.97469 5.68677 6.18116 
150 8097 6.1625 11.1651 7.39797 5.52259 
150 8098 1.28664 4.45815 4.43681 2.07891 
150 8099 8.41037 5.36047 5.79467 3.74553 
150 8100 8.02163 7.61633 1.00212 2.8554 
150 8101 0.978446 6.96172 4.5775 6.59723 
150 8102 3.93467 3.87157 4.96549 9.2979 
150 8103 9.81926 8.77897 6.08889 1.17374 
150 8104 2.14842 1.3469 2.2705 5.77501 
150 8105 1.77369 9.32046 6.16483 1.81987 
150 8106 8.68763 11.5178 10.3884 5.51376 
150 8107 10.6051 11.2449 3.88732 7.81863 
150 8108 1.00279 3.9953 2.51393 1.50875 
150 8109 4.5138 7.50223 9.61986 7.79692 
150 8110 5.36647 3.54022 0.52555 4.03348 
150 8111 5.24746 7.14054 4.93574 6.36159 
150 8112 2.72365 1.31497 6.53524 8.62676 
150 8113 4.88753 1.03614 4.38436 2.81753 
150 8114 7.70942 4.45089 2.20057 5.35703 
150 8115 3.60232 11.9753 8.8758 10.5665 
150 8116 4.20284 5.89233 0.531358 3.02137 
150 8117 2.81265 5.18431 10.6366 9.1983 
150 8118 6.7599 5.73523 2.6427 5.86398 
150 8119 1.88324 3.54928 1.28586 8.61466 
150 8120 10.0316 2.92478 7.0059 4.18111 
150 8121 8.97281 1.42119 0.915632 5.34031 
150 8122 5.36248 1.6281 5.59259 3.78446 
150 8123 8.10773 9.57659 3.64109 1.4155 
150 8124 5.16829 8.48697 2.48682 2.61232 
150 8125 3.42558 5.56946 0.424711 4.05986 
150 8126 0.653936 8.32489 10.385 7.89972 
150 8127 5.84438 6.27479 10.852 3.90141 
150 8128 8.68006 7.0097 3.71815 6.70536 
150 8129 7.40487 3.80107 7.18558 7.85986 
150 8130 1.47785 7.97184 5.30719 8.54077 
150 8131 5.12799 1.67438 4.22349 9.71503 
150 8132 11.3492 11.4384 1.48332 7.58069 
150 8133 6.769 6.44312 0.69831 2.9995 
150 8134 9.90422 5.83605 2.84612 4.88119 
150 8135 10.8754 3.88474 3.61052 3.64815 
150 8136 9.56593 5.76234 4.13302 1.39136 
150 8137 3.70863 4.68078 2.79579 3.85337 
150 8138 3.09056 6.88401 0.924374 6.76834 
150 8139 3.38548 4.55619 0.780474 7.4903 
150 8140 9.64711 2.33712 3.71193 4.51768 
150 8141 3.0324 10.3438 0.741823 2.21523 
150 8142 5.10511 4.01388 0.793579 9.96854 
150 8143 7.39997 3.36177 7.12033 1.06476 
150 8144 2.15127 6.70496 6.37479 0.933164 
150 8145 1.25334 8.60573 5.0559 9.0048 
150 8146 10.4268 10.4638 6.37926 2.15988 
150 8147 9.21337 0.566847 9.468 6.55893 
150 8148 2.67659 8.82414 5.42619 5.53786 
150 8149 4.19571 5.99911 2.83229 6.64429 
150 8150 4.60305 3.34195 1.91801 1.87544 
150 8151 11.5742 3.37246 6.54276 8.515 
150 8152 10.4052 2.56429 9.64797 5.15465 
150 8153 5.05691 7.67231 4.3134 3.52254 
150 8154 7.6237 3.44905 11.6173 10.4168 
150 8155 2.79552 4.92416 4.64172 0.889592 
150 8156 1.91559 10.3577 0.829016 0.592242 
150 8157 10.6363 2.9815 7.58786 4.119 
150 8158 11.197 2.98109 10.8695 9.88789 
150 8159 6.65485 11.6699 7.63061 11.0622 
150 8160 7.95277 0.914701 10.4196 2.10598 
150 8161 9.19537 2.12295 10.7299 11.4516 
150 8162 0.868531 5.77862 8.98517 4.19295 
150 8163 10.1838 4.62628 10.6517 6.28524 
150 8164 9.33432 11.5792 6.54909 4.10225 
150 8165 8.4282 8.84049 6.13674 6.64316 
150 8166 0.699996 5.52894 4.04437 0.958426 
150 8167 6.22108 7.25388 4.74872 7.55948 
150 8168 2.78653 4.93685 9.70488 10.7131 
150 8169 1.26094 4.02366 3.51557 1.87347 
150 8170 7.64017 2.43634 0.805415 6.47313 
150 8171 7.16698 0.903572 2.62639 9.20813 
150 8172 11.0546 3.86311 1.2528 7.4475 
150 8173 1.83118 2.70375 2.94603 6.22381 
150 8174 3.08755 1.30509 2.77099 8.03193 
150 8175 4.10824 8.30139 10.7152 0.68754 
150 8176 6.94893 8.40799 5.66218 8.75277 
150 8177 12.0439 10.563 6.1963 7.29597 
150 8178 1.31694 6.15017 9.13847 2.96893 
150 8179 6.85085 5.89125 6.22728 1.93888 
150 8180 9.78829 8.35361 7.9719 4.66629 
150 8181 10.8969 6.40284 11.2467 3.10847 
150 8182 1.84215 7.10186 6.15672 0.802783 
150 8183 10.0624 5.4291 6.35332 6.57732 
150 8184 7.42707 1.04757 8.81425 2.69679 
150 8185 10.1437 3.93959 5.05175 1.28564 
150 8186 4.82312 2.90819 8.80707 10.7247 
150 8187 8.29019 4.48301 5.60265 0.798849 
150 8188 7.33454 9.25395 4.11891 6.22101 
150 8189 9.77654 9.39032 4.00575 1.45797 
150 8190 6.60857 4.03888 5.60501 4.23927 
150 8191 4.38543 3.12675 3.7666 4.60276 
150 8192 2.28784 7.55815 8.01981 7.69431 
150 8193 9.74423 0.761549 2.76752 8.26723 
150 8194 9.29753 0.435759 7.54737 6.33864 
150 8195 10.4058 4.1547 1.23534 6.4088 
150 8196 6.36659 5.38731 6.87017 5.61462 
150 8197 8.0502 5.23992 5.3483 3.54896 
150 8198 8.02213 6.51879 1.98511 5.43014 
150 8199 3.10008 0.920577 10.7823 0.853439 
150 8200 7.8496 6.81232 7.91804 1.20051 
150 8201 1.8624 5.84813 8.54716 0.699097 
150 8202 4.8527 0.699082 1.02856 10.6302 
150 8203 8.52828 1.43263 4.58106 5.36761 
150 8204 0.829764 0.745112 9.78009 2.73082 
150 8205 5.49755 10.0132 0.917907 7.93178 
150 8206 5.73586 2.74152 7.68381 3.22552 
150 8207 9.13974 7.5648 3.59863 5.17637 
150 8208 9.39803 6.07522 5.75023 7.71006 
150 8209 1.1646 3.0098 7.22805 1.52649 
150 8210 8.72861 2.71342 10.3917 7.18637 
150 8211 9.66243 4.46206 11.18 4.83946 
150 8212 10.9716 9.88645 8.0328 10.7156 
150 8213 9.24186 8.95484 1.48577 8.79219 
150 8214 5.79482 9.71431 6.62746 4.40234 
150 8215 7.22564 11.3404 8.84801 9.90164 
150 8216 0.761598 8.42426 4.80247 0.942601 
150 8217 5.94551 6.94485 6.08735 4.03894 
150 8218 3.51822 5.96236 9.53294 2.26671 
150 8219 5.0038 10.3585 6.48791 9.32951 
150 8220 3.11869 3.78088 7.22842 6.5607 
150 8221 6.94378 8.70719 3.69181 2.16031 
150 8222 1.36208 4.46223 4.4202 2.07285 
150 8223 5.57802 7.52941 0.626908 10.9391 
150 8224 5.23931 1.48237 11.1998 11.392 
150 8225 3.23075 7.33206 8.02356 6.49622 
150 8226 7.10278 7.25357 8.66138 11.2599 
150 8227 10.2734 10.4107 4.07157 2.40636 
150 8228 8.27879 0.768195 6.66911 3.49205 
150 8229 3.00549 5.26334 4.47721 0.693672 
150 8230 11.5148 4.68659 3.49471 9.6942 
150 8231 0.424653 10.0175 8.62471 0.883705 
150 8232 10.3597 3.72702 11.1354 7.28862 
150 8233 5.68053 1.94227 3.70284 10.9155 
150 8234 8.45251 5.67832 5.49492 3.33057 
150 8235 5.27077 8.7687 3.99131 2.81066 
150 8236 4.09134 5.61465 3.69111 3.07059 
150 8237 5.6078 3.53132 2.69976 1.49543 
150 8238 7.51421 5.39698 4.00841 8.7959 
150 8239 3.64528 8.91265 7.67362 8.34649 
150 8240 0.772385 2.05681 3.51714 10.2015 
150 8241 10.9596 0.574905 10.8172 7.84607 
150 8242 5.87371 10.8262 5.53531 0.628815 
150 8243 2.88532 3.7322 6.52927 6.29986 
150 8244 10.0778 0.681411 8.82894 9.31955 
150 8245 10.4001 0.488419 4.34711 5.81157 
150 8246 11.3777 9.16255 9.42935 9.59458 
150 8247 5.4103 0.978242 4.6108 2.00985 
150 8248 8.65065 3.36758 0.456232 7.9085 
150 8249 4.09158 4.55869 10.4674 5.69474 
150 8250 9.1365 4.13658 4.93315 1.56511 
150 8251 7.50817 6.15923 1.67908 11.3138 
150 8252 1.60493 5.65784 8.8031 0.729269 
150 8253 10.8535 2.90039 1.45273 10.2896 
150 8254 6.29844 4.99393 7.08379 0.95932 
150 8255 6.08153 6.70703 6.99513 9.57571 
150 8256 5.38457 1.10889 4.81235 3.9965 
150 8257 7.42286 5.71852 8.04845 10.3602 
150 8258 4.30127 7.23883 11.6873 11.173 
150 8259 3.084 6.55247 4.60851 4.67848 
150 8260 1.02518 3.46785 11.2574 11.1746 
150 8261 1.4807 1.21616 4.31687 5.60874 
150 8262 5.55259 6.89321 0.679452 6.16395 
150 8263 3.95076 7.04999 4.15987 7.83347 
150 8264 10.0626 10.8952 11.2868 9.9857 
150 8265 9.41526 3.09289 8.46763 2.26475 
150 8266 10.1731 3.69827 6.64486 1.01892 
150 8267 10.8683 1.39449 11.0074 5.57646 
150 8268 10.3661 11.0336 5.49146 10.231 
150 8269 5.9123 4.72393 10.3895 1.43528 
150 8270 10.9462 5.78945 7.01563 2.15033 
150 8271 7.36426 1.23748 5.20465 4.5404 
150 8272 4.48606 10.9531 9.19573 3.21375 
150 8273 1.45609 1.17371 10.8434 5.95158 
150 8274 9.96654 6.54631 2.45167 4.12415 
150 8275 1.89149 1.51509 8.72279 0.847784 
150 8276 6.86549 7.75046 5.68712 2.32896 
150 8277 1.7192 5.60188 8.18173 0.958198 
150 8278 10.2968 6.33008 8.90852 6.93991 
150 8279 10.6435 7.97506 6.56792 4.95962 
150 8280 7.69079 9.84576 7.0691 4.0102 
150 8281 10.311 1.83418 4.05346 4.15422 
150 8282 8.71308 6.75811 7.12447 10.4955 
150 8283 1.8166 5.05656 5.41137 3.11017 
150 8284 7.69487 11.2377 5.90242 8.89766 
150 8285 5.30596 3.62228 3.78493 8.4091 
150 8286 1.26095 0.76921 2.73982 1.34915 
150 8287 9.55866 5.3349 5.30714 10.1332 
150 8288 3.97214 6.89428 2.78227 8.33185 
150 8289 8.79718 2.52428 1.13513 11.3128 
150 8290 6.74988 3.90827 5.2452 4.28845 
150 8291 2.79271 11.0283 7.9534 9.32499 
150 8292 10.3851 1.33622 0.553162 2.81676 
150 8293 9.83623 4.1796 6.99489 6.40975 
150 8294 11.0927 11.4108 7.51474 3.24756 
150 8295 4.53866 6.45202 0.824371 3.11383 
150 8296 8.64419 10.6735 5.63789 1.20032 
150 8297 0.98083 5.78776 1.353 7.2344 
150 8298 3.83505 10.9686 0.736822 4.96788 
150 8299 10.5323 3.42783 3.31272 4.93174 
150 8300 10.3958 9.23604 2.36955 7.67848 
150 8301 2.75927 9.66724 9.46513 6.60758 
150 8302 9.78239 10.6664 9.51993 9.53396 
150 8303 6.64421 11.0068 5.16612 10.373 
150 8304 2.75984 11.9669 10.9144 4.09222 
150 8305 0.660098 5.92016 4.73096 3.25806 
150 8306 5.02173 0.808252 8.2212 11.7692 
150 8307 3.73241 5.38777 3.60338 2.77189 
150 8308 2.97459 6.81089 4.14264 9.51794 
150 8309 4.3857 1.38165 4.57551 8.83675 
150 8310 1.51816 7.54876 0.593873 1.59548 
150 8311 8.03715 6.48558 0.79124 10.654 
150 8312 0.537037 5.95923 8.02922 1.72794 
150 8313 10.8963 3.94424 5.08494 0.991243 
150 8314 9.24813 8.73974 11.1798 1.38515 
150 8315 0.900429 9.36177 8.26192 10.7589 
150 8316 3.73645 0.968945 2.85277 3.47401 
150 8317 8.2411 8.00288 7.59632 3.30556 
150 8318 10.5645 9.2321 11.05 6.8881 
150 8319 9.67213 10.7619 1.0321 10.8772 
150 8320 11.3229 4.5032 11.727 11.024 
150 8321 7.14326 10.2426 5.12321 11.5609 
150 8322 5.89874 5.65708 0.760725 3.64091 
150 8323 8.37759 8.33672 6.18031 2.06541 
150 8324 3.59392 8.16571 0.925937 5.96515 
150 8325 0.724164 8.14302 3.45124 11.3286 
150 8326 4.006 0.981245 0.454868 3.49562 
150 8327 6.55583 7.2548 7.72742 7.17121 
150 8328 10.895 7.41827 1.06043 1.48104 
150 8329 0.967453 4.40551 0.511774 1.47535 
150 8330 3.90285 0.977651 3.04473 3.39837 
150 8331 3.36621 9.46856 10.9016 1.75428 
150 8332 1.73136 10.9401 1.08965 2.50828 
150 8333 8.19534 3.18623 2.3733 7.81535 
150 8334 4.32736 8.19242 5.67952 1.45152 
150 8335 3.79606 1.08794 2.19336 3.36792 
150 8336 4.56206 3.38369 3.47089 4.24035 
150 8337 8.35676 10.9179 6.23635 1.81789 
150 8338 5.24594 4.14118 4.32678 4.29005 
150 8339 8.91131 3.99119 6.0499 9.56643 
150 8340 9.02559 0.744037 6.18354 6.04672 
150 8341 5.17757 2.82229 7.64696 4.44903 
150 8342 10.5493 2.5135 5.63379 3.0026 
150 8343 3.9976 0.992835 0.450601 3.49588 
150 8344 2.70512 11.0952 2.78668 0.797266 
150 8345 10.369 8.87344 8.22265 4.92145 
150 8346 7.51672 6.09977 9.97544 5.46953 
150 8347 4.07942 9.76551 9.14931 1.58536 
150 8348 10.8986 3.98224 3.27495 4.97416 
150 8349 5.83734 11.8967 9.25845 11.4951 
150 8350 9.29927 7.99205 8.34187 7.97183 
150 8351 10.2049 9.48202 11.0156 7.32234 
150 8352 7.91006 2.3435 2.65879 3.02277 
150 8353 5.53787 10.0548 2.38697 2.79694 
150 8354 10.6441 11.687 0.699457 3.49477 
150 8355 4.72662 9.12168 1.06181 3.69843 
150 8356 8.8653 3.53181 2.714 8.47018 
150 8357 8.95577 7.33489 7.87604 5.91427 
150 8358 8.45972 5.94873 0.866231 2.25882 
150 8359 8.4526 7.23629 9.44353 0.643284 
150 8360 9.39218 5.97071 2.35362 4.63567 
150 8361 5.03397 4.75136 10.9002 10.7103 
150 8362 9.13586 7.18077 3.52893 7.17545 
150 8363 5.94212 9.02961 0.696118 7.22274 
150 8364 7.41677 9.2239 10.6754 3.99282 
150 8365 8.78308 1.94185 3.97205 1.8978 
150 8366 8.07234 0.521787 3.87865 10.3881 
150 8367 7.24448 8.20053 11.6291 11.039 
150 8368 1.87223 8.57457 7.56518 1.23776 
150 8369 1.18996 3.51049 0.484434 2.90175 
150 8370 8.90302 9.07928 0.647648 8.14892 
150 8371 6.99481 6.60919 4.45044 7.65728 
150 8372 9.94414 3.59563 1.04711 7.53902 
150 8373 5.3069 11.6624 9.36847 7.91739 
150 8374 10.7995 7.55852 1.99871 2.15055 
150 8375 8.79281 2.27083 6.60839 5.72882 
150 8376 9.74535 3.68884 7.12096 4.30055 
150 8377 5.47444 3.58979 3.22747 3.53987 
150 8378 5.25394 4.03223 0.908087 6.4618 
150 8379 5.58382 9.53856 3.8654 3.56054 
150 8380 8.42558 10.8978 7.04308 8.30141 
150 8381 9.40739 10.5526 10.7849 3.15859 
150 8382 6.69244 0.465552 11.0564 9.9607 
150 8383 7.73189 5.78798 4.01402 5.99118 
150 8384 3.85915 6.55888 4.93655 10.5764 
150 8385 3.66585 8.93325 7.53405 8.43832 
150 8386 6.21188 2.96119 10.8823 1.02805 
150 8387 1.04063 2.35016 10.1561 4.21826 
150 8388 4.92894 5.4338 0.604299 3.88302 
150 8389 10.1171 11.0693 2.64699 5.53375 
150 8390 5.41048 2.46019 9.89903 1.7576 
150 8391 2.47664 3.62186 7.56123 6.38616 
150 8392 9.58263 7.69915 10.3136 0.57016 
150 8393 10.2861 2.23399 3.41067 6.41525 
150 8394 4.48782 3.4371 2.33435 1.88748 
150 8395 8.95591 0.506434 3.83919 4.95689 
150 8396 0.637889 11.0497 2.73505 10.661 
150 8397 4.49989 5.1017 10.1143 10.1532 
150 8398 1.1554 8.40524 0.579585 1.78944 
150 8399 6.23787 3.27151 2.37286 4.18362 
150 8400 4.08134 2.62549 11.3336 4.41602 
150 8401 3.15932 9.84678 9.14826 1.36037 
150 8402 0.682269 10.7662 1.63928 4.55218 
150 8403 5.53381 0.63427 8.66185 1.25114 
150 8404 5.99203 6.01532 0.813744 9.00833 
150 8405 4.61139 6.43122 7.69636 0.615266 
150 8406 4.39557 3.77668 8.48328 5.60998 
150 8407 10.9781 11.0044 9.16514 4.71347 
150 8408 0.998002 4.1778 7.69144 9.49528 
150 8409 1.03465 11.5711 11.4307 7.92657 
150 8410 5.69571 7.07428 1.14188 1.30778 
150 8411 7.11546 5.16272 7.4524 7.56668 
150 8412 10.2129 7.99387 5.6264 10.8361 
150 8413 7.71943 7.79147 10.3777 5.64942 
150 8414 11.3717 6.75249 9.56732 4.75877 
150 8415 6.99856 1.36773 8.26173 2.64839 
150 8416 5.168 9.54348 6.18871 7.23161 
150 8417 11.2483 6.08818 8.35977 4.23121 
150 8418 8.15037 9.62922 10.1756 10.572 
150 8419 2.68566 5.272 6.24199 6.55377 
150 8420 8.16157 0.700232 11.2208 4.46092 
150 8421 8.81826 4.29393 9.581 2.59749 
150 8422 1.24005 7.91541 6.31887 0.778425 
150 8423 10.9392 8.92524 8.96098 9.50368 
150 8424 7.6005 4.46209 10.0038 6.45781 
150 8425 4.49347 8.08147 9.98194 0.52344 
150 8426 4.37687 9.91601 11.2918 1.65695 
150 8427 2.97629 11.2479 2.78622 1.0874 
150 8428 1.12153 2.50903 10.8474 2.5747 
150 8429 6.68112 9.99226 10.6073 1.44406 
150 8430 1.22625 6.14692 8.51003 4.88694 
150 8431 8.05888 5.88752 3.85194 5.79626 
150 8432 4.14987 3.61371 11.5206 7.5763 
150 8433 5.35514 5.45786 2.21502 8.81861 
150 8434 8.12778 0.976987 4.87605 6.86041 
150 8435 6.80573 7.70103 1.70497 7.00931 
150 8436 4.59727 1.51638 4.79355 5.32501 
150 8437 6.39022 3.27531 7.27039 6.84151 
150 8438 2.89246 5.18971 6.34116 1.28241 
150 8439 5.6805 5.5126 6.36346 8.13124 
150 8440 3.01429 0.829028 4.80655 5.94065 
150 8441 10.6662 8.44816 11.5984 7.96654 
150 8442 3.77989 4.63204 8.84631 9.84252 
150 8443 7.12283 11.0441 11.6442 1.0828 
150 8444 6.34015 4.27397 1.93543 2.58016 
150 8445 2.64276 9.01685 3.30605 5.14817 
150 8446 8.61373 9.89048 6.70703 1.86691 
150 8447 4.53594 6.04032 5.31661 5.96934 
150 8448 0.6562 4.06691 8.08055 1.0076 
150 8449 0.697182 8.5469 3.16899 8.17593 
150 8450 0.866336 0.950851 2.34166 1.35721 
150 8451 0.78514 7.43213 8.8017 7.14454 
150 8452 5.75609 10.4583 2.84699 7.34834 
150 8453 4.02022 5.91793 0.795232 4.93265 
150 8454 10.1827 2.08261 2.31833 3.4244 
150 8455 1.70903 7.31511 4.34006 2.91708 
150 8456 1.31375 2.47602 9.49137 6.61901 
150 8457 4.63376 0.801094 10.4106 10.6753 
150 8458 2.56071 0.951507 2.39984 6.51956 
150 8459 8.26466 11.1047 1.841 2.53293 
150 8460 5.03928 5.85164 3.28787 7.31917 
150 8461 6.31403 5.71637 2.6205 5.12205 
150 8462 0.918213 5.2227 3.28666 2.83897 
150 8463 6.24851 3.97337 0.83718 7.10676 
150 8464 10.7374 11.0853 3.43232 3.48463 
150 8465 10.8371 3.61444 2.70833 1.22519 
150 8466 9.40545 4.12531 7.44225 11.6686 
150 8467 9.95219 5.26219 7.14421 3.81989 
150 8468 5.81443 0.507999 5.21478 5.84243 
150 8469 5.47367 6.25858 1.718 2.30012 
150 8470 5.56214 11.1919 5.30321 1.16177 
150 8471 4.09743 5.25746 3.00663 3.32206 
150 8472 10.9015 0.492175 0.596221 11.0574 
150 8473 2.81046 1.98041 5.55941 5.66355 
150 8474 0.844812 8.36915 6.1241 10.7131 
150 8475 7.98726 3.28137 7.57276 2.58186 
150 8476 1.71678 3.49645 2.96901 2.11694 
150 8477 4.1688 4.26019 2.84273 3.7082 
150 8478 10.6725 3.37089 4.98481 8.27144 
150 8479 4.37871 1.16508 4.50873 3.22853 
150 8480 1.57701 5.99818 8.51359 10.994 
150 8481 7.2022 3.80604 5.38881 4.27163 
150 8482 11.2491 0.509855 3.02361 8.20788 
150 8483 7.89407 5.86512 3.90774 5.78879 
150 8484 7.17057 8.72462 7.89944 6.32179 
150 8485 7.83077 6.21674 9.26731 1.2386 
150 8486 3.11628 8.65277 9.60368 1.56923 
150 8487 11.2714 4.94682 9.99189 1.46003 
150 8488 8.9669 6.98575 0.776985 0.79446 
150 8489 5.96028 1.39503 4.04001 10.9742 
150 8490 4.68719 1.1791 1.94087 3.43106 
150 8491 6.48671 6.50416 7.9187 3.5674 
150 8492 9.51045 11.0053 9.51427 11.0064 
150 8493 11.2675 1.19513 1.75235 9.35201 
150 8494 10.1951 5.95967 10.2816 9.34864 
150 8495 8.18656 9.51803 4.06552 1.4694 
150 8496 10.9778 11.4947 1.88728 5.11652 
150 8497 10.5146 4.26804 3.48084 5.20393 
150 8498 4.59205 5.15012 2.8002 5.22956 
150 8499 6.66457 5.99575 7.67323 3.80431 
150 8500 4.91202 11.7859 9.51264 10.8702 
150 8501 1.25115 4.34209 7.58355 5.42907 
150 8502 8.85646 7.81044 8.82441 5.58646 
150 8503 10.7398 7.95431 6.33478 11.0174 
150 8504 6.47659 6.54688 3.75647 0.899092 
150 8505 5.21244 0.996956 0.638772 4.63887 
150 8506 2.78323 10.0872 11.6278 7.61721 
150 8507 4.27224 2.30698 6.53499 8.89462 
150 8508 9.46803 3.74694 7.89433 4.65339 
150 8509 8.22065 5.41297 8.6311 5.674 
150 8510 7.35358 1.09848 4.6504 6.66717 
150 8511 9.43128 0.540283 5.35427 9.75045 
150 8512 2.1948 3.31658 10.4089 2.16764 
150 8513 10.8202 5.65352 6.91849 1.94389 
150 8514 3.99679 1.14326 9.61938 6.58515 
150 8515 3.60395 4.96765 9.58331 0.535137 
150 8516 3.68945 1.01602 4.22723 4.60196 
150 8517 2.14188 7.52392 5.47613 8.07858 
150 8518 9.00824 10.8073 8.9169 6.91983 
150 8519 4.31472 8.48552 5.67116 1.43093 
150 8520 0.89194 10.2884 1.66836 0.717238 
150 8521 10.6321 4.55543 7.61317 3.83809 
150 8522 4.49688 6.05668 4.10677 3.15666 
150 8523 5.32389 8.53867 4.16778 3.43159 
150 8524 5.11663 2.84711 7.86373 6.43948 
150 8525 4.30773 8.93501 8.51209 2.48981 
150 8526 6.5787 2.41693 3.28783 6.00589 
150 8527 10.315 3.20439 6.5094 6.09844 
150 8528 7.9406 9.11067 0.744417 7.18973 
150 8529 7.95584 8.19497 4.32207 2.02625 
150 8530 4.08865 4.33601 4.22614 3.90435 
150 8531 1.62741 3.97538 5.22527 6.58032 
150 8532 0.931419 8.71297 6.66999 0.6517 
150 8533 6.81704 10.5642 8.04171 7.96935 
150 8534 1.07442 0.489656 2.46381 9.71932 
150 8535 9.63438 9.54213 10.1619 5.66297 
150 8536 1.89091 11.278 1.62225 9.41677 
150 8537 7.99734 6.88413 5.55868 5.73737 
150 8538 4.15449 11.0428 8.66426 5.62706 
150 8539 9.69795 8.51245 5.42353 4.05492 
150 8540 6.20434 6.80025 3.89046 6.90562 
150 8541 5.53269 1.31877 3.32165 2.17273 
150 8542 8.38179 11.215 5.81482 4.5724 
150 8543 9.16745 4.32566 10.3787 4.51592 
150 8544 4.12466 7.1072 8.25937 6.93065 
150 8545 1.33505 4.64103 0.990225 10.5736 
150 8546 8.88443 9.02631 4.07026 7.52397 
150 8547 11.1044 4.96872 5.77493 6.78603 
150 8548 0.990939 10.2519 6.88325 1.937 
150 8549 6.4842 10.0042 7.89372 2.35927 
150 8550 4.81194 2.61078 6.8921 6.3823 
150 8551 5.59205 0.748899 0.658251 4.96427 
150 8552 6.55355 10.0547 11.5709 1.45394 
150 8553 7.7003 6.21442 1.94715 5.21829 
150 8554 2.99248 10.8512 7.80624 9.21874 
150 8555 5.04189 1.94186 4.17024 10.465 
150 8556 6.67409 5.91945 5.95065 1.82943 
150 8557 9.87835 3.77526 9.45598 3.16828 
150 8558 6.10671 10.6511 10.6223 6.21786 
150 8559 11.3397 9.90666 5.794 5.95699 
150 8560 2.33539 0.517629 7.61964 10.0467 
150 8561 7.12649 3.39937 10.3798 9.33716 
150 8562 2.15377 5.93538 2.19772 2.14923 
150 8563 4.88358 5.4168 1.944 10.0356 
150 8564 5.3281 1.11383 4.75045 4.01964 
150 8565 5.12544 4.46381 5.09488 4.50722 
150 8566 8.61217 5.00627 5.09423 7.97048 
150 8567 8.94451 0.353959 7.82024 6.26434 
150 8568 0.617917 4.58747 5.06615 6.26361 
150 8569 2.82284 4.01683 10.7097 4.32988 
150 8570 5.38435 0.867294 4.6288 8.04058 
150 8571 11.1768 0.789135 6.92007 4.78298 
150 8572 1.4075 6.30621 2.7992 1.75945 
150 8573 10.9709 8.30434 6.1431 2.5787 
150 8574 7.27915 0.935692 10.0831 3.97168 
150 8575 0.75176 7.58591 9.2267 7.32586 
150 8576 6.62901 8.87403 3.14799 7.77663 
150 8577 6.79541 8.69757 7.60024 0.77156 
150 8578 8.76024 7.35368 9.06725 3.39009 
150 8579 7.71996 10.1567 2.82519 4.95622 
150 8580 6.50202 5.01665 5.39364 1.05219 
150 8581 2.04146 1.04447 2.51536 7.61347 
150 8582 8.06581 6.96121 7.02815 8.08468 
150 8583 2.85984 11.8997 10.4573 9.18885 
150 8584 4.0168 6.23445 0.845696 5.20973 
150 8585 4.21419 7.48829 6.02213 6.60259 
150 8586 3.20387 9.89801 10.4104 5.84057 
150 8587 3.82783 0.60809 10.4714 9.33991 
150 8588 11.4461 11.0507 4.27209 1.95905 
150 8589 1.85975 0.991798 5.04385 7.96839 
150 8590 8.22163 5.69487 1.47975 5.33606 
150 8591 0.817336 5.70053 8.89202 4.02615 
150 8592 0.762234 10.1473 8.84429 3.45491 
150 8593 2.10946 9.24081 11.2557 10.7722 
150 8594 7.28036 4.12218 4.79991 4.9151 
150 8595 11.1092 10.3722 9.49638 10.4294 
150 8596 9.6971 3.31163 6.17832 6.01552 
150 8597 8.7273 11.0903 8.82013 0.67939 
150 8598 10.5114 10.1551 6.17692 11.058 
150 8599 7.83089 5.07576 3.42975 8.93892 
150 8600 4.38714 5.57763 1.53635 10.4559 
150 8601 2.74498 6.89852 9.20019 5.74945 
150 8602 4.3533 9.3742 11.0457 3.21281 
150 8603 8.3893 9.39702 7.35311 1.47634 
150 8604 6.73644 3.4024 1.44739 8.71924 
150 8605 7.90904 9.89905 9.62078 6.52934 
150 8606 2.40937 4.87552 5.50996 10.1401 
150 8607 8.58057 9.09777 6.5227 6.60198 
150 8608 1.94896 3.14973 4.31876 1.05823 
150 8609 9.48805 8.5084 6.99822 7.34194 
150 8610 6.62326 0.725034 11.0755 9.35644 
150 8611 4.36934 6.89071 4.26085 3.34284 
150 8612 4.562 5.26231 2.00311 1.78365 
150 8613 4.25565 11.0767 6.55477 5.9388 
150 8614 10.2397 1.07795 10.2951 1.19182 
150 8615 4.91344 7.08211 6.19699 7.15528 
150 8616 8.5006 5.26639 3.72515 1.86172 
150 8617 1.70463 9.70787 9.30857 3.95137 
150 8618 5.56354 4.21825 0.854015 7.38829 
150 8619 6.02553 6.1802 0.695316 9.34903 
150 8620 11.9498 1.98773 10.0895 9.98599 
150 8621 7.28442 5.64695 3.76807 5.89893 
150 8622 6.1257 10.0352 1.75453 5.32754 
150 8623 4.87316 7.59398 6.9187 8.98819 
150 8624 6.46502 11.3232 10.2447 3.74339 
150 8625 8.63044 3.13419 6.68995 2.84523 
150 8626 5.20928 8.62309 5.80014 0.994116 
150 8627 7.92157 6.51257 10.2114 1.82433 
150 8628 8.37405 3.98446 0.596976 9.4579 
150 8629 9.85466 11.3454 10.0483 10.5185 
150 8630 10.0336 11.1647 4.77212 9.49935 
150 8631 1.18356 11.2936 7.47804 7.91046 
150 8632 5.39391 10.8237 0.615032 8.63348 
150 8633 2.15441 2.99842 10.785 2.27783 
150 8634 4.79609 10.7171 3.14159 1.5161 
150 8635 6.39322 7.45571 8.1887 7.70201 
150 8636 10.3815 9.59672 6.9991 2.32833 
150 8637 3.09744 11.6173 6.42216 0.904765 
150 8638 10.9693 11.1579 10.7835 0.57049 
150 8639 4.93292 11.5528 3.31918 9.68169 
150 8640 10.9264 10.2265 6.87512 2.08804 
150 8641 5.77966 1.67717 10.0147 11.1749 
150 8642 6.77314 1.01933 5.06381 1.28454 
150 8643 3.62787 3.69453 3.20654 7.12038 
150 8644 5.90914 11.8201 9.82258 8.62748 
150 8645 5.1854 4.38915 4.52824 4.37078 
150 8646 10.7944 9.65067 11.1299 9.87476 
150 8647 7.84798 9.15125 2.1333 7.81719 
150 8648 3.31492 4.11661 3.61901 7.63239 
150 8649 1.10039 1.93824 7.03519 6.81016 
150 8650 7.83937 1.8702 8.66361 11.2721 
150 8651 9.82692 0.858962 6.69673 4.69475 
150 8652 6.42732 11.2022 2.24479 11.282 
150 8653 10.8367 0.626286 10.3635 9.95504 
150 8654 9.09471 4.56095 1.9953 5.6208 
150 8655 1.86018 4.69458 7.57854 3.69721 
150 8656 9.09151 6.32107 6.98885 8.32286 
150 8657 1.79153 3.16971 9.70448 4.86361 
150 8658 11.7013 7.33378 10.0641 9.03026 
150 8659 3.87762 4.41861 2.80279 3.8558 
150 8660 11.4274 10.7026 9.64876 10.7277 
150 8661 10.8215 7.54104 2.79516 3.83082 
150 8662 6.8239 5.42192 9.0121 4.58322 
150 8663 3.50029 1.18519 2.27733 6.66362 
150 8664 0.753581 10.3038 9.9002 8.51148 
150 8665 1.83305 8.24496 1.79041 1.14943 
150 8666 11.5379 12.1055 9.70612 2.62702 
150 8667 11.4072 7.11324 11.4964 11.3496 
150 8668 5.45764 8.98294 4.47533 9.99822 
150 8669 10.542 7.64138 2.38318 6.7301 
150 8670 6.01982 6.19461 10.7707 3.95227 
150 8671 1.00697 4.01588 0.456607 1.47859 
150 8672 0.844431 9.6974 9.19759 8.5265 
150 8673 1.45525 4.19224 2.618 1.88555 
150 8674 5.09775 6.99654 8.63097 5.34251 
150 8675 2.49755 9.10122 9.92869 1.18565 
150 8676 5.62376 3.66402 0.480157 4.65189 
150 8677 4.80443 2.68515 5.39853 5.17106 
150 8678 8.5722 6.81857 9.2618 3.4607 
150 8679 3.23973 4.19536 3.8593 7.84404 
150 8680 9.41066 8.2563 4.76353 10.7685 
150 8681 1.65943 6.49155 6.7859 6.07103 
150 8682 2.21609 5.11277 4.68366 9.19374 
150 8683 9.6445 5.10671 11.0242 9.34428 
150 8684 2.36274 10.2957 9.76506 6.89525 
150 8685 7.18933 5.00533 5.98192 10.4271 
150 8686 10.3466 9.55991 1.92069 6.92192 
150 8687 2.39495 5.07846 3.8598 0.681852 
150 8688 7.53683 7.67988 6.07555 9.06051 
150 8689 9.18159 8.01896 9.12033 5.81169 
150 8690 6.80668 3.51909 2.70211 4.77949 
150 8691 1.58198 2.79659 7.78707 3.18896 
150 8692 1.07948 5.84216 3.68345 2.84078 
150 8693 10.407 10.3543 3.08565 3.46957 
150 8694 7.8096 4.52423 10.0066 6.37902 
150 8695 2.94501 7.44973 1.15052 1.13862 
150 8696 3.97994 6.36782 3.52758 6.92824 
150 8697 3.54766 7.75573 1.82392 10.5011 
150 8698 11.6985 4.44469 10.9762 7.7796 
150 8699 6.72922 7.06107 11.0683 2.4448 
150 8700 2.48634 10.1813 6.05112 6.43873 
150 8701 8.67357 2.13788 10.3713 11.4208 
150 8702 7.17587 3.40706 11.0682 9.85212 
150 8703 10.591 1.05649 4.33004 9.23861 
150 8704 2.41667 3.82374 4.76507 10.3346 
150 8705 11.4262 6.33991 10.1396 5.0833 
150 8706 10.3813 4.15134 1.54307 11.5501 
150 8707 11.0946 6.47939 3.21415 6.65617 
150 8708 3.79932 3.58148 2.52216 6.10735 
150 8709 5.4954 6.94972 0.712785 5.75488 
150 8710 5.09441 0.914638 4.08284 3.70456 
150 8711 1.35539 4.65961 7.67687 7.70146 
150 8712 6.64764 1.75931 7.39704 1.70783 
150 8713 1.40577 0.899167 5.48724 10.9637 
150 8714 4.70697 7.41689 6.37243 8.71216 
150 8715 6.87815 2.99377 11.3536 0.837618 
150 8716 5.53365 7.91457 2.09538 5.57222 
150 8717 4.05408 2.69742 11.2052 4.46476 
150 8718 7.84049 10.6295 1.27709 2.74901 
150 8719 3.18265 9.72263 10.2114 5.25716 
150 8720 4.50718 5.804 5.14253 5.66347 
150 8721 6.77506 11.1399 0.988749 5.67921 
150 8722 1.11251 5.15017 4.03853 7.41245 
150 8723 8.45693 3.35823 2.31595 8.09071 
150 8724 1.11035 4.28314 2.18189 10.4291 
150 8725 10.9778 2.59678 3.5492 7.08654 
150 8726 0.858209 0.983532 9.19892 4.48608 
150 8727 9.07259 2.98451 3.45547 3.80602 
150 8728 9.41593 9.86538 9.38493 10.3806 
150 8729 3.53289 4.04458 4.61067 8.5528 
150 8730 9.99699 2.92333 11.3068 1.07306 
150 8731 7.04209 7.71878 9.20509 2.85632 
150 8732 11.5697 0.976598 7.35162 5.2734 
150 8733 3.87132 4.43471 0.381173 3.74003 
150 8734 5.65203 5.16811 2.11781 9.04819 
150 8735 7.45852 6.1991 1.75385 1.19799 
150 8736 8.92381 4.5806 11.1322 5.66908 
150 8737 8.9964 4.71693 8.67489 1.92176 
150 8738 7.42032 8.99471 2.96528 8.32069 
150 8739 6.00911 6.10591 5.09496 11.3418 
150 8740 5.73869 0.766915 5.1196 8.58372 
150 8741 1.48946 1.47845 6.09918 5.8155 
150 8742 1.1338 7.58483 4.17457 3.20669 
150 8743 8.76849 11.5912 4.74424 10.6738 
150 8744 9.71766 3.33869 4.79401 1.92951 
150 8745 3.45658 1.60224 2.63395 3.62459 
150 8746 6.51277 11.6457 7.32635 11.2268 
150 8747 5.66229 0.58803 5.07625 5.34224 
150 8748 7.0933 5.30909 8.92642 7.67237 
150 8749 1.4149 5.47216 7.5272 7.10317 
150 8750 7.48928 6.1711 10.996 9.88267 
150 8751 11.6668 4.07145 8.85228 10.0983 
150 8752 2.08406 3.20434 0.999341 8.90118 
150 8753 11.206 9.33625 2.82228 4.85998 
150 8754 3.13048 3.98054 10.4329 3.79899 
150 8755 3.62851 4.86688 9.43759 10.3761 
150 8756 4.25972 6.55774 0.999692 5.20693 
150 8757 6.10881 9.02329 0.880997 7.38286 
150 8758 9.30632 1.3539 5.60994 8.46399 
150 8759 10.3367 5.49378 6.75395 6.63623 
150 8760 0.864564 1.40304 2.90401 1.12439 
150 8761 10.9391 0.953819 4.61724 9.35418 
150 8762 3.25413 9.50632 0.694851 2.04111 
150 8763 10.0433 9.61217 6.82033 2.23381 
150 8764 11.8854 7.74907 7.60309 1.02414 
150 8765 10.8977 4.1195 8.01994 3.7566 
150 8766 11.0375 9.53185 10.8085 4.46599 
150 8767 2.55489 1.82139 9.72624 3.09867 
150 8768 2.22155 8.20807 9.11097 7.88078 
150 8769 2.30271 8.47038 4.86549 1.47206 
150 8770 6.49409 5.57286 3.5095 5.7284 
150 8771 9.57468 5.18187 6.69581 3.83609 
150 8772 2.14692 9.95394 10.5478 5.76695 
150 8773 7.71003 1.74815 8.44686 6.51145 
150 8774 10.6181 3.46059 5.15049 7.51014 
150 8775 3.34282 4.95696 9.70244 0.488359 
150 8776 7.35306 2.03367 8.37947 10.4751 
150 8777 10.934 7.23552 6.16608 7.75407 
150 8778 7.74553 4.83404 6.45453 10.9604 
150 8779 8.86708 9.21166 8.68557 9.56012 
150 8780 6.41391 7.98808 9.60184 9.15078 
150 8781 9.27015 1.58808 3.58677 3.65884 
150 8782 4.23378 4.28113 10.5272 6.91565 
150 8783 7.46824 4.06598 1.36582 8.51441 
150 8784 6.34726 4.35766 1.96698 2.22914 
150 8785 10.7962 9.00304 7.54231 1.62405 
150 8786 1.47419 8.32693 0.604013 8.60133 
150 8787 6.09774 9.40288 1.68257 6.33545 
150 8788 1.22344 10.6957 4.69249 10.889 
150 8789 1.04003 1.62576 3.24838 9.37427 
150 8790 5.79798 8.2285 5.29832 7.80952 
150 8791 2.1597 0.868361 4.93734 7.31056 
150 8792 5.76217 2.17801 7.66909 4.53927 
150 8793 9.92895 10.6891 0.830077 10.7251 
150 8794 1.96686 5.42678 2.34616 2.14245 
150 8795 4.63102 3.57187 8.40076 0.651223 
150 8796 7.45163 6.93621 11.3647 2.50125 
150 8797 2.73716 8.19534 1.92526 2.72845 
150 8798 5.75552 2.23967 10.7206 1.7139 
150 8799 8.11307 10.5241 4.3186 1.80445 
150 8800 0.926127 6.63627 1.10118 4.19011 
150 8801 1.03489 0.75443 9.0825 2.48721 
150 8802 7.30473 1.09403 4.54107 6.61679 
150 8803 9.19055 8.01746 7.43356 11.554 
150 8804 1.71302 3.2429 2.42822 1.21599 
150 8805 5.18024 9.36991 3.59208 5.46342 
150 8806 6.09364 8.58909 6.61014 2.75336 
150 8807 2.6837 6.25555 9.93381 3.11647 
150 8808 1.34523 9.90204 2.70122 2.17019 
150 8809 11.6293 1.8328 10.2739 2.03672 
150 8810 1.74205 9.34051 3.5181 5.1169 
150 8811 5.67611 4.27796 4.50324 4.38784 
150 8812 6.4162 2.49683 3.53687 5.95002 
150 8813 10.6197 2.08273 6.04296 10.9787 
150 8814 10.6369 1.84649 6.63468 2.4256 
150 8815 1.45933 4.69352 0.435308 2.48874 
150 8816 4.62821 3.4835 10.7869 10.0102 
150 8817 11.4456 10.414 6.50359 6.86431 
150 8818 9.22882 9.12576 1.28966 8.88131 
150 8819 7.90305 5.5099 1.81531 5.00309 
150 8820 5.73238 11.2023 5.31887 0.666535 
150 8821 2.52369 10.355 4.511 1.7519 
150 8822 6.76582 0.93454 9.19726 8.69655 
150 8823 0.49455 3.8232 5.96985 10.2185 
150 8824 7.43677 5.69949 8.40155 0.93407 
150 8825 10.2738 9.72882 7.65482 1.87838 
150 8826 2.27298 8.93985 10.9117 10.0069 
150 8827 7.94969 6.4217 8.21915 3.20344 
150 8828 6.53428 1.52422 8.42486 7.48611 
150 8829 5.79282 1.5873 4.04505 2.70732 
150 8830 8.8351 2.42555 5.05482 8.58584 
150 8831 6.11691 11.1038 2.79251 8.04103 
150 8832 11.5914 11.2008 9.26852 10.0142 
150 8833 3.82433 0.912479 4.58952 4.56812 
150 8834 9.10244 5.23921 9.98287 11.3891 
150 8835 11.1192 6.76333 2.89898 11.2626 
150 8836 2.26249 4.98211 8.02054 3.91209 
150 8837 3.63783 0.716434 5.24384 4.94143 
150 8838 7.3712 4.99961 2.57166 3.28546 
150 8839 5.94327 4.90089 5.07766 10.1554 
150 8840 10.5041 3.1718 8.86809 7.88713 
150 8841 9.38891 8.45473 7.01992 6.81889 
150 8842 2.65459 5.2475 6.1273 6.51558 
150 8843 6.81482 3.65221 6.22821 4.24266 
150 8844 2.6302 9.11304 7.88191 4.56645 
150 8845 9.57454 8.6049 9.91961 6.18806 
150 8846 1.43977 6.30699 2.91393 1.76918 
150 8847 5.93316 9.39066 1.36562 10.3224 
150 8848 6.64972 4.15724 5.27745 4.30896 
150 8849 1.6462 8.07651 5.32922 8.59632 
150 8850 2.34717 5.29609 3.82516 3.70663 
150 8851 1.2993 5.82052 7.77039 3.90008 
150 8852 3.40781 10.0982 3.76354 2.12509 
150 8853 7.07636 7.66448 3.11781 5.01698 
150 8854 9.17075 5.69656 5.85899 4.31003 
150 8855 8.62742 7.00503 8.91406 3.48611 
150 8856 5.64094 8.80983 2.4205 6.21322 
150 8857 5.65803 6.04757 3.8137 3.07745 
150 8858 6.46969 8.0827 5.83604 8.55305 
150 8859 9.02645 8.65326 7.00897 1.49536 
150 8860 7.46479 11.1094 8.55691 9.44842 
150 8861 1.09802 4.58938 2.38055 1.05895 
150 8862 5.79309 2.3117 9.4398 3.10605 
150 8863 3.9208 6.51354 2.0719 8.03462 
150 8864 4.87672 4.15976 3.20909 11.125 
150 8865 4.45497 1.35011 2.57149 10.6866 
150 8866 3.8797 3.69465 2.57404 2.79285 
150 8867 10.9709 10.443 2.12149 1.49931 
150 8868 4.70788 4.81523 10.5307 6.27173 
150 8869 9.77823 7.0139 0.435897 3.76274 
150 8870 3.77809 10.5922 6.38446 1.24855 
150 8871 6.86636 8.70818 8.32524 6.22719 
150 8872 6.02318 6.34689 0.629663 9.6928 
150 8873 7.31771 3.20592 10.9331 10.1293 
150 8874 0.842216 6.72072 6.2776 11.0228 
150 8875 5.18838 1.42087 0.947605 4.06002 
150 8876 6.82018 5.61999 5.61252 10.5435 
150 8877 6.77749 6.57395 3.09679 5.03826 
150 8878 5.39845 5.07301 5.91515 5.88679 
150 8879 6.51455 9.93861 7.63787 2.13489 
150 8880 4.68133 6.28979 5.51976 6.17875 
150 8881 4.15552 10.2073 11.3728 3.93655 
150 8882 6.16258 5.66853 3.28335 5.44577 
150 8883 7.62956 10.8106 9.93963 9.37908 
150 8884 11.8158 3.50664 7.44204 2.41063 
150 8885 10.2743 6.67002 6.55293 10.1428 
150 8886 10.8159 1.21075 11.6571 11.3427 
150 8887 5.95573 7.04135 6.28455 4.34908 
150 8888 1.52807 1.14857 10.8412 5.94912 
150 8889 11.5046 6.38643 9.67944 4.85206 
150 8890 6.03328 7.59651 4.94348 7.48113 
150 8891 1.27537 4.08367 3.52812 1.83668 
150 8892 6.71505 6.33232 3.9428 0.812676 
150 8893 1.06904 5.61646 10.0215 4.78115 
150 8894 2.24744 4.7486 4.81325 6.68663 
150 8895 11.638 0.4224 11.2854 7.70178 
150 8896 7.03019 5.27448 7.81576 7.37747 
150 8897 10.0609 1.02634 6.99501 4.48522 
150 8898 3.85946 0.560463 5.62024 5.24317 
150 8899 8.7798 5.70638 2.15528 4.98498 
150 8900 0.862986 1.21912 10.6221 2.29304 
150 8901 6.12735 9.31192 1.87955 6.36881 
150 8902 7.90439 2.24243 2.58116 3.20042 
150 8903 1.77035 7.50263 4.53634 3.19721 
150 8904 1.14411 2.19994 10.3976 1.54265 
150 8905 2.61922 1.00345 10.3555 0.868053 
150 8906 6.18279 5.43327 6.54539 4.10144 
150 8907 11.1503 9.67726 3.77989 6.09792 
150 8908 9.16286 3.90499 3.03492 5.13371 
150 8909 7.1505 4.4052 5.29902 4.53855 
150 8910 6.24979 1.34437 6.79525 3.48953 
150 8911 9.45896 1.22637 7.40497 10.3969 
150 8912 7.89715 0.947936 5.45631 4.86862 
150 8913 6.53703 5.25681 6.05091 3.25635 
150 8914 5.43695 1.05455 0.899265 11.2748 
150 8915 4.19868 4.189 0.240065 3.45846 
150 8916 5.92362 4.33264 2.32605 3.41252 
150 8917 3.90333 2.43285 7.23751 10.0955 
150 8918 3.76617 9.66017 7.86574 0.874583 
150 8919 10.2578 9.5513 6.66676 2.10031 
150 8920 10.0928 1.02142 6.67525 0.825022 
150 8921 0.903733 0.933137 2.34243 1.34266 
150 8922 8.26043 3.16469 6.33068 2.90626 
150 8923 7.03052 8.25265 0.706254 7.34449 
150 8924 0.400238 7.95137 10.8495 4.47808 
150 8925 9.94436 7.71015 8.25752 8.00979 
150 8926 6.07378 4.60763 4.5635 9.84801 
150 8927 3.09693 4.55598 5.68313 7.01955 
150 8928 5.42313 1.93554 6.95397 1.91352 
150 8929 8.83716 4.45853 2.00195 5.47355 
150 8930 0.998121 7.6051 2.64417 2.02475 
150 8931 5.05352 9.81972 9.57914 10.7656 
150 8932 5.87932 9.37267 4.05461 9.96836 
150 8933 11.4741 5.78105 0.697308 10.9305 
150 8934 10.7589 10.9197 4.50719 7.89383 
150 8935 3.93293 11.3957 9.27476 9.99361 
150 8936 1.31965 6.65226 9.41638 10.2634 
150 8937 4.03716 6.9403 10.7686 5.74183 
150 8938 2.38063 7.22281 2.01331 2.02841 
150 8939 5.12028 0.731147 0.75179 4.57708 
150 8940 9.7979 10.5599 10.3545 9.4913 
150 8941 4.87469 11.0221 9.09118 10.6036 
150 8942 9.62879 1.77247 5.87888 2.38492 
150 8943 7.20729 5.7201 5.14013 7.4401 
150 8944 4.99656 9.31677 1.07332 3.86002 
150 8945 4.85217 5.51385 3.74267 2.81474 
150 8946 3.30685 5.73823 9.43221 2.44159 
150 8947 7.29998 11.4077 8.76405 10.0321 
150 8948 4.39686 0.963776 2.5563 8.5052 
150 8949 1.29023 6.05565 7.96635 4.34429 
150 8950 2.78275 8.5017 1.36534 8.34638 
150 8951 2.20367 3.02013 10.6348 2.00559 
150 8952 1.11194 0.792854 0.758275 10.1296 
150 8953 1.35716 4.42335 6.79779 9.10606 
150 8954 9.88943 5.6018 1.27249 11.5087 
150 8955 10.661 3.79386 10.0664 3.67828 
150 8956 4.8672 1.11529 1.58554 10.9473 
150 8957 7.22104 3.41552 10.5319 9.45393 
150 8958 2.24384 1.30342 0.652138 8.24048 
150 8959 8.08383 0.820014 10.0597 3.59348 
150 8960 6.64859 4.5501 3.4588 8.05372 
150 8961 8.87825 4.7386 5.62752 7.89512 
150 8962 8.78627 1.46571 6.37551 7.41723 
150 8963 5.18752 0.844582 4.29793 3.91246 
150 8964 1.09833 5.8977 3.49295 2.49025 
150 8965 4.61388 8.19077 6.58634 6.13748 
150 8966 4.38739 6.72205 3.07436 2.28114 
150 8967 2.78788 6.99187 4.05991 9.24183 
150 8968 0.551151 2.20233 5.27388 2.68352 
150 8969 4.91557 6.69528 10.6342 8.5133 
150 8970 7.48339 1.08077 10.341 6.42113 
150 8971 0.985542 4.7154 10.8848 8.01579 
150 8972 6.49831 9.06296 6.15983 9.6912 
150 8973 5.65859 7.33557 9.28345 5.45748 
150 8974 3.93186 6.12051 5.13842 5.51592 
150 8975 2.92652 5.18138 9.73686 7.84713 
150 8976 5.13163 4.04319 0.354278 4.06062 
150 8977 10.1625 5.9777 1.92256 1.70891 
150 8978 1.42957 11.7677 8.70057 7.83607 
150 8979 9.85717 2.16987 10.6099 3.94914 
150 8980 5.81955 5.33337 7.19225 6.3071 
150 8981 7.3811 6.10326 10.501 9.37111 
150 8982 2.2454 5.3294 10.4057 8.62611 
150 8983 3.53008 8.86543 0.907796 9.30578 
150 8984 5.94524 6.78517 9.24497 0.501252 
150 8985 7.45916 11.0895 7.08919 8.85932 
150 8986 4.72252 11.3058 4.7289 8.65043 
150 8987 1.31599 10.1088 6.78631 1.91126 
150 8988 9.72998 3.75656 8.07578 4.88294 
150 8989 4.31109 7.52035 8.95685 9.9429 
150 8990 7.0935 1.56031 2.53903 9.67685 
150 8991 5.65134 1.9621 3.69826 10.9511 
150 8992 4.22389 0.424601 6.35436 10.3577 
150 8993 5.32482 2.79475 6.99831 3.98911 
150 8994 3.20145 7.28266 1.75053 9.01224 
150 8995 7.20565 4.14261 10.4236 10.7581 
150 8996 1.62887 1.21569 5.32568 9.25935 
150 8997 2.04859 2.51745 8.61555 8.19518 
150 8998 5.75937 4.80277 1.85365 8.49582 
150 8999 1.39576 9.17402 3.56883 5.29839 
150 9000 4.55693 8.50508 4.75115 3.92004 
150 9001 0.992653 7.47692 8.40806 7.43118 
150 9002 9.61422 5.30436 11.2302 9.40539 
150 9003 8.20827 11.0887 8.49837 3.8197 
150 9004 5.55855 1.46046 1.71417 7.30246 
150 9005 11.0173 9.63863 11.2042 4.4079 
150 9006 8.82522 6.82203 7.01449 10.4218 
150 9007 5.01256 10.4736 9.73427 3.71679 
150 9008 7.15883 9.6058 7.78136 3.01163 
150 9009 10.5569 10.7145 4.84227 8.3153 
150 9010 8.7357 4.57442 0.828945 5.70443 
150 9011 9.42714 9.59865 3.91633 3.08438 
150 9012 6.75621 4.24357 5.25288 4.63824 
150 9013 7.11694 5.5609 3.594 5.84871 
150 9014 6.70601 5.5579 9.95652 10.901 
150 9015 2.81037 9.29418 8.46439 4.96916 
150 9016 6.26237 5.70862 2.63155 5.04368 
150 9017 9.95808 1.24009 7.64864 8.04012 
150 9018 6.73802 9.24563 6.70477 9.76754 
150 9019 0.808987 10.3774 7.02813 7.19443 
150 9020 3.95906 1.29199 6.90813 11.0743 
150 9021 1.13281 5.20429 11.1214 5.90503 
150 9022 8.96379 9.68067 0.527349 7.29451 
150 9023 1.38346 3.88253 5.29616 2.46388 
150 9024 8.91606 8.80618 8.41201 2.95381 
150 9025 10.0859 11.2662 9.81578 9.78925 
150 9026 7.8081 5.57476 2.00283 5.0129 
150 9027 3.48222 8.47929 0.74547 1.10881 
150 9028 4.80556 3.37063 2.04804 1.68468 
150 9029 2.33652 6.25302 1.93408 10.9504 
150 9030 10.1212 7.32727 0.991771 1.24045 
150 9031 10.7532 7.25473 2.8235 3.81862 
150 9032 3.98411 6.46299 3.82676 7.08229 
150 9033 6.91558 3.34786 1.12841 9.16462 
150 9034 3.06942 1.33977 2.46274 5.1798 
150 9035 5.5055 9.47676 6.91502 5.09237 
150 9036 5.43906 3.84967 10.9255 7.26863 
150 9037 3.81905 0.893767 5.25894 2.76842 
150 9038 7.58209 2.3601 2.58345 3.12224 
150 9039 8.55775 5.64243 5.36344 7.66268 
150 9040 6.21865 3.95702 3.39349 3.08892 
150 9041 6.96684 8.8815 5.47363 8.76223 
150 9042 5.53684 1.68786 9.67103 11.0006 
150 9043 11.5198 11.6449 10.2092 4.96492 
150 9044 8.30737 10.3098 1.1961 11.4244 
150 9045 5.5372 1.34078 1.74856 7.40387 
150 9046 3.0458 9.8294 10.7267 5.91935 
150 9047 9.78177 10.809 2.66155 5.46905 
150 9048 4.15225 9.99997 1.03237 4.31484 
150 9049 7.91954 6.08612 6.78511 3.17243 
150 9050 7.22838 10.9141 8.03695 1.89652 
150 9051 9.70927 0.927983 6.64582 6.51476 
150 9052 10.6518 1.46126 0.980879 5.75585 
150 9053 8.19735 1.55867 2.68522 1.08701 
150 9054 6.38545 7.19604 5.54419 5.05255 
150 9055 1.1897 2.62656 8.87476 3.77142 
150 9056 0.7854 9.36093 3.04262 2.64276 
150 9057 9.75632 4.7425 5.62632 6.77735 
150 9058 4.44371 7.50945 7.65424 9.00019 
150 9059 8.36494 9.66154 10.6185 3.43101 
150 9060 5.4771 9.53691 2.51299 2.87404 
150 9061 7.3174 10.0658 3.52186 1.77593 
150 9062 6.10263 4.91849 6.67536 7.58966 
150 9063 6.23628 3.81337 5.39106 2.45534 
150 9064 8.87062 3.61634 3.86928 6.35326 
150 9065 8.36582 4.25195 8.01901 2.21246 
150 9066 11.0243 10.5054 4.16613 2.22196 
150 9067 8.65449 1.49892 4.39365 3.01354 
150 9068 0.949309 3.81602 0.474323 1.47204 
150 9069 0.996297 3.99673 2.50282 1.49852 
150 9070 1.00253 3.99741 2.50603 1.50611 
150 9071 3.37205 9.62371 3.70659 10.6535 
150 9072 7.02065 6.74984 0.979451 3.69327 
150 9073 10.5854 9.24546 11.5028 4.59463 
150 9074 7.68214 4.04603 1.43717 1.14445 
150 9075 5.15781 0.804325 8.34637 1.05245 
150 9076 1.17433 8.61795 2.6359 2.25611 
150 9077 7.18332 0.496842 3.80681 9.31323 
150 9078 4.13213 6.56925 5.80746 6.17667 
150 9079 10.2038 10.1652 0.71481 7.19319 
150 9080 11.183 1.02362 5.03001 5.51892 
150 9081 10.7668 10.4062 4.16854 2.28829 
150 9082 1.53227 4.57732 2.53629 1.97139 
150 9083 4.7423 11.3947 8.78964 7.12813 
150 9084 3.69029 10.6291 3.81944 11.3955 
150 9085 11.5031 1.60512 9.3037 9.03954 
150 9086 8.74843 10.2147 10.7118 3.02976 
150 9087 8.1735 10.8488 1.62761 2.65673 
150 9088 0.586452 3.37097 2.70968 4.41997 
150 9089 1.10803 5.43652 1.17458 3.08873 
150 9090 11.8448 3.90704 0.622776 10.7112 
150 9091 8.59087 8.47962 1.50733 1.14013 
150 9092 3.46902 4.65519 0.669527 6.84773 
150 9093 5.99952 4.45695 4.58042 8.68019 
150 9094 3.34237 4.37576 5.18877 4.78768 
150 9095 3.93274 7.38942 3.04264 8.91708 
150 9096 9.77064 5.02676 9.31559 5.21498 
150 9097 11.1633 11.159 3.91495 6.15048 
150 9098 8.40374 4.13883 5.11578 1.65009 
150 9099 6.51934 5.99594 2.41811 9.21669 
150 9100 5.44297 9.08332 4.82182 10.8889 
150 9101 7.67762 10.214 2.87067 4.97445 
150 9102 10.1334 8.59909 11.4205 7.68383 
150 9103 9.07686 1.39451 11.3392 2.11751 
150 9104 6.98525 8.80493 7.56241 0.795236 
150 9105 3.10914 10.7802 6.05897 6.61229 
150 9106 1.49316 6.41486 8.17437 8.72182 
150 9107 6.46324 4.53217 1.13486 1.76498 
150 9108 6.96434 5.36607 6.3327 3.44027 
150 9109 11.5673 8.56593 7.63377 9.68442 
150 9110 10.1462 1.32303 11.0954 8.3807 
150 9111 9.44537 10.7114 9.70209 10.7317 
150 9112 2.44828 5.90998 10.4841 0.735338 
150 9113 4.50773 1.30865 6.93125 1.82443 
150 9114 1.24285 9.60195 9.23293 8.5462 
150 9115 7.88274 10.254 5.10758 4.20356 
150 9116 9.28919 4.46935 1.59817 9.69355 
150 9117 3.2279 3.93436 0.615304 6.07291 
150 9118 10.278 7.13667 3.82814 7.93967 
150 9119 5.53317 1.42311 5.44164 4.0216 
150 9120 1.08332 0.817324 10.311 5.3469 
150 9121 6.24762 5.81857 0.792056 3.46088 
150 9122 11.6002 4.91783 10.3693 2.88437 
150 9123 8.49693 8.85507 6.00683 6.65032 
150 9124 2.3837 2.25287 9.97036 10.2476 
150 9125 10.8948 6.57722 6.56395 10.5767 
150 9126 0.99888 3.99679 2.49858 1.50128 
150 9127 11.634 1.76455 10.6743 1.9323 
150 9128 1.76841 9.83702 2.04224 2.40354 
150 9129 10.3236 2.25553 5.87836 10.7366 
150 9130 6.77254 10.5909 0.975259 8.85088 
150 9131 7.92357 1.60091 4.33878 5.32591 
150 9132 9.18024 9.68441 9.179 9.34485 
150 9133 3.57871 10.4566 2.08828 9.90425 
150 9134 1.01072 4.00606 0.457097 1.4753 
150 9135 4.90752 10.476 3.19758 1.64724 
150 9136 10.4604 10.7595 4.29143 8.98153 
150 9137 1.00081 3.99964 2.49758 1.50379 
150 9138 2.82116 8.97254 10.2678 5.4233 
150 9139 3.43773 9.38641 10.8848 1.81178 
150 9140 6.26797 3.80789 4.54267 9.64071 
150 9141 1.43485 5.92757 8.70465 3.38545 
150 9142 9.42178 3.3395 5.1381 2.52189 
150 9143 7.98991 1.81736 3.77901 2.04204 
150 9144 1.97692 1.83459 4.42693 6.3115 
150 9145 6.42811 7.29711 7.94767 7.46387 
150 9146 10.2577 1.14496 8.26903 3.20394 
150 9147 10.6648 2.36456 4.35228 5.48029 
150 9148 4.65857 3.87227 10.4249 6.90777 
150 9149 9.81638 3.53662 4.68091 7.60181 
150 9150 11.4884 4.53016 4.0948 8.77291 
150 9151 5.51045 2.56105 10.2876 1.51182 
150 9152 5.0232 9.60232 8.14477 9.82078 
150 9153 10.6174 5.29084 0.618108 9.34995 
150 9154 1.41025 9.4074 0.520334 11.2168 
150 9155 11.1 11.0226 5.77224 10.4841 
150 9156 7.11149 10.9299 1.21947 5.8873 
150 9157 1.8775 5.52243 6.83356 1.35814 
150 9158 8.7718 0.95604 5.07466 5.09581 
150 9159 2.89489 8.8751 0.974599 1.99443 
150 9160 6.8179 7.90425 0.876467 6.05236 
150 9161 7.46832 7.29648 9.84218 8.25296 
150 9162 10.7949 5.32176 7.88743 4.97893 
150 9163 3.14966 6.97181 4.69693 4.92306 
150 9164 1.21964 4.83675 11.0258 8.19327 
150 9165 9.32539 7.82896 4.14308 2.58468 
150 9166 3.6558 7.50956 0.973259 5.83836 
150 9167 5.66231 1.21782 1.72992 6.98083 
150 9168 9.56938 8.90412 2.9071 10.7451 
150 9169 4.07726 0.651619 6.54057 4.6132 
150 9170 5.22562 8.50226 4.05183 3.42062 
150 9171 10.7091 7.73473 9.00318 7.47139 
150 9172 6.29155 2.11687 4.02766 10.8948 
150 9173 5.02226 7.28873 1.88436 6.34283 
150 9174 4.46477 3.06118 6.26526 4.36471 
150 9175 9.25014 9.94856 0.625141 7.71661 
150 9176 7.37796 9.46606 2.54171 10.7146 
150 9177 3.85699 9.4411 9.92036 4.13566 
150 9178 2.25972 1.44142 2.27266 5.71162 
150 9179 5.09695 5.33206 2.11969 9.75526 
150 9180 7.87445 5.97877 3.98922 10.9277 
150 9181 0.960512 4.26826 2.36849 1.31063 
150 9182 1.78302 8.26923 11.3957 0.905653 
150 9183 5.46785 0.98971 3.33244 2.62311 
150 9184 4.49001 4.97857 6.24869 8.61869 
150 9185 7.16175 10.563 7.62707 7.96958 
150 9186 7.18036 9.07257 3.01232 10.1431 
150 9187 2.10813 9.73066 3.42821 3.69342 
150 9188 4.42272 6.45149 3.33771 2.19571 
150 9189 6.63974 5.07058 7.06595 8.2158 
150 9190 8.36053 6.67525 8.53283 3.32011 
150 9191 8.05205 11.236 10.7547 7.2375 
150 9192 3.91382 5.17521 9.95025 10.6643 
150 9193 10.5226 6.19705 1.07297 6.10218 
150 9194 3.53171 9.67128 10.9676 1.42939 
150 9195 8.14546 8.51846 3.81244 7.12091 
150 9196 3.76468 1.15674 2.23079 3.33702 
150 9197 7.00495 9.96352 1.16411 8.9638 
150 9198 5.35646 4.09843 0.91848 6.69355 
150 9199 3.40784 10.6849 3.23463 2.42045 
150 9200 10.7197 1.12578 7.06145 4.7406 
150 9201 1.83563 2.98734 10.4363 5.15386 
150 9202 0.472764 9.45522 6.00399 3.70634 
150 9203 1.10864 9.70208 5.14957 10.1833 
150 9204 5.29807 7.77495 3.23915 6.89976 
150 9205 0.82094 4.15258 4.28624 4.75851 
150 9206 7.90261 6.45137 6.53285 7.04229 
150 9207 11.645 10.055 3.34173 6.00179 
150 9208 6.29205 10.2733 10.8217 7.6413 
150 9209 5.82212 5.26551 6.96643 6.60824 
150 9210 9.00174 7.96018 4.38053 10.0357 
150 9211 11.8008 9.39704 9.24074 6.28114 
150 9212 1.00847 0.870826 2.4074 1.30959 
150 9213 11.2116 7.0461 11.1889 2.8793 
150 9214 6.98113 7.3075 8.28099 7.26331 
150 9215 11.7345 6.66575 6.90894 11.3846 
150 9216 4.91626 5.55624 2.05109 10.2632 
150 9217 4.57582 9.26779 11.3583 2.75581 
150 9218 11.582 10.3422 0.896465 11.0562 
150 9219 2.88194 4.81574 10.3761 2.7662 
150 9220 6.96345 1.14239 8.44241 4.7726 
150 9221 2.55207 3.4424 1.45401 8.11781 
150 9222 10.0165 11.2864 11.0648 3.57894 
150 9223 5.24421 5.26784 4.70854 4.57699 
150 9224 6.83175 7.16619 8.40708 10.9634 
150 9225 9.35151 3.77246 1.7983 5.14516 
150 9226 3.36964 8.01296 2.91837 4.84756 
150 9227 1.05081 8.10977 2.63197 2.16359 
150 9228 9.56721 6.14169 1.49957 11.2219 
150 9229 7.94237 3.88549 3.4668 1.91941 
150 9230 4.10371 1.65108 5.29237 3.36905 
150 9231 7.48947 10.3062 1.04157 2.85823 
150 9232 10.9122 6.10576 7.07987 4.33058 
150 9233 9.42225 3.91244 8.0666 4.89168 
150 9234 0.899114 5.49092 4.34181 7.84314 
150 9235 2.50972 1.50767 9.6993 1.02531 
150 9236 6.63497 0.747504 6.58071 9.81941 
150 9237 3.49353 9.983 0.559552 2.04396 
150 9238 1.33324 6.12311 10.0763 3.31762 
150 9239 10.9909 0.881706 11.3244 10.604 
150 9240 0.77171 7.04598 2.22554 3.94357 
150 9241 10.9485 6.25916 9.07944 7.08105 
150 9242 10.9725 7.71142 2.92488 3.68227 
150 9243 8.77042 1.67383 9.77889 11.2828 
150 9244 1.89263 1.51626 8.72393 0.847643 
150 9245 5.60153 8.11241 2.24087 5.81183 
150 9246 3.85931 0.95022 4.03475 7.89351 
150 9247 8.56212 4.06717 7.5778 9.16638 
150 9248 10.8312 5.25319 8.00646 4.96572 
150 9249 4.21434 4.19573 0.248822 3.45629 
150 9250 7.87185 4.20883 1.21981 5.30311 
150 9251 4.6947 4.97412 9.43314 2.36141 
150 9252 5.57291 6.60341 2.47019 9.49139 
150 9253 4.41917 10.7543 10.2405 1.31059 
150 9254 7.07759 3.45898 9.96499 9.1365 
150 9255 5.86451 0.691605 1.8317 11.2034 
150 9256 9.91085 10.5995 11.1575 3.04085 
150 9257 9.33224 11.7715 6.49289 5.10696 
150 9258 8.88329 1.11557 4.90306 2.81673 
150 9259 5.66674 3.41934 9.73422 5.18175 
150 9260 10.873 7.49726 3.04042 8.8555 
150 9261 2.08015 3.08 4.95353 6.63171 
150 9262 10.5952 9.98686 5.07211 11.1831 
150 9263 9.15275 1.29407 5.30056 8.19758 
150 9264 10.4914 5.92415 4.79605 8.70304 
150 9265 4.44528 10.8062 9.1026 2.72194 
150 9266 5.85116 1.98159 10.2357 11.6042 
150 9267 6.58339 3.97874 4.72772 10.5283 
150 9268 11.312 3.34986 8.41752 5.97932 
150 9269 11.0334 2.47605 7.58326 9.25847 
150 9270 0.761123 6.246 8.83844 4.25617 
150 9271 7.6355 3.82851 7.24532 8.08856 
150 9272 1.96544 1.24345 9.75053 6.7744 
150 9273 6.07672 6.06222 3.71762 1.05897 
150 9274 9.03009 2.90662 6.33707 4.21835 
150 9275 6.14761 4.95001 4.33042 10.818 
150 9276 7.24756 6.75503 0.626646 2.66065 
150 9277 3.15028 7.57472 10.2893 4.457 
150 9278 2.94585 1.97659 2.91731 10.4191 
150 9279 11.0833 9.93624 0.937021 2.25961 
150 9280 5.42312 10.9785 3.15211 0.98524 
150 9281 6.73922 5.94389 6.28774 10.8447 
150 9282 3.80175 5.83809 2.96996 3.47028 
150 9283 0.838479 0.970846 2.361 1.36785 
150 9284 1.27396 8.8666 3.69195 4.8409 
150 9285 4.97417 8.17391 3.92656 3.35131 
150 9286 4.58707 6.5859 1.30925 5.08769 
150 9287 10.4687 3.62598 1.54991 5.20249 
150 9288 9.56907 5.23933 11.1441 9.43594 
150 9289 4.83586 6.34382 7.88402 7.83026 
150 9290 0.934406 5.8309 10.5219 7.59167 
150 9291 6.50779 8.31876 10.0128 9.25869 
150 9292 5.28328 7.6375 2.08724 5.36264 
150 9293 5.76673 5.44391 6.65867 5.81558 
150 9294 5.44036 10.015 10.6413 5.12028 
150 9295 6.35373 5.00138 5.36053 9.69417 
150 9296 4.44298 4.94906 6.9286 8.91699 
150 9297 10.5287 6.02211 3.29114 5.80432 
150 9298 10.4076 4.29942 2.64706 1.18691 
150 9299 0.381067 6.37803 8.44666 1.30453 
150 9300 4.10774 4.42449 4.50593 3.8907 
150 9301 4.73921 2.27392 7.18651 5.5604 
150 9302 6.50876 1.25921 10.6753 6.45922 
150 9303 6.30164 10.1213 4.6455 9.83204 
150 9304 3.67914 1.16909 0.360631 6.70591 
150 9305 0.99725 4.0023 2.49885 1.50184 
150 9306 3.36629 4.78124 0.847176 7.32193 
150 9307 11.2207 4.40171 8.34261 9.60095 
150 9308 4.43518 7.70586 1.28252 3.19041 
150 9309 10.6566 9.4444 7.85625 10.6064 
150 9310 4.67034 1.64344 5.15477 9.50516 
150 9311 7.4306 10.7204 1.60392 9.94169 
150 9312 7.05597 8.07415 5.82598 2.29871 
150 9313 2.29455 7.83141 3.25765 10.3642 
150 9314 7.31195 9.32218 7.4813 0.918243 
150 9315 8.61214 10.4203 10.3538 6.75995 
150 9316 6.26891 5.45954 3.80227 1.29046 
150 9317 8.84611 6.56427 10.5417 1.42744 
150 9318 2.27485 5.06843 4.80087 9.20081 
150 9319 10.3277 2.85058 7.18181 11.4268 
150 9320 10.9131 2.86402 2.88657 6.9212 
150 9321 5.4981 10.7042 5.03541 5.91073 
150 9322 2.61718 6.88851 6.75413 0.883256 
150 9323 5.29321 0.917383 0.991888 5.46034 
150 9324 6.20679 5.44326 6.42061 4.04738 
150 9325 0.957977 6.00377 10.9246 3.10896 
150 9326 6.02825 6.09067 0.73649 9.13496 
150 9327 1.97124 3.59127 8.93917 1.93611 
150 9328 11.1412 5.96467 7.96946 4.23057 
150 9329 11.1958 7.8343 4.49433 3.05355 
150 9330 3.85676 0.690192 9.4398 8.60605 
150 9331 2.38408 0.904876 2.40995 6.86225 
150 9332 1.0875 4.28888 5.35206 6.60655 
150 9333 9.95216 6.23261 4.75309 8.38818 
150 9334 5.88225 11.0318 7.56217 8.19526 
150 9335 1.65395 11.1307 3.51308 1.70325 
150 9336 0.828989 1.94027 10.6676 1.26517 
150 9337 3.68616 3.61462 2.76171 6.60428 
150 9338 11.0488 7.92802 8.80548 11.6693 
150 9339 3.55019 5.25507 2.52017 3.92087 
150 9340 10.001 2.1772 10.8383 3.65936 
150 9341 2.90183 10.217 11.6151 7.41173 
150 9342 10.1361 1.43277 9.90666 0.558591 
150 9343 7.18311 3.43126 6.46267 2.68767 
150 9344 3.79971 1.07129 2.18685 3.37339 
150 9345 10.2528 0.546049 8.31574 4.23845 
150 9346 8.06982 5.35718 3.46882 10.5634 
150 9347 0.642652 10.613 9.16744 3.77865 
150 9348 7.93037 2.40436 6.71514 9.10988 
150 9349 1.32823 1.17762 6.17958 9.45198 
150 9350 8.88943 5.66023 3.82413 9.87013 
150 9351 7.47059 0.783555 0.912841 6.31864 
150 9352 6.88449 3.94497 7.25864 1.4457 
150 9353 4.25531 10.8557 5.37108 5.51234 
150 9354 10.621 9.09125 11.6132 4.70382 
150 9355 2.29398 8.79698 9.7348 8.66655 
150 9356 11.0457 9.97598 2.5544 11.8534 
150 9357 11.0898 8.69242 9.36666 3.21763 
150 9358 7.84044 3.07516 0.956731 9.89616 
150 9359 8.76218 1.37274 11.0416 4.0636 
150 9360 11.2217 7.70853 4.66396 8.92681 
150 9361 1.70296 9.01239 4.21815 11.5724 
150 9362 0.7958 4.6122 4.77113 7.9694 
150 9363 1.31154 2.19658 0.676233 10.7583 
150 9364 2.2728 3.22682 4.76697 6.25333 
150 9365 4.03001 3.90787 7.54106 0.47296 
150 9366 0.560627 3.44466 11.4159 8.32089 
150 9367 6.0489 10.1646 6.98572 4.88303 
150 9368 2.18261 0.884874 2.36127 7.12877 
150 9369 4.41266 0.69036 7.31213 11.2372 
150 9370 4.74881 7.63367 7.26102 10.1208 
150 9371 9.9269 2.34934 4.07046 4.88012 
150 9372 5.11777 10.0719 6.16518 8.75179 
150 9373 8.04675 2.65947 4.73724 7.98473 
150 9374 0.920454 8.60647 6.17597 5.57563 
150 9375 3.51343 1.02535 5.02721 9.09439 
150 9376 8.9927 8.31486 6.71198 6.65307 
150 9377 2.865 3.38757 5.91437 6.13357 
150 9378 4.33106 8.93172 10.7071 2.942 
150 9379 10.1792 4.38883 2.66205 2.74454 
150 9380 8.84914 7.5509 6.6289 5.8152 
150 9381 4.29102 10.6035 2.86874 5.41879 
150 9382 3.53045 3.58064 5.1142 4.52315 
150 9383 10.4725 11.2199 4.06348 2.31263 
150 9384 1.55747 9.1439 8.65432 3.82483 
150 9385 6.07594 10.0361 4.92315 10.739 
150 9386 5.77784 5.44816 6.67462 5.8045 
150 9387 1.70231 3.59153 2.51019 1.32975 
150 9388 5.42083 9.22311 6.21076 4.39251 
150 9389 3.61927 4.33624 5.15386 4.37518 
150 9390 1.24816 10.2751 5.18533 1.72958 
150 9391 4.15216 7.70804 8.25365 0.714278 
150 9392 0.869384 5.45388 10.201 0.727691 
150 9393 8.89241 4.43337 5.49383 4.63561 
150 9394 2.6883 6.51868 3.63471 5.64958 
150 9395 11.063 6.59126 6.50874 10.7414 
150 9396 10.2643 7.2147 3.8241 7.93517 
150 9397 5.29336 9.38678 6.24291 7.34855 
150 9398 2.30433 10.9085 2.29503 1.22953 
150 9399 7.98422 10.6736 1.35455 2.60524 
150 9400 10.3422 0.939426 2.81798 8.55117 
150 9401 11.3974 3.02996 6.98678 2.53323 
150 9402 10.3121 11.1942 2.56629 5.31624 
150 9403 11.9247 2.59279 3.82948 10.2138 
150 9404 9.94224 7.3789 0.328465 4.37495 
150 9405 11.772 7.36788 11.2316 8.58535 
150 9406 6.41313 7.95571 9.57333 9.14349 
150 9407 7.10833 0.996975 10.4998 6.12356 
150 9408 8.46538 8.50798 8.20266 3.1357 
150 9409 1.09226 3.90724 3.91047 4.21426 
150 9410 9.76248 6.31038 9.79964 9.17222 
150 9411 3.80311 1.08295 2.18914 3.37327 
150 9412 4.4125 3.05333 0.581659 8.52592 
150 9413 9.86189 6.59358 6.34392 9.43341 
150 9414 2.60143 3.44392 6.73057 9.58261 
150 9415 10.8288 1.32849 9.84112 2.14149 
150 9416 9.18808 1.18551 4.72629 5.31663 
150 9417 6.25151 8.60208 3.90325 8.67627 
150 9418 9.00702 1.56585 6.33125 0.964624 
150 9419 10.504 3.17206 8.86804 7.88731 
150 9420 6.07818 4.33282 4.91995 8.94258 
150 9421 9.62921 11.5597 7.53041 7.40173 
150 9422 9.84029 9.99563 10.1449 9.53995 
150 9423 11.1432 9.394 10.9291 9.81905 
150 9424 4.02799 9.30619 8.1176 2.76978 
150 9425 7.56978 0.898693 0.787667 9.52493 
150 9426 8.34164 1.43015 5.4524 6.97612 
150 9427 5.45225 9.11562 9.29788 11.5115 
150 9428 2.42511 3.77529 2.67001 4.82191 
150 9429 8.48391 11.5961 11.6665 7.3228 
150 9430 9.19962 10.3982 10.6969 3.13308 
150 9431 1.40154 4.86231 5.70653 4.71229 
150 9432 1.63736 4.58771 7.38781 3.48379 
150 9433 10.5042 3.17131 8.86822 7.88678 
150 9434 5.00133 9.68374 8.42306 9.97688 
150 9435 5.90192 5.67659 3.58184 6.16884 
150 9436 3.94995 8.13874 10.9417 0.794267 
150 9437 2.71509 5.6277 2.78867 4.80261 
150 9438 3.36984 7.29167 7.47446 0.718383 
150 9439 5.57182 3.52376 3.74688 3.42192 
150 9440 6.37681 7.38184 5.97054 11.5698 
150 9441 9.8939 9.22479 1.18194 2.63012 
150 9442 5.10856 11.2267 1.28851 0.708985 
150 9443 10.4401 5.56029 1.02892 3.34586 
150 9444 7.5952 7.07633 9.52505 7.76514 
150 9445 1.10394 6.74628 0.974538 10.849 
150 9446 1.55912 8.33069 11.3937 1.18922 
150 9447 0.849492 4.43427 2.64995 1.52871 
150 9448 6.45021 9.47958 1.79429 5.62635 
150 9449 7.20558 2.95325 2.89513 6.86615 
150 9450 8.60066 9.63337 7.42921 7.14307 
150 9451 9.25471 9.36697 4.356 3.16389 
150 9452 11.0624 9.32213 10.8171 0.82085 
150 9453 3.67219 5.81455 11.3331 0.512399 
150 9454 3.57681 11.1107 1.90039 9.50918 
150 9455 10.7499 5.69564 10.637 5.85213 
150 9456 4.13741 5.89877 4.96598 5.35808 
150 9457 3.74752 8.00742 2.05792 10.7393 
150 9458 4.73161 4.18581 2.63367 3.482 
150 9459 7.3936 0.858844 0.928869 6.38657 
150 9460 9.67532 0.607293 6.82073 2.78436 
150 9461 5.37383 1.14965 1.98843 3.60583 
150 9462 7.73162 4.45441 2.13414 5.35253 
150 9463 9.06542 6.83178 6.9469 7.71522 
150 9464 7.88153 0.562148 7.55274 10.9787 
150 9465 8.58109 4.88044 5.36768 8.37055 
150 9466 7.62995 1.22037 5.50564 4.54406 
150 9467 1.85648 7.37629 10.9952 0.929472 
150 9468 2.52253 1.61577 8.37237 7.59023 
150 9469 2.4851 11.5691 6.90243 10.1379 
150 9470 10.0952 2.24386 10.9801 3.64188 
150 9471 9.43764 6.44434 10.1756 11.1289 
150 9472 7.45879 0.571679 4.60875 9.91053 
150 9473 5.06083 10.8474 2.38748 6.66044 
150 9474 6.63558 8.44673 10.3871 9.46768 
150 9475 9.53687 4.93978 3.14408 0.953663 
150 9476 5.65253 1.05235 2.04974 3.69972 
150 9477 6.80366 8.80208 8.16409 6.08491 
150 9478 5.868 2.36609 6.96642 8.83573 
150 9479 9.32115 0.410605 8.88193 11.097 
150 9480 7.17082 1.92343 2.89713 10.1693 
150 9481 7.21946 4.9654 4.91848 3.76696 
150 9482 7.95924 10.7907 5.40843 1.14936 
150 9483 3.73426 8.86394 0.779049 5.9646 
150 9484 5.07928 9.81243 9.36736 10.7432 
150 9485 1.58951 1.11739 4.02539 5.15714 
150 9486 4.299 5.72076 3.09211 5.98125 
150 9487 1.06598 1.13761 5.07085 6.38268 
150 9488 9.88794 9.95344 6.07427 10.7812 
150 9489 8.57454 6.19649 8.52085 11.4883 
150 9490 4.82027 3.43488 11.1927 8.39765 
150 9491 6.97027 5.9422 8.29352 6.5925 
150 9492 3.84867 0.875643 4.873 4.56785 
150 9493 0.918896 5.2886 3.64141 3.16971 
150 9494 11.2917 7.80542 4.93787 1.00658 
150 9495 2.78544 11.2376 6.7151 6.62618 
150 9496 4.24996 7.23223 5.80646 6.27733 
150 9497 1.83975 3.39653 5.0872 0.645556 
150 9498 1.41579 0.746232 8.06303 2.38998 
150 9499 0.936138 12.033 9.03951 9.7954 
150 9500 0.473573 9.66609 7.90242 0.881999 
150 9501 2.74665 1.99792 11.5124 2.86609 
150 9502 8.54361 5.36914 8.44343 5.91575 
150 9503 11.1219 10.9046 0.51161 2.96948 
150 9504 5.46336 0.973416 3.73867 2.7343 
150 9505 9.43498 10.2352 2.7835 5.52539 
150 9506 4.84674 5.10492 1.02912 2.03151 
150 9507 5.39822 10.227 10.8666 5.22638 
150 9508 7.93127 7.75975 6.75051 11.1055 
150 9509 8.66836 1.02805 7.62021 0.666715 
150 9510 0.860026 0.824002 2.05176 1.2618 
150 9511 10.476 6.2136 3.16034 5.65134 
150 9512 6.72318 7.81342 7.41977 10.3949 
150 9513 1.52284 8.1932 3.90697 1.29509 
150 9514 1.46463 4.02135 2.6208 1.98083 
150 9515 8.98017 2.19658 7.51474 11.9443 
150 9516 4.03763 7.67634 5.45292 1.67462 
150 9517 9.70795 3.21862 6.68499 10.9284 
150 9518 3.01541 6.73233 5.2743 7.07635 
150 9519 3.99368 4.32239 0.338828 3.67037 
150 9520 10.7081 3.4721 2.88093 7.02183 
150 9521 4.9068 1.05951 1.95391 3.60929 
150 9522 5.95889 4.46339 4.86692 8.84871 
150 9523 1.19752 1.76551 7.644 4.02737 
150 9524 4.77849 2.72629 10.8296 8.67775 
150 9525 10.7405 1.65008 6.92491 2.26615 
150 9526 4.00131 1.86061 8.18631 5.88761 
150 9527 4.53869 3.86888 3.16799 9.0527 
150 9528 6.97674 0.980133 10.4865 7.74945 
150 9529 0.852367 7.51547 10.782 11.1364 
150 9530 6.32663 5.19691 7.6357 6.88257 
150 9531 1.16505 5.38524 5.05033 4.54059 
150 9532 1.05686 0.85515 2.44576 1.32997 
150 9533 3.54749 3.91884 2.60882 4.09467 
150 9534 10.2737 6.05106 4.64896 8.6508 
150 9535 4.11482 1.60808 1.75949 4.55659 
150 9536 3.7405 6.77939 1.93401 8.3461 
150 9537 2.60831 0.490235 7.87659 9.96753 
150 9538 10.5124 11.1117 11.8961 5.81554 
150 9539 10.2657 11.5754 5.26501 1.12258 
150 9540 1.84895 0.839418 2.28119 7.40067 
150 9541 4.49557 4.96 6.1919 8.56069 
150 9542 4.32105 4.89748 0.408025 3.42347 
150 9543 8.06743 2.29273 7.70477 5.49298 
150 9544 9.19892 4.33704 2.33414 5.69429 
150 9545 3.79907 4.54576 4.57942 8.82614 
150 9546 4.77093 4.95591 8.77646 2.69497 
150 9547 4.72996 1.81378 4.37664 9.94159 
150 9548 1.39325 4.60485 0.715094 1.12497 
150 9549 4.3229 7.02738 3.12892 2.32538 
150 9550 8.12 3.78977 4.55722 11.4816 
150 9551 11.406 7.09331 10.9662 3.24501 
150 9552 11.6923 7.52175 10.0064 9.12607 
150 9553 2.18325 2.58891 2.43155 11.3213 
150 9554 0.929272 10.1226 8.88 0.807109 
150 9555 1.52285 7.92621 5.37197 8.56195 
150 9556 7.04578 5.63901 9.70147 5.26294 
150 9557 8.69029 6.66682 1.34999 5.82156 
150 9558 10.528 6.63596 6.44608 10.3351 
150 9559 6.20513 5.66469 2.66478 4.86955 
150 9560 6.82576 7.1525 8.98374 8.24266 
150 9561 9.08978 9.83739 2.83605 5.50032 
150 9562 9.00351 11.1367 5.74537 4.2741 
150 9563 1.5637 10.5995 1.23012 8.04927 
150 9564 5.98008 4.50637 1.61096 8.03844 
150 9565 0.792549 4.14168 2.62699 3.82841 
150 9566 3.3274 3.93886 9.66156 3.88369 
150 9567 1.28242 6.96428 10.3394 8.84501 
150 9568 0.972115 2.33023 10.85 4.42051 
150 9569 1.88339 3.31535 9.14303 4.68515 
150 9570 8.83921 9.29387 8.66405 9.58457 
150 9571 8.18172 4.5812 0.843349 7.84594 
150 9572 4.24119 4.28343 4.27892 4.0703 
150 9573 2.27922 2.64535 4.18469 10.2785 
150 9574 10.9989 1.66282 4.15064 2.85238 
150 9575 2.27118 8.0597 5.00396 3.381 
150 9576 10.2352 5.93224 2.89549 5.56506 
150 9577 1.94837 1.20707 10.5143 10.6792 
150 9578 10.4131 7.54655 2.38229 1.98666 
150 9579 6.76277 4.10053 4.49003 10.3182 
150 9580 2.02168 4.16981 8.53421 2.12321 
150 9581 5.96873 1.91861 6.95724 2.07918 
150 9582 9.9043 10.8832 3.87314 7.16783 
150 9583 7.18567 8.46527 11.1602 0.961773 
150 9584 8.46588 2.84511 7.0949 10.7339 
150 9585 8.69628 5.57464 3.92983 2.02966 
150 9586 8.64639 7.16806 9.05011 3.49957 
150 9587 10.8795 2.50418 9.23355 1.75237 
150 9588 0.360351 6.65453 9.03417 1.24227 
150 9589 4.28593 4.34306 2.77832 3.41401 
150 9590 9.79163 5.01029 9.16756 1.07464 
150 9591 7.75751 4.13467 2.04197 4.95008 
150 9592 11.3784 7.40048 11.0648 3.02662 
150 9593 8.84318 3.20001 4.47754 11.6027 
150 9594 10.3134 2.57586 9.51601 4.35031 
150 9595 9.72509 8.13776 5.1097 10.7155 
150 9596 3.26209 9.48191 11.0984 1.69759 
150 9597 7.9564 2.61952 2.80375 7.35055 
150 9598 7.24939 5.42128 7.40509 9.60389 
150 9599 4.16587 3.99761 9.0728 9.31051 
150 9600 4.90367 7.74965 1.1317 2.84344 
150 9601 11.4443 6.03318 7.67674 4.55285 
150 9602 2.04325 6.37092 8.26836 1.22651 
150 9603 2.28373 9.07555 11.5365 10.959 
150 9604 6.44549 11.0209 0.580003 3.77366 
150 9605 2.11014 8.58325 10.5826 3.92255 
150 9606 8.78828 0.971243 7.1986 0.846434 
150 9607 4.62836 6.16233 9.55865 8.70062 
150 9608 2.55738 4.95417 4.98319 7.17181 
150 9609 10.6757 1.42471 1.15526 6.46306 
150 9610 7.86185 10.3891 7.86714 3.87289 
150 9611 7.22757 3.51616 9.06225 8.34855 
150 9612 3.46358 5.11804 10.8311 10.8998 
150 9613 3.01098 4.56216 8.26891 11.3491 
150 9614 5.36652 4.68204 5.24828 4.09249 
150 9615 10.7231 10.4176 1.63689 6.83903 
150 9616 4.27374 0.942259 2.44129 7.84551 
150 9617 2.07482 9.19073 5.26187 4.16873 
150 9618 8.04628 7.77047 2.44526 8.65865 
150 9619 9.70617 1.30477 5.63439 8.3611 
150 9620 0.948758 4.20564 0.521298 1.47346 
150 9621 4.46605 9.07441 7.22391 10.1533 
150 9622 8.52278 7.08772 2.07181 5.8365 
150 9623 7.13509 8.80577 6.56143 5.20243 
150 9624 10.0047 4.08612 2.67317 6.67138 
150 9625 1.82231 1.12776 5.26811 8.31831 
150 9626 8.30362 7.96693 1.26264 2.84235 
150 9627 4.14555 7.07939 8.7344 4.11185 
150 9628 5.99584 9.96715 1.29522 10.5254 
150 9629 2.97888 1.63634 2.97281 9.10845 
150 9630 9.81495 5.53654 10.6458 11.2111 
150 9631 8.14853 5.59238 10.3194 8.01341 
150 9632 8.29574 7.84685 8.24245 9.97528 
150 9633 8.36413 2.9168 1.27738 10.861 
150 9634 10.3973 3.0105 2.03636 9.05013 
150 9635 5.28455 5.34718 2.1503 9.24369 
150 9636 9.86279 8.66588 2.93381 11.0926 
150 9637 9.71924 6.05421 9.60217 8.75623 
150 9638 4.50711 7.22719 2.89536 2.22121 
150 9639 3.3832 1.02791 2.8998 3.54671 
150 9640 7.24995 5.74422 2.26021 4.88677 
150 9641 8.68806 9.99981 10.7099 3.08728 
150 9642 1.2157 7.27426 11.4093 11.3191 
150 9643 0.579273 7.28618 4.88409 9.19713 
150 9644 3.42709 6.05608 9.5119 2.20285 
150 9645 6.36506 2.8322 9.69517 5.00348 
150 9646 9.99087 7.35764 0.866109 6.47572 
150 9647 6.47908 4.17046 4.94574 4.35802 
150 9648 10.3321 7.49064 2.56233 1.80099 
150 9649 1.20026 8.2889 3.40726 7.32435 
150 9650 4.09001 4.32106 7.99483 9.25797 
150 9651 5.05986 0.910916 6.65314 7.23548 
150 9652 2.25757 11.5876 9.72124 8.27816 
150 9653 7.19598 2.38704 0.938007 6.29178 
150 9654 10.0048 3.73717 6.46986 1.04207 
150 9655 0.792205 1.06956 9.54859 4.7431 
150 9656 4.00108 1.65975 5.48388 3.42273 
150 9657 4.13656 4.31724 11.1204 6.09067 
150 9658 1.75027 3.15269 9.33426 5.01625 
150 9659 2.39193 10.6377 3.24194 4.14429 
150 9660 9.53376 0.802699 6.55455 6.36421 
150 9661 8.94974 3.1076 6.68588 2.7623 
150 9662 11.1033 7.90238 2.45817 1.54095 
150 9663 7.88331 1.57219 0.917313 5.15866 
150 9664 8.10749 6.66386 8.67098 0.871373 
150 9665 4.26349 4.18715 0.72959 5.70414 
150 9666 6.0598 9.96064 0.53286 3.32635 
150 9667 8.95407 2.15206 2.22822 3.03448 
150 9668 9.25605 8.22796 4.05936 2.27971 
150 9669 5.43181 5.19389 3.20596 6.01596 
150 9670 0.921905 5.63342 6.04169 2.85888 
150 9671 2.06581 1.84951 9.11445 9.08262 
150 9672 4.03798 0.72992 4.03886 7.63738 
150 9673 9.14433 5.79216 2.18078 4.83866 
150 9674 10.9998 2.49515 7.19123 8.98166 
150 9675 11.0132 3.3673 6.22182 2.8655 
150 9676 11.3628 9.71737 3.95803 5.89009 
150 9677 2.69856 2.68559 5.51692 8.38694 
150 9678 7.23179 1.49066 1.16951 4.72805 
150 9679 8.1327 3.90566 2.97855 1.22869 
150 9680 4.41905 0.811151 7.33237 3.002 
150 9681 7.97748 10.1863 0.730715 1.46831 
150 9682 7.43666 3.63691 4.02162 2.4001 
150 9683 6.27736 10.8925 5.17416 11.1044 
150 9684 4.23888 3.55561 10.5774 6.27889 
150 9685 5.31938 5.95407 8.60602 8.8533 
150 9686 1.36255 10.2634 0.743988 10.0733 
150 9687 3.16696 8.95379 10.2037 1.77261 
150 9688 10.2118 7.77121 10.9039 0.562558 
150 9689 0.857175 0.956933 2.34412 1.35638 
150 9690 3.96918 5.35953 3.48103 3.12933 
150 9691 10.596 4.14513 2.61662 2.91298 
150 9692 7.27886 1.64489 8.34482 1.19041 
150 9693 3.66809 1.13705 2.45302 3.30739 
150 9694 11.0919 4.46789 3.47444 8.22811 
150 9695 7.34983 1.07729 4.55105 6.60723 
150 9696 0.999878 3.9999 2.4981 1.49504 
150 9697 5.41235 8.59523 4.59403 2.02579 
150 9698 2.88163 5.10156 10.6527 8.8524 
150 9699 6.99569 6.49632 0.777136 3.14094 
150 9700 9.68231 4.73664 9.31587 5.29571 
150 9701 5.12173 1.4663 9.44696 10.2021 
150 9702 0.883178 11.3072 7.61192 7.9885 
150 9703 5.77262 0.656984 3.70454 8.06706 
150 9704 3.54875 11.4033 5.36177 2.35488 
150 9705 8.53095 4.56909 10.7838 6.68729 
150 9706 8.11273 10.1334 3.47874 4.6612 
150 9707 5.98168 4.47012 1.54659 7.98681 
150 9708 8.42433 11.2205 1.96335 2.46966 
150 9709 7.1077 5.80105 0.522863 7.53272 
150 9710 1.46078 1.77522 4.57259 6.58664 
150 9711 8.04655 2.69384 9.61336 7.5713 
150 9712 2.63583 9.49694 10.0009 5.40472 
150 9713 3.72725 4.32278 0.434125 4.0491 
150 9714 8.11435 10.3051 9.96984 7.05508 
150 9715 4.15728 5.73033 4.62269 4.98327 
150 9716 4.57095 3.50326 2.32608 2.14217 
150 9717 3.6897 7.56056 3.08926 3.63304 
150 9718 10.3782 7.90049 5.25784 2.70625 
150 9719 3.89199 9.57224 8.7763 1.21547 
150 9720 7.60413 1.28892 5.59038 4.52798 
150 9721 5.35487 1.05644 9.17342 7.76135 
150 9722 11.2846 7.68925 3.15733 8.81982 
150 9723 0.998935 3.99811 2.49544 1.50218 
150 9724 10.6576 5.04784 9.12397 2.46556 
150 9725 6.79053 0.790837 0.836265 5.85102 
150 9726 3.19698 5.8272 7.98171 1.5068 
150 9727 3.92675 1.34775 8.78447 6.18758 
150 9728 2.01333 4.51536 9.73039 1.98265 
150 9729 11.5436 8.40424 8.75427 6.01652 
150 9730 10.153 0.610089 3.31952 2.59027 
150 9731 3.31012 5.69125 8.98513 2.09967 
150 9732 5.48989 2.60639 10.2041 0.938145 
150 9733 8.62745 11.3186 1.20428 6.23822 
150 9734 6.22912 5.44109 7.64191 5.23955 
150 9735 4.41114 6.49041 9.48703 1.42832 
150 9736 4.75414 7.96022 3.04594 5.41345 
150 9737 6.19312 5.92513 5.56393 10.4954 
150 9738 0.9773 6.93497 1.40782 3.43229 
150 9739 7.25969 4.14229 0.560728 7.36914 
150 9740 5.26966 10.3977 2.64488 3.09983 
150 9741 4.53649 3.88767 8.51001 5.75786 
150 9742 1.89059 1.51467 8.72169 0.847784 
150 9743 2.6133 1.50907 2.56504 5.50487 
150 9744 11.1006 11.3394 5.68372 10.7194 
150 9745 11.5674 10.0332 10.1961 0.669033 
150 9746 2.16625 5.37613 10.3997 8.61986 
150 9747 3.77775 9.28483 3.93641 4.0337 
150 9748 4.71807 7.21809 6.60996 7.9106 
150 9749 3.73599 9.94625 8.58802 5.45174 
150 9750 4.63182 5.17599 2.6911 5.35617 
150 9751 8.04059 9.69776 0.66701 2.06359 
150 9752 9.59491 11.6311 6.23794 4.63042 
150 9753 4.6866 10.1052 4.96352 4.52293 
150 9754 9.44951 3.1895 2.23388 8.55266 
150 9755 6.52091 1.07247 1.81449 4.7253 
150 9756 7.35149 2.03182 8.37929 10.4731 
150 9757 0.993712 5.26931 11.6939 11.1988 
150 9758 9.20523 1.66446 5.91577 0.749948 
150 9759 0.916749 1.6245 6.57581 4.39048 
150 9760 0.601727 7.49749 2.45657 4.18084 
150 9761 6.17677 8.92815 8.93467 0.269991 
150 9762 5.6086 5.47049 8.3126 2.29684 
150 9763 6.47966 8.73524 6.17267 8.20976 
150 9764 10.8183 3.66702 1.5038 5.5537 
150 9765 7.56952 1.47549 0.61645 10.8858 
150 9766 8.21823 6.46765 6.11713 3.56765 
150 9767 2.23007 0.986032 2.49207 7.10714 
150 9768 9.01383 6.47169 0.897117 10.7012 
150 9769 3.05575 4.44495 10.2048 2.64918 
150 9770 4.00256 1.53863 4.33307 9.06353 
150 9771 10.9318 4.95577 5.74625 6.43951 
150 9772 6.95363 7.53202 5.80732 8.58737 
150 9773 2.94073 5.66646 2.89121 4.95595 
150 9774 6.27593 8.98579 10.1585 9.04596 
150 9775 9.49148 1.32658 3.98344 3.20662 
150 9776 2.15122 10.3071 6.65017 5.17877 
150 9777 1.38966 6.12321 2.75426 1.43908 
150 9778 3.68157 7.36382 9.9324 8.24539 
150 9779 6.14053 10.2937 2.57157 2.66658 
150 9780 1.62415 1.34958 5.45341 8.85602 
150 9781 7.52785 7.68208 4.1229 3.27606 
150 9782 11.4636 1.52665 11.0015 4.80029 
150 9783 9.50538 3.84611 6.67112 11.0515 
150 9784 2.32292 2.70727 10.9215 10.9518 
150 9785 3.63293 3.29404 10.4889 1.58522 
150 9786 3.88172 4.74303 9.29594 10.1683 
150 9787 9.05476 11.4543 6.49092 4.68499 
150 9788 1.07994 6.00792 2.05504 3.24612 
150 9789 4.28925 5.13862 6.83699 8.97424 
150 9790 3.46739 1.38996 2.29978 4.48724 
150 9791 4.76678 3.47137 4.23949 3.20741 
150 9792 11.4238 11.1306 6.16929 10.3524 
150 9793 7.83453 1.02353 9.43959 1.1495 
150 9794 11.2044 7.79156 4.7816 8.50671 
150 9795 2.5105 1.02797 6.81615 8.89002 
150 9796 6.97961 8.20643 3.18603 4.94601 
150 9797 7.32759 4.32254 2.33295 4.51835 
150 9798 4.29328 9.60981 10.1859 4.24218 
150 9799 1.28461 8.08366 0.669838 1.45537 
150 9800 2.82536 7.27965 4.33312 9.79032 
150 9801 1.91638 3.18673 4.4894 1.15616 
150 9802 10.1859 11.5794 10.1662 7.38461 
150 9803 5.40687 5.55348 4.23535 2.38897 
150 9804 9.08784 1.6408 10.9744 11.5758 
150 9805 10.4993 7.25865 4.31992 5.40486 
150 9806 5.1166 7.45433 3.77614 1.44477 
150 9807 5.85744 10.2988 6.96086 7.9481 
150 9808 6.75896 10.8287 1.04488 8.8354 
150 9809 8.94818 5.83856 4.34982 2.00606 
150 9810 5.52942 10.2193 8.85076 11.5334 
150 9811 8.99181 8.32001 6.71688 6.64042 
150 9812 4.0673 0.96335 4.93606 2.83691 
150 9813 8.13837 4.59393 0.955781 7.79833 
150 9814 2.20114 5.88713 2.95071 5.52058 
150 9815 4.1918 9.53854 8.78987 5.31187 
150 9816 3.25478 5.30397 7.3552 1.11254 
150 9817 11.5657 1.68754 2.61282 10.5379 
150 9818 10.6274 6.32483 5.05884 9.04604 
150 9819 7.92547 7.16447 9.16201 11.4695 
150 9820 7.73236 9.77993 2.71909 9.89275 
150 9821 4.20642 4.19126 0.245992 3.45467 
150 9822 3.62523 3.99159 3.85085 7.679 
150 9823 6.91182 8.72655 7.58927 0.762425 
150 9824 0.787451 9.69718 6.55461 6.38509 
150 9825 0.560647 5.09878 11.2611 4.96603 
150 9826 4.24098 4.8278 2.86122 2.40543 
150 9827 5.23223 7.05596 10.9051 1.36191 
150 9828 6.20936 7.84994 5.52491 8.23475 
150 9829 1.46821 6.55155 1.00014 9.76776 
150 9830 8.98206 0.913376 0.651111 0.926342 
150 9831 7.26276 8.92519 6.12757 3.02725 
150 9832 7.09822 1.40398 8.47313 2.55612 
150 9833 11.9001 8.78582 7.6833 10.206 
150 9834 8.85274 4.34258 9.84384 2.56996 
150 9835 11.4878 5.28245 8.60854 5.39953 
150 9836 2.53461 3.71473 7.7101 7.04123 
150 9837 4.19 3.70958 5.33117 2.5911 
150 9838 3.61591 7.24527 6.85564 5.83479 
150 9839 10.1026 3.51145 8.5513 5.02493 
150 9840 3.915 1.01913 0.796294 9.41541 
150 9841 9.80314 8.96152 8.16042 0.98684 
150 9842 5.77603 2.89417 3.15759 5.6834 
150 9843 7.32953 5.27287 5.09838 3.71646 
150 9844 8.64061 8.64524 11.0008 1.0754 
150 9845 11.0245 10.7628 8.87364 9.59384 
150 9846 1.31482 5.024 4.18016 9.43673 
150 9847 2.09705 6.52531 8.89537 5.90789 
150 9848 6.65424 10.8792 10.663 11.733 
150 9849 0.772992 2.86855 10.9552 7.49909 
150 9850 3.98925 7.71077 8.10562 0.524097 
150 9851 2.9206 9.25607 8.76541 5.25842 
150 9852 3.87349 1.15602 2.13596 3.34908 
150 9853 2.51649 4.84538 7.28227 7.44204 
150 9854 4.22563 11.0466 5.7176 5.81147 
150 9855 10.9831 9.36143 7.29681 1.48959 
150 9856 3.64245 4.83951 0.407149 3.86335 
150 9857 8.30419 6.62686 10.8029 1.92901 
150 9858 8.77252 2.83887 7.43256 11.3715 
150 9859 10.0857 10.7709 5.92323 3.82512 
150 9860 1.89172 1.30892 2.41255 8.19691 
150 9861 5.83668 9.16517 4.62213 10.8571 
150 9862 1.67041 10.3218 5.30129 2.03691 
150 9863 3.20322 0.592363 8.05616 5.27422 
150 9864 7.12624 4.16958 9.10542 8.67979 
150 9865 8.95348 3.38969 4.61876 2.13788 
150 9866 5.98918 6.35307 0.725334 9.65317 
150 9867 5.36925 1.12974 1.44617 6.52843 
150 9868 3.49214 9.12398 3.59847 10.1528 
150 9869 7.90815 8.58447 8.30974 9.50281 
150 9870 2.86853 7.21344 5.11997 4.81138 
150 9871 8.71785 2.81517 4.84584 8.78883 
150 9872 5.6564 3.47447 2.43612 9.29428 
150 9873 0.745881 6.82137 10.3275 0.912998 
150 9874 1.11414 6.55337 9.73764 1.24788 
150 9875 7.48703 5.82398 3.58764 5.84184 
150 9876 4.78744 7.04682 3.55076 11.1216 
150 9877 10.5346 6.21083 3.13564 5.96692 
150 9878 8.23257 3.76577 5.4361 5.33933 
150 9879 11.8222 11.7234 8.74617 6.34162 
150 9880 8.12593 10.9361 10.2707 9.31848 
150 9881 6.01911 4.11795 8.27236 2.21639 
150 9882 10.3313 2.70885 8.59392 2.01056 
150 9883 7.74994 0.76158 6.08637 2.03051 
150 9884 2.90181 3.74913 6.91596 6.58127 
150 9885 4.15291 5.05292 2.51971 2.39647 
150 9886 8.6016 3.2679 0.523879 7.96746 
150 9887 2.49838 9.70947 8.77951 10.6055 
150 9888 9.02306 3.08523 2.21248 8.52748 
150 9889 6.57796 10.612 4.89216 10.0214 
150 9890 0.961089 2.53219 5.25073 2.85556 
150 9891 7.80696 5.85936 0.751491 9.95834 
150 9892 9.38159 7.82411 5.31986 8.42109 
150 9893 7.55582 0.804749 2.65239 10.1452 
150 9894 1.98072 3.50706 2.38485 1.10868 
150 9895 1.68378 10.3937 5.33141 4.66495 
150 9896 6.63858 7.52368 1.5468 6.80983 
150 9897 1.81233 1.19165 0.971535 7.58482 
150 9898 3.48869 5.88257 11.262 5.65559 
150 9899 1.35866 11.4406 3.87154 4.21491 
150 9900 2.51191 2.87373 6.14158 9.31731 
150 9901 10.1733 10.0512 8.3924 9.22188 
150 9902 1.27892 11.7425 7.90082 8.45824 
150 9903 4.35706 1.84106 1.76277 5.17171 
150 9904 8.54117 9.70286 2.36993 9.38831 
150 9905 11.4308 2.94833 10.9612 8.68606 
150 9906 2.81125 10.4769 2.19339 9.23223 
150 9907 5.15676 1.08206 8.09033 7.75276 
150 9908 10.148 3.68732 4.72467 8.23863 
150 9909 1.05058 8.61682 11.2616 8.26655 
150 9910 2.4234 8.42064 5.47448 5.8818 
150 9911 9.18244 6.85548 1.2649 2.03356 
150 9912 5.49138 9.32513 4.76261 10.6002 
150 9913 6.58867 4.86977 6.90983 8.80682 
150 9914 9.02144 9.30924 7.41063 3.26361 
150 9915 4.24909 4.26394 2.78648 3.48379 
150 9916 3.29302 3.52182 5.16905 3.95775 
150 9917 10.5589 5.34103 0.945856 2.08827 
150 9918 3.15404 1.24698 2.42467 5.109 
150 9919 1.40416 9.01478 2.52435 2.21782 
150 9920 7.05335 0.974928 1.14716 3.24804 
150 9921 0.559334 7.3082 5.28384 9.22419 
150 9922 10.3332 8.66726 5.92548 3.91947 
150 9923 0.950874 9.82219 5.74045 2.15016 
150 9924 0.915154 6.9816 1.13491 4.80931 
150 9925 1.08095 7.69501 1.96617 7.90627 
150 9926 2.88499 9.86692 9.01587 5.12509 
150 9927 8.2303 6.32397 7.05773 9.95111 
150 9928 7.71151 6.53144 6.41909 7.11414 
150 9929 1.41594 1.87964 11.3269 6.55186 
150 9930 9.59392 1.09355 9.56504 4.80624 
150 9931 4.5933 10.6087 1.59222 11.5045 
150 9932 4.75036 8.67025 5.85191 1.29035 
150 9933 10.3066 1.6666 4.26256 2.48415 
150 9934 0.739887 2.82457 6.01906 7.66614 
150 9935 7.73406 0.89895 0.929325 9.3766 
150 9936 6.71547 7.64198 0.704205 3.59976 
150 9937 8.64305 6.54012 10.3586 1.45685 
150 9938 6.51667 3.96388 0.754128 9.50374 
150 9939 2.65414 2.13854 8.79086 2.95514 
150 9940 4.67554 10.3675 9.04233 3.40836 
150 9941 10.4296 2.25737 5.93252 10.8655 
150 9942 9.2684 1.15324 2.36914 0.901463 
150 9943 2.14522 3.30956 10.1364 2.28155 
150 9944 10.4076 5.64232 0.893399 3.68457 
150 9945 11.4223 11.9319 10.6942 5.62771 
150 9946 2.38997 10.7248 9.9782 11.4587 
150 9947 7.59682 2.33247 8.43089 10.9351 
150 9948 0.743521 5.58012 4.23704 10.4929 
150 9949 8.20557 8.81157 4.4494 1.70067 
150 9950 4.66229 6.15757 1.72732 10.8879 
150 9951 4.19065 6.99354 2.807 8.99973 
150 9952 0.515545 9.8507 0.934201 11.1107 
150 9953 9.07379 0.877383 10.9651 6.44234 
150 9954 11.8515 9.99242 11.9342 5.65784 
150 9955 1.62841 7.37991 0.5626 1.63359 
150 9956 3.32715 4.47844 5.51524 4.52871 
150 9957 7.58304 5.85058 5.70935 1.10677 
150 9958 6.56211 1.57856 6.18646 9.81623 
150 9959 8.49274 8.71893 8.22143 9.40109 
150 9960 7.46694 5.09888 3.45412 9.97203 
150 9961 11.3183 2.86487 10.9755 9.98493 
150 9962 0.981953 10.8676 10.7659 7.51603 
150 9963 2.68498 6.81275 3.5349 8.934 
150 9964 9.93104 9.2995 3.68777 1.73523 
150 9965 9.07592 1.94987 7.95676 4.42884 
150 9966 4.84576 3.30202 7.61974 1.75595 
150 9967 6.66255 6.17002 4.25334 7.03948 
150 9968 4.21042 5.61831 0.471591 3.32832 
150 9969 8.70026 1.30588 7.08665 4.44223 
150 9970 6.65513 1.20859 11.0224 6.65195 
150 9971 6.71681 3.27108 10.6334 5.96162 
150 9972 5.5484 1.10669 1.89533 3.69931 
150 9973 4.84186 8.73154 2.76374 2.97919 
150 9974 6.28355 10.3354 4.65419 1.99947 
150 9975 10.2871 8.63334 8.94507 3.46936 
150 9976 3.75884 4.42793 0.520114 5.47084 
150 9977 6.37747 8.14803 10.3063 5.44859 
150 9978 9.6802 5.38511 5.78987 10.4994 
150 9979 7.97205 5.63887 10.6236 8.91793 
150 9980 2.01894 0.631916 7.50065 10.4868 
150 9981 4.82006 9.39304 1.16751 11.4633 
150 9982 8.0652 6.04875 0.717299 2.15136 
150 9983 8.62117 4.0861 5.44042 6.23836 
150 9984 3.04978 10.9542 7.86171 9.20716 
150 9985 7.47114 6.80989 8.24136 10.8454 
150 9986 11.4971 9.06725 10.2321 2.25123 
150 9987 2.62962 10.2375 4.14212 8.7739 
150 9988 4.55035 11.6716 9.45631 10.4222 
150 9989 9.51188 10.8342 9.80967 0.811098 
150 9990 0.800402 4.92048 2.75971 1.90371 
150 9991 3.5427 2.47568 4.80181 6.51209 
150 9992 1.0191 0.644398 10.156 2.87336 
150 9993 5.85007 6.81923 9.14431 0.524406 
150 9994 10.2349 1.42495 7.90859 8.16458 
150 9995 6.1518 1.49777 5.52943 10.97 
150 9996 1.91958 3.3125 9.25929 4.84729 
150 9997 7.21257 3.2897 5.51651 3.05854 
150 9998 3.04196 4.05002 5.49994 5.92003 
150 9999 10.3187 4.67625 2.66222 1.26365 
150 10000 5.25489 7.13965 9.56265 5.82416 
150 10001 8.99146 8.31736 6.71354 6.6469 
150 10002 8.5919 2.78108 3.36931 4.12146 
150 10003 10.1032 9.09404 9.63259 11.9236 
150 10004 5.67596 3.68355 3.84565 7.84133 
150 10005 5.67261 4.92086 10.3575 7.4202 
150 10006 7.38879 10.8747 8.03194 7.26246 
150 10007 4.1634 4.23852 2.79792 3.64219 
150 10008 10.8112 1.54726 8.58161 8.48497 
150 10009 3.70671 3.62937 2.80552 6.67492 
150 10010 1.64136 1.31236 5.21364 10.7614 
150 10011 5.1819 3.62655 5.07277 9.97052 
150 10012 0.969488 9.47984 0.960306 0.96777 
150 10013 9.10748 7.49103 7.13551 5.90327 
150 10014 5.90167 9.5939 6.51456 4.61132 
150 10015 1.97825 8.70874 7.56766 1.48816 
150 10016 4.0528 10.9261 4.0149 2.19351 
150 10017 9.2832 8.61457 9.29188 11.1698 
150 10018 9.16123 9.18808 4.18684 2.98117 
150 10019 6.72433 5.22271 7.35641 7.24822 
150 10020 9.48285 3.88125 7.48503 6.5731 
150 10021 9.74583 10.0137 7.48151 10.293 
150 10022 8.08536 2.185 8.30311 5.08716 
150 10023 5.33833 11.6507 0.618296 9.39269 
150 10024 10.3927 5.0466 0.614121 8.90968 
150 10025 2.45928 4.17128 2.45583 4.70644 
150 10026 7.26297 1.01298 1.97222 3.90429 
150 10027 6.15648 4.15216 4.77054 4.34434 
150 10028 7.24968 7.18292 4.72685 6.07629 
150 10029 6.31385 11.7813 9.53359 8.52493 
150 10030 1.3591 7.32441 7.19881 6.39264 
150 10031 6.91269 8.99672 11.282 6.61202 
150 10032 0.744318 6.76993 9.52373 7.92733 
150 10033 10.8552 0.593974 7.22712 7.29762 
150 10034 2.24728 9.11981 5.35477 1.50499 
150 10035 6.60151 5.68478 0.60201 3.53659 
150 10036 3.77669 4.21367 2.74167 3.87036 
150 10037 5.32012 2.12711 11.0111 1.08631 
150 10038 8.34526 1.12008 6.95417 3.98505 
150 10039 9.67269 1.75313 4.45345 9.8303 
150 10040 8.03943 3.11079 2.49966 7.56399 
150 10041 9.43076 8.51746 10.0628 10.577 
150 10042 0.659376 10.1574 6.87662 7.10747 
150 10043 4.2679 6.99806 5.59147 5.96639 
150 10044 7.33666 7.85887 9.20594 11.619 
150 10045 9.26407 3.98615 6.58431 10.63 
150 10046 6.2887 8.42163 9.86213 9.26092 
150 10047 10.6384 2.12178 3.27222 6.75526 
150 10048 10.7742 3.44494 9.24155 8.28535 
150 10049 5.81529 1.4393 1.80811 7.12256 
150 10050 0.647695 4.13324 9.26071 9.64307 
150 10051 11.1261 3.16428 11.2359 11.3668 
150 10052 11.5439 4.16502 10.6904 3.03671 
150 10053 6.49014 0.642949 1.13673 5.8785 
150 10054 9.36606 11.315 10.0029 7.97569 
150 10055 7.84952 1.12359 9.0291 1.17365 
150 10056 10.4277 3.2628 8.97537 5.16529 
150 10057 5.54237 5.42569 6.59838 10.433 
150 10058 7.68417 4.47531 9.20859 1.09248 
150 10059 6.38667 3.96101 0.680719 6.7998 
150 10060 6.52191 7.33512 8.36391 7.80828 
150 10061 6.31283 5.39311 8.21668 4.9854 
150 10062 4.84571 6.80641 5.90502 6.49808 
150 10063 8.80128 10.4166 7.37992 1.76892 
150 10064 1.7886 10.2159 1.89612 0.816226 
150 10065 10.4 8.69777 11.564 7.62012 
150 10066 1.50735 4.6027 2.05139 7.38388 
150 10067 6.65846 4.14772 8.79718 2.78063 
150 10068 4.70136 0.692981 9.89976 10.043 
150 10069 5.32395 7.1652 8.74262 5.37193 
150 10070 8.96979 9.86695 4.96708 1.06031 
150 10071 8.71954 7.54052 2.16187 5.78751 
150 10072 7.04217 4.22255 5.48653 4.96206 
150 10073 0.593847 10.6823 7.01054 7.01693 
150 10074 3.43969 9.63589 9.36514 10.3813 
150 10075 7.59522 7.39667 6.39271 10.5462 
150 10076 2.7657 11.0144 9.13444 7.94581 
150 10077 6.47991 1.49074 7.07864 3.67138 
150 10078 9.89392 1.29364 4.33852 3.10138 
150 10079 8.97839 1.54768 7.25301 9.89498 
150 10080 4.9373 7.57934 4.55476 9.96454 
150 10081 5.57189 6.13919 5.00327 4.43597 
150 10082 4.18325 4.24231 2.84294 3.743 
150 10083 5.28767 3.75852 3.40318 7.41072 
150 10084 1.96924 8.68593 10.2131 3.63436 
150 10085 8.78549 6.3191 7.57319 2.97777 
150 10086 1.24892 5.77964 4.16403 3.89576 
150 10087 2.78353 5.79372 3.00553 5.12561 
150 10088 7.28555 3.54347 9.98804 2.49489 
150 10089 8.02381 5.15403 4.61195 7.59715 
150 10090 3.98727 0.996713 0.451929 3.49788 
150 10091 5.3267 10.1905 4.82101 2.0207 
150 10092 7.11602 3.98571 4.62447 4.79762 
150 10093 3.56378 7.10268 1.91548 9.07179 
150 10094 7.93504 7.32336 2.49456 8.60533 
150 10095 7.04181 6.28524 8.40796 3.65101 
150 10096 3.05614 7.59194 4.54144 10.6391 
150 10097 6.05469 4.21853 0.840675 8.23063 
150 10098 10.3123 7.77484 6.33538 4.66281 
150 10099 6.00423 10.168 11.7851 2.8877 
150 10100 1.42133 4.4326 2.05867 9.22852 
150 10101 0.919533 3.25884 7.61394 1.60362 
150 10102 4.75154 5.31962 10.6921 0.931155 
150 10103 6.06936 8.77943 9.98565 8.99892 
150 10104 5.41557 7.32631 2.5144 10.5779 
150 10105 10.7736 3.76765 3.03824 10.6112 
150 10106 5.30662 8.2747 8.73124 11.3448 
150 10107 1.98556 8.59576 7.90286 3.45416 
150 10108 2.93544 4.21487 6.09204 7.53492 
150 10109 2.69019 9.72011 10.0296 6.89836 
150 10110 3.78832 4.25087 2.29237 7.39222 
150 10111 1.27528 10.6646 5.3637 1.33242 
150 10112 6.68048 7.53743 5.4715 2.39614 
150 10113 5.06631 3.58216 0.801157 9.26247 
150 10114 10.4142 4.26785 4.83591 1.14197 
150 10115 1.53568 6.53636 8.4299 9.00837 
150 10116 9.55595 9.86419 0.68996 7.24405 
150 10117 5.83799 5.53828 2.70853 4.18871 
150 10118 9.59048 10.0437 0.688552 5.29599 
150 10119 4.13384 11.7248 6.46079 11.6289 
150 10120 2.01069 11.7821 7.04838 6.51703 
150 10121 8.28978 7.92962 10.8827 8.4808 
150 10122 6.34607 8.45267 3.02545 7.33561 
150 10123 3.66846 7.05846 10.856 8.24386 
150 10124 3.80159 0.921513 2.92871 3.71519 
150 10125 7.27382 5.70731 8.58806 10.5643 
150 10126 9.08868 9.15429 4.08323 2.9295 
150 10127 3.2916 9.42837 8.4899 5.0165 
150 10128 3.60326 3.93932 5.65025 2.0412 
150 10129 5.114 5.0613 3.50961 1.84845 
150 10130 7.58438 1.30042 2.79162 1.2814 
150 10131 1.28257 3.73142 7.42049 5.30533 
150 10132 8.6987 10.8959 5.1793 3.92653 
150 10133 10.5677 2.20017 6.94522 8.59711 
150 10134 6.61675 10.6968 4.84437 9.85276 
150 10135 4.09665 1.06588 8.50692 2.29981 
150 10136 5.29484 3.94655 8.24245 10.7874 
150 10137 3.64983 7.89357 11.0774 0.608028 
150 10138 7.65192 2.16793 6.45845 8.3484 
150 10139 10.5043 3.17063 8.86845 7.88626 
150 10140 8.32177 3.1809 4.55032 2.30858 
150 10141 10.0947 1.71036 4.6201 10.2703 
150 10142 1.08688 9.58963 8.62217 10.8448 
150 10143 9.60206 0.705063 1.21095 4.13248 
150 10144 4.08874 4.91433 8.78738 2.43113 
150 10145 10.8275 3.43706 7.46451 0.994719 
150 10146 4.68313 3.85355 3.49254 3.93889 
150 10147 0.755668 3.3218 0.461038 1.89524 
150 10148 9.19609 5.92385 4.41345 2.1766 
150 10149 6.64195 9.25279 0.844583 3.22929 
150 10150 0.997847 4.00643 2.49936 1.4986 
150 10151 4.28203 8.94788 10.5485 2.99346 
150 10152 1.27892 2.33422 10.3953 6.07602 
150 10153 4.80323 7.51616 6.72922 9.40628 
150 10154 4.34459 0.481384 7.56726 4.65383 
150 10155 7.09697 4.13424 1.94764 1.42118 
150 10156 3.62408 6.29913 2.30388 4.22907 
150 10157 11.1005 9.18658 7.63712 1.46019 
150 10158 1.31045 3.67562 7.2957 11.4924 
150 10159 6.46472 0.794463 7.85614 6.34958 
150 10160 4.0057 7.88671 6.59915 7.25023 
150 10161 3.90261 1.1222 0.483008 3.30644 
150 10162 8.49503 8.86744 0.752125 10.1018 
150 10163 7.12906 3.30602 10.6441 9.67115 
150 10164 4.2218 5.93518 3.89747 3.0694 
150 10165 10.9451 5.60734 10.9158 6.22158 
150 10166 4.51456 7.37814 6.75228 8.80923 
150 10167 7.50243 3.55631 11.2536 10.2825 
150 10168 10.8621 6.39594 0.925366 9.00308 
150 10169 3.66795 1.03185 4.20993 4.42842 
150 10170 4.59702 5.25144 3.24741 1.52798 
150 10171 8.12022 8.55372 10.6573 1.40921 
150 10172 9.51373 9.59096 9.52874 9.40097 
150 10173 9.26608 8.51749 4.19872 2.08121 
150 10174 4.19308 5.51604 4.61123 4.99993 
150 10175 2.63488 5.1049 10.5313 8.59781 
150 10176 4.85159 0.703527 5.00956 1.85009 
150 10177 7.86456 10.7462 5.0916 1.3239 
150 10178 11.2869 3.50034 6.30672 7.9338 
150 10179 1.11746 1.39939 7.75771 4.11892 
150 10180 7.94559 6.5374 1.90709 1.0268 
150 10181 10.4421 11.3021 0.729634 8.11221 
150 10182 9.82071 0.637652 3.16347 2.79491 
150 10183 10.0584 7.32261 10.5472 3.04801 
150 10184 2.40906 11.7108 10.0236 8.90393 
150 10185 4.51349 8.8342 4.84127 4.00842 
150 10186 3.36847 0.715201 5.56158 2.72121 
150 10187 0.527048 8.31473 5.47777 3.40993 
150 10188 9.46126 1.85555 4.05737 8.68054 
150 10189 7.53371 5.49862 4.55542 7.39644 
150 10190 11.3928 1.37907 3.13951 9.84679 
150 10191 9.58274 8.98034 7.45717 11.144 
150 10192 3.19229 5.16675 8.40165 6.72579 
150 10193 3.80092 3.24168 4.73677 4.28182 
150 10194 8.3666 0.6792 1.03153 7.44035 
150 10195 8.24343 1.02276 0.739798 6.73686 
150 10196 9.01076 3.553 3.72106 5.99628 
150 10197 2.35509 3.93754 6.62376 2.13276 
150 10198 4.35185 4.45245 0.341465 3.44159 
150 10199 3.78458 1.31866 2.21556 3.91372 
150 10200 6.14149 5.17261 6.13612 3.7972 
150 10201 2.93877 1.33939 2.8564 9.41051 
150 10202 6.81599 3.59633 6.11773 4.21294 
150 10203 9.24808 1.29451 5.39646 8.18482 
150 10204 4.25281 4.26505 2.78608 3.4771 
150 10205 7.40368 4.60629 10.1725 6.40415 
150 10206 9.85195 6.34632 8.23662 6.50157 
150 10207 6.41225 5.59208 0.7115 3.32459 
150 10208 5.28135 2.36838 10.6161 1.29105 
150 10209 2.50582 2.41511 11.2893 3.1562 
150 10210 4.09029 0.770032 6.84906 2.84391 
150 10211 8.55931 8.27412 10.2157 8.01517 
150 10212 6.25884 6.93797 9.74905 1.58935 
150 10213 6.55654 9.61012 7.11355 10.1555 
150 10214 4.43613 10.71 5.27289 5.21032 
150 10215 10.4512 11.1354 2.95621 3.51975 
150 10216 1.67406 1.23775 5.31853 9.19258 
150 10217 2.94525 9.47855 3.19632 1.925 
150 10218 4.80232 5.15295 3.59038 2.95163 
150 10219 6.14425 9.48592 10.0663 1.28459 
150 10220 10.9286 3.60936 8.63625 5.25646 
150 10221 5.53214 5.34259 2.96353 4.13733 
150 10222 10.8217 3.55404 9.4689 8.46641 
150 10223 2.48262 11.6719 6.9987 10.1985 
150 10224 1.434 6.5175 8.89621 10.3983 
150 10225 4.34663 4.52362 0.407748 3.50455 
150 10226 9.50853 1.29301 0.873528 5.47262 
150 10227 9.0396 5.24369 6.0925 3.55202 
150 10228 7.2116 5.03086 8.56815 7.80636 
150 10229 3.93811 6.50083 2.17124 7.92646 
150 10230 9.9573 4.87661 11.0656 6.3638 
150 10231 11.3726 6.26758 4.75428 6.88868 
150 10232 6.46775 7.85593 6.35025 4.50002 
150 10233 3.08761 7.47339 8.19363 6.60506 
150 10234 6.72328 9.64586 0.89767 11.1511 
150 10235 8.21276 2.21319 2.90394 10.4487 
150 10236 11.3444 5.46762 6.88838 9.42546 
150 10237 6.82701 3.18309 0.948683 9.69872 
150 10238 1.28913 10.7071 5.40318 1.28152 
150 10239 1.55418 5.48611 7.24881 6.51441 
150 10240 2.38227 7.72847 0.892411 9.98373 
150 10241 3.25772 8.21754 5.2641 5.25235 
150 10242 0.842407 0.758906 9.95626 4.46946 
150 10243 7.07788 2.52685 2.97134 6.7387 
150 10244 2.37556 10.0363 11.2739 8.09225 
150 10245 5.30896 10.4375 6.55435 7.11332 
150 10246 4.81714 5.51714 2.70936 5.5794 
150 10247 10.8145 10.3722 0.755558 7.27183 
150 10248 1.36026 1.27907 5.87739 9.25822 
150 10249 4.4259 5.28671 2.93638 1.60677 
150 10250 5.14735 1.32683 3.72068 2.80668 
150 10251 9.82785 6.14885 3.57447 1.10757 
150 10252 9.4608 2.23353 8.75618 4.24044 
150 10253 7.42787 10.0985 4.52355 1.37001 
150 10254 5.94069 6.5558 0.664186 10.1681 
150 10255 10.5606 7.82871 6.52378 11.0979 
150 10256 3.16671 7.39589 8.37407 6.85856 
150 10257 1.49571 11.6637 2.69439 6.91781 
150 10258 7.94058 0.49688 3.36588 4.88939 
150 10259 6.65975 7.06635 0.585626 11.1557 
150 10260 3.1583 9.39875 9.0084 5.07712 
150 10261 2.72957 4.22973 11.0103 7.19242 
150 10262 3.99086 0.996239 0.45136 3.49654 
150 10263 7.77333 0.932317 2.69229 10.7393 
150 10264 7.93648 5.98192 1.0257 9.70806 
150 10265 0.587976 3.75167 11.0045 7.68688 
150 10266 5.28837 3.9966 7.64934 5.74841 
150 10267 10.2732 9.55552 11.1575 7.47484 
150 10268 0.985203 9.1767 0.697551 2.43611 
150 10269 7.60975 0.841345 4.42521 10.7354 
150 10270 0.810428 5.16977 2.75851 2.31076 
150 10271 5.5645 0.61682 3.26311 7.96184 
150 10272 5.99307 10.419 7.02909 5.20902 
150 10273 7.57841 0.957025 2.12646 7.34629 
150 10274 4.49658 4.95995 6.19373 8.55889 
150 10275 1.11856 5.91837 3.52101 2.49552 
150 10276 4.3647 10.8799 11.6247 6.52384 
150 10277 11.8554 10.4565 6.02655 6.66342 
150 10278 9.78848 9.86466 10.2283 9.68499 
150 10279 8.75774 8.45509 6.66163 9.90098 
150 10280 2.59538 7.55234 4.33306 9.99143 
150 10281 8.31389 0.839109 4.86425 6.9814 
150 10282 4.53995 0.948763 2.92265 7.20862 
150 10283 1.00202 3.90135 2.65371 1.46298 
150 10284 2.27359 10.37 6.44244 7.08847 
150 10285 9.07221 0.508678 8.44831 6.36779 
150 10286 5.07258 8.12225 3.50808 7.33947 
150 10287 10.5266 5.82884 5.43142 0.99246 
150 10288 1.90954 9.28434 5.30342 4.27738 
150 10289 9.10033 4.98124 0.329198 4.02524 
150 10290 10.5364 10.2853 4.09079 0.976524 
150 10291 2.60056 8.06449 1.45788 9.76472 
150 10292 2.26851 1.43782 0.526252 8.39073 
150 10293 2.81842 9.74111 8.89178 1.34524 
150 10294 1.49752 2.8274 8.91688 6.08415 
150 10295 6.57942 3.65251 5.94245 2.44949 
150 10296 1.61704 6.05823 6.15815 5.73356 
150 10297 11.6377 7.33633 9.68418 9.03056 
150 10298 5.04533 1.26133 3.78113 3.02489 
150 10299 4.10342 10.4988 6.63542 4.99573 
150 10300 1.59374 0.698394 8.02617 10.0275 
150 10301 10.2644 6.66356 11.1892 5.92114 
150 10302 3.1575 7.14728 0.511996 3.21282 
150 10303 11.5423 1.62121 5.79283 6.38866 
150 10304 7.04514 0.767076 1.04983 6.17712 
150 10305 2.73622 4.57596 9.82892 2.64432 
150 10306 6.04258 3.2383 10.369 5.17439 
150 10307 3.53967 0.829877 4.2301 8.54142 
150 10308 0.8901 7.34387 6.27527 5.58456 
150 10309 3.1955 5.01581 0.438933 3.90683 
150 10310 3.25269 1.06071 0.571393 7.40479 
150 10311 8.06884 6.55978 3.39064 4.15466 
150 10312 2.09191 9.45889 5.68381 4.35053 
150 10313 1.67245 10.9992 7.56083 1.87758 
150 10314 2.51958 7.30958 7.04697 10.0119 
150 10315 1.18819 5.39881 7.16429 3.20671 
150 10316 0.782372 9.25539 3.44409 7.84537 
150 10317 3.63622 3.47952 5.74569 1.4538 
150 10318 9.95182 7.20183 8.83941 7.13567 
150 10319 3.09398 6.28262 4.69407 4.76273 
150 10320 4.1362 1.14486 2.46734 7.00822 
150 10321 4.74932 10.8339 9.63226 1.98768 
150 10322 0.942887 9.74858 0.702288 2.39557 
150 10323 9.92804 4.00992 11.2624 5.11803 
150 10324 7.2332 3.05333 1.91179 11.327 
150 10325 0.990882 8.47203 0.610673 9.67635 
150 10326 8.57456 3.92232 0.935275 0.909677 
150 10327 8.55746 0.916849 10.6713 2.3567 
150 10328 6.7643 3.86078 3.36097 2.65083 
150 10329 7.29084 0.55608 3.15645 3.54641 
150 10330 5.18468 9.15595 1.03723 3.79816 
150 10331 7.52902 0.947681 8.34196 4.20024 
150 10332 8.55048 5.35619 3.54446 9.37061 
150 10333 7.34476 9.3771 2.79366 4.85884 
150 10334 1.32265 9.08831 5.79473 10.6507 
150 10335 9.30062 11.5639 6.74653 4.81587 
150 10336 1.10351 9.73198 0.736361 3.91958 
150 10337 4.32109 3.28318 7.80626 10.0461 
150 10338 1.96381 8.71935 7.99677 3.5438 
150 10339 4.1988 0.610361 6.63374 6.68531 
150 10340 11.3042 5.11984 11.2738 6.79614 
150 10341 5.01909 8.19285 0.55957 11.2423 
150 10342 5.99109 4.83245 4.97408 9.26325 
150 10343 10.9126 6.52415 8.84338 1.08427 
150 10344 4.43808 9.00605 10.8602 3.01264 
150 10345 6.67891 7.52544 8.0192 3.26081 
150 10346 10.8556 10.7461 6.01797 10.2874 
150 10347 11.2676 1.19829 4.74384 10.5719 
150 10348 2.13304 5.26414 5.92314 10.6034 
150 10349 1.43272 0.849247 9.99605 0.74892 
150 10350 6.56457 10.1306 9.39412 11.3453 
150 10351 5.15951 0.954786 4.10849 3.72642 
150 10352 6.24899 4.24343 6.4265 1.33273 
150 10353 1.77178 3.79657 2.73103 5.16336 
150 10354 3.64986 3.7671 3.13738 7.10966 
150 10355 10.8165 7.9591 1.58684 1.07332 
150 10356 1.17147 2.22621 10.3681 7.42922 
150 10357 1.58822 4.7815 7.36904 3.30907 
150 10358 3.98446 0.989055 0.452981 3.50126 
150 10359 8.24928 6.21105 5.93897 3.25349 
150 10360 11.3998 1.3802 7.97178 4.97908 
150 10361 10.6617 6.51087 11.4334 1.96448 
150 10362 9.30471 3.85131 4.27146 7.28466 
150 10363 5.78258 5.32267 8.11086 2.45807 
150 10364 7.68486 1.98621 8.59118 11.0427 
150 10365 1.30035 11.4083 1.3707 9.2235 
150 10366 7.35485 3.33541 0.50533 8.47915 
150 10367 8.43487 6.60778 10.8925 2.15758 
150 10368 1.69973 8.33032 7.00512 1.12423 
150 10369 1.62106 2.92801 8.44012 5.61286 
150 10370 4.78077 7.22634 2.06529 4.94269 
150 10371 2.26966 5.58602 6.41209 9.66584 
150 10372 1.26839 9.25735 2.71271 2.27751 
150 10373 3.69181 10.6611 11.4374 11.3115 
150 10374 0.993805 5.72033 8.05935 3.71667 
150 10375 2.1236 3.48222 0.91966 7.94702 
150 10376 5.51834 7.47904 4.16251 2.06145 
150 10377 10.6228 1.64042 7.52294 10.0122 
150 10378 9.82922 4.60753 9.32654 5.26943 
150 10379 9.19583 4.33387 9.9658 4.39269 
150 10380 8.92528 1.73913 5.14398 2.4922 
150 10381 6.3656 0.5328 6.14594 6.68186 
150 10382 7.04803 9.16992 5.88568 2.59168 
150 10383 6.43708 5.94812 4.07051 0.983436 
150 10384 9.0402 8.70746 7.7979 3.28223 
150 10385 5.58682 4.23023 0.85353 7.25706 
150 10386 2.53285 4.4467 2.31595 10.2838 
150 10387 3.93374 6.64036 8.94683 1.57495 
150 10388 3.5028 3.96598 3.81293 8.11282 
150 10389 9.9533 5.12285 4.35243 10.7811 
150 10390 3.053 5.36445 7.00639 9.36063 
150 10391 11.5479 11.7922 4.39066 8.79282 
150 10392 7.8937 0.60184 0.732238 2.40994 
150 10393 9.21384 7.52526 9.96587 0.559539 
150 10394 0.535651 7.23206 9.89475 4.70204 
150 10395 3.04889 1.89602 0.419129 10.9926 
150 10396 0.701307 9.22343 8.39404 10.7722 
150 10397 2.99737 6.96946 4.71672 4.82649 
150 10398 1.59129 11.2465 7.71882 1.68804 
150 10399 10.1961 1.25144 4.25038 3.07176 
150 10400 1.07022 10.0886 4.87226 10.4491 
150 10401 0.407234 8.11154 10.8591 5.87276 
150 10402 8.93816 4.16696 5.48844 6.44028 
150 10403 6.33926 5.9557 5.53848 1.79689 
150 10404 3.98654 4.32654 0.33646 3.71076 
150 10405 11.1864 4.74802 3.56148 1.45829 
150 10406 9.95848 1.33389 7.12289 9.28795 
150 10407 7.09157 6.8161 11.1332 2.56747 
150 10408 10.9304 9.68461 2.69318 11.5708 
150 10409 0.486497 7.71032 5.62114 9.83944 
150 10410 6.11445 11.208 11.424 6.64341 
150 10411 11.357 5.93571 7.83641 2.16922 
150 10412 4.51 3.56631 2.47013 9.02221 
150 10413 2.07053 5.85779 9.51222 0.706432 
150 10414 0.743034 0.964688 2.71691 1.84476 
150 10415 2.00067 9.19836 5.74011 1.46693 
150 10416 6.77877 3.33366 5.4318 3.12554 
150 10417 9.18177 1.47889 7.32577 9.86508 
150 10418 5.49812 6.24366 4.93916 4.82725 
150 10419 7.09089 8.05353 7.65194 10.4859 
150 10420 10.6514 3.20025 8.83062 7.95182 
150 10421 3.80213 1.08204 2.19094 3.37279 
150 10422 8.83209 5.60609 6.59041 3.90736 
150 10423 3.13893 6.87132 4.72178 4.84762 
150 10424 9.23669 11.6343 2.1891 2.64882 
150 10425 5.30122 8.73365 0.98026 0.71029 
150 10426 4.38893 0.658056 10.788 6.22715 
150 10427 7.71593 1.06081 3.94452 2.89653 
150 10428 4.52154 7.24717 4.04869 8.19182 
150 10429 4.32722 6.41632 5.96824 6.36194 
150 10430 11.3219 9.48188 10.8441 9.87587 
150 10431 4.37882 10.2654 8.74772 3.29049 
150 10432 4.71758 10.7915 6.21204 9.52797 
150 10433 7.36961 1.07117 4.54835 6.60416 
150 10434 0.945363 9.6608 0.691959 2.52399 
150 10435 0.604083 0.604839 10.7373 4.94455 
150 10436 1.86932 3.46537 6.66194 0.790286 
150 10437 4.10846 9.0943 6.28678 10.0109 
150 10438 5.7925 5.46341 6.68535 5.78336 
150 10439 3.74923 10.1423 3.729 2.14205 
150 10440 9.06116 4.03384 11.621 0.648543 
150 10441 4.71182 9.7624 1.13332 11.5846 
150 10442 8.64082 2.08192 8.88961 4.11755 
150 10443 7.70582 8.97179 2.8572 4.97518 
150 10444 6.6355 10.9693 5.10222 10.322 
150 10445 2.18343 0.848978 2.4856 7.33019 
150 10446 6.59425 5.28827 7.17988 5.56279 
150 10447 3.25369 11.2093 6.65992 6.86542 
150 10448 9.24091 1.38437 6.71548 7.5949 
150 10449 6.54763 8.26852 8.47259 8.77377 
150 10450 6.19237 4.85512 0.783826 7.55977 
150 10451 8.46973 4.22816 1.44443 9.37008 
150 10452 7.81863 1.06146 2.96314 10.4556 
150 10453 1.84081 5.03948 2.27567 2.3465 
150 10454 9.75116 9.328 3.65826 1.78164 
150 10455 3.79003 9.10174 7.96345 1.07875 
150 10456 5.98579 10.1542 9.37784 11.3892 
150 10457 1.68554 11.5992 8.4189 7.43838 
150 10458 10.1608 4.07297 3.81758 7.63589 
150 10459 7.80255 10.6146 0.857614 4.35714 
150 10460 1.24636 2.92051 3.04394 7.44862 
150 10461 3.18924 4.37505 10.7086 2.38295 
150 10462 7.99638 2.25034 8.67172 0.686026 
150 10463 5.99737 0.474417 6.00973 6.03514 
150 10464 10.1216 10.8662 10.8983 0.449937 
150 10465 9.70003 3.3894 1.65127 9.22879 
150 10466 6.6461 10.8417 11.9763 3.19262 
150 10467 5.36793 5.48366 7.20018 11.0969 
150 10468 8.49618 4.75509 8.23331 1.70317 
150 10469 4.0777 7.91717 7.83482 11.2945 
150 10470 5.40334 11.0519 11.2404 5.455 
150 10471 11.2049 1.13654 10.192 4.34504 
150 10472 0.860186 5.31198 10.1214 4.32442 
150 10473 7.86486 6.17198 7.28969 3.15265 
150 10474 5.63391 2.38476 11.2048 10.474 
150 10475 8.21385 1.74643 9.53491 11.7862 
150 10476 6.41706 1.45115 5.86914 9.1468 
150 10477 4.35981 2.33315 8.05902 3.69139 
150 10478 2.71699 3.70621 7.55791 6.93583 
150 10479 10.3282 2.12146 5.90635 10.7634 
150 10480 5.71166 4.49151 8.99356 6.69336 
150 10481 11.182 6.20905 9.15032 11.2904 
150 10482 3.36685 9.46482 3.82078 10.3922 
150 10483 11.3519 9.10565 10.1305 12.2694 
150 10484 10.8239 11.0858 9.07228 3.67612 
150 10485 1.77811 1.11769 5.33395 8.29233 
150 10486 11.2665 9.3555 10.2556 9.68256 
150 10487 9.08204 4.69957 1.77167 9.67948 
150 10488 9.4911 11.6538 5.05336 3.93802 
150 10489 0.968641 7.67694 2.73607 2.22104 
150 10490 0.832352 7.33795 1.15168 4.85794 
150 10491 5.79237 5.92363 6.40393 9.44117 
150 10492 4.44165 9.24467 0.787895 11.0114 
150 10493 10.2681 6.92869 2.62143 4.0076 
150 10494 10.6893 7.30993 1.0693 6.94609 
150 10495 1.52537 3.06055 10.8976 5.12129 
150 10496 8.96239 10.1171 2.3777 9.68772 
150 10497 6.78657 5.35271 0.53313 7.13319 
150 10498 8.79381 7.52433 1.5295 7.63667 
150 10499 7.78225 1.27805 5.6867 0.89451 
150 10500 10.0411 8.50399 5.46095 4.05184 
150 10501 10.4674 2.20589 6.98862 8.5977 
150 10502 9.42788 4.06091 10.6282 4.60366 
150 10503 1.68162 4.81614 4.15776 8.73334 
150 10504 4.46126 7.28397 6.6733 9.84262 
150 10505 6.80421 1.34031 1.33155 4.45772 
150 10506 9.11633 1.44357 0.938566 5.44648 
150 10507 8.56659 7.17977 1.6602 7.22614 
150 10508 10.23 2.10644 11.1527 3.5642 
150 10509 3.76906 2.39978 5.16392 7.06911 
150 10510 5.53932 10.6018 0.673419 4.52232 
150 10511 4.0305 9.8264 3.42813 7.55333 
150 10512 4.65929 4.98544 0.824684 2.35248 
150 10513 4.99363 1.52916 5.0214 9.52718 
150 10514 8.37309 0.536121 3.56647 5.68729 
150 10515 2.66525 11.4893 7.10468 6.94201 
150 10516 1.20443 7.23514 10.1904 10.7397 
150 10517 9.52473 4.64204 6.32058 8.66315 
150 10518 3.80047 1.08328 2.18922 3.37095 
150 10519 11.4538 11.4146 10.1191 4.9103 
150 10520 3.69509 10.4597 6.08677 3.91875 
150 10521 7.44621 5.64886 1.11765 9.87766 
150 10522 0.584082 0.827352 3.11948 2.01888 
150 10523 11.237 0.67389 9.76902 1.68158 
150 10524 2.746 3.11262 11.8759 5.75604 
150 10525 2.70922 0.998377 3.14731 3.88956 
150 10526 1.56217 11.0275 7.42401 1.82698 
150 10527 5.44302 1.06071 1.56485 7.6519 
150 10528 5.44572 0.953782 5.30662 1.80199 
150 10529 1.57031 7.13908 6.21964 0.801289 
150 10530 3.04319 10.1573 9.60765 2.018 
150 10531 4.96988 1.01539 8.58761 2.87949 
150 10532 4.55402 3.95672 8.25881 5.61456 
150 10533 4.78877 6.20258 4.38187 1.84685 
150 10534 7.34609 5.81616 7.93157 0.989468 
150 10535 6.15737 4.20368 3.33756 6.19935 
150 10536 4.85393 5.12149 2.20851 10.5995 
150 10537 6.94062 8.57651 0.655322 7.60841 
150 10538 1.7407 4.42535 4.74099 6.38219 
150 10539 5.79536 2.46639 7.65333 4.43004 
150 10540 1.00983 1.20861 9.59542 10.5327 
150 10541 6.9752 8.87349 10.979 9.43782 
150 10542 4.16277 4.23967 2.79807 3.64416 
150 10543 6.91169 1.01694 9.58748 5.57221 
150 10544 5.01185 7.71901 4.53837 9.76229 
150 10545 3.41914 10.5901 6.85187 4.16373 
150 10546 8.70619 7.03313 4.39418 3.50421 
150 10547 3.74059 6.59434 2.17992 4.24962 
150 10548 2.48241 11.0041 3.95758 9.21584 
150 10549 3.41874 8.32473 0.874171 6.04782 
150 10550 6.22963 3.91079 3.47486 3.06882 
150 10551 4.65057 8.34203 2.39136 8.87184 
150 10552 4.39307 5.67 2.94029 5.96679 
150 10553 11.0077 3.79648 5.12801 8.96642 
150 10554 10.4912 4.64935 6.21425 3.1372 
150 10555 0.939851 7.35778 2.56793 1.84485 
150 10556 2.06681 10.8023 6.504 5.0641 
150 10557 3.17805 7.11643 4.53406 10.2084 
150 10558 5.03849 8.51575 5.29571 3.93001 
150 10559 0.60639 6.45448 6.84988 3.30907 
150 10560 7.36107 9.16053 5.84938 2.46704 
150 10561 7.73337 9.96477 4.42987 6.7821 
150 10562 9.59729 11.1558 5.14803 9.51803 
150 10563 3.01229 0.696801 5.98721 3.01048 
150 10564 0.837373 6.81306 2.1289 3.81494 
150 10565 9.02551 8.09805 7.86222 3.4299 
150 10566 10.3494 9.30906 7.75244 10.3779 
150 10567 4.55658 3.95781 8.25898 5.61829 
150 10568 5.94371 1.8955 6.5429 3.23391 
150 10569 7.51763 10.9459 3.76306 4.99208 
150 10570 4.79829 9.13626 8.26781 6.63139 
150 10571 7.99958 4.33055 5.24546 4.52572 
150 10572 6.07217 6.23325 2.80132 4.25491 
150 10573 8.0601 5.93196 0.687684 2.19097 
150 10574 3.65733 7.41941 1.01011 5.84223 
150 10575 5.20392 4.87194 5.31106 5.1626 
150 10576 6.71096 6.97645 8.52176 3.29488 
150 10577 2.7672 1.06907 2.35953 6.04337 
150 10578 4.64054 10.4558 8.40229 7.53562 
150 10579 8.64502 1.11267 11.0416 2.55747 
150 10580 3.53458 7.57625 0.957222 5.85037 
150 10581 1.68464 2.24977 8.17189 3.7613 
150 10582 4.1744 4.34667 3.58595 3.95949 
150 10583 8.52727 11.3634 8.84579 4.09637 
150 10584 5.90275 1.13801 1.90166 3.65141 
150 10585 1.62944 7.96951 4.02628 1.14379 
150 10586 6.79102 2.08645 7.67247 9.6695 
150 10587 8.68633 7.38571 6.37937 5.69274 
150 10588 10.6515 8.22464 11.8541 1.27138 
150 10589 4.1342 7.66954 6.23447 6.89407 
150 10590 1.43409 10.5031 5.21316 4.43671 
150 10591 4.9006 2.56235 7.07071 5.97932 
150 10592 9.16127 2.82362 9.12995 11.8558 
150 10593 10.6542 1.96604 0.613227 1.6126 
150 10594 9.6017 8.69519 10.0672 6.10818 
150 10595 11.7829 6.42385 10.7517 4.96424 
150 10596 8.30255 5.71672 6.79912 10.9179 
150 10597 7.91293 6.84143 1.01584 8.9981 
150 10598 6.07261 0.63053 6.51675 6.11489 
150 10599 8.76869 9.3697 0.559742 6.93996 
150 10600 0.780996 9.75497 6.57041 6.44139 
150 10601 5.63915 1.14005 2.01187 3.7202 
150 10602 4.21036 1.37479 4.53919 9.40507 
150 10603 0.780164 9.46749 3.28262 2.82639 
150 10604 3.98691 9.72668 8.21622 0.958462 
150 10605 11.004 9.85833 4.59907 0.92041 
150 10606 9.87551 1.26147 5.82909 8.51534 
150 10607 10.1575 5.99099 2.9149 5.5165 
150 10608 10.1104 4.10584 7.06109 11.7262 
150 10609 0.639004 8.33467 3.22312 4.62434 
150 10610 4.12167 8.60928 3.65337 10.9309 
150 10611 3.17517 1.35613 2.40069 4.87328 
150 10612 5.37803 10.4073 0.987293 4.33053 
150 10613 4.06879 5.36582 3.51653 3.09013 
150 10614 1.30636 5.48783 4.25147 4.08547 
150 10615 11.4422 1.68133 11.182 4.75202 
150 10616 0.946799 6.56567 9.59284 1.15708 
150 10617 9.42262 2.39387 6.11064 2.52165 
150 10618 4.74127 4.16518 0.987132 6.19082 
150 10619 5.59621 9.83101 6.54588 4.62177 
150 10620 10.244 8.83256 8.99838 1.48201 
150 10621 7.6448 9.13192 9.92906 3.88556 
150 10622 1.97609 8.78058 8.00404 7.88673 
150 10623 10.9195 3.19111 6.84747 0.857848 
150 10624 3.02204 5.42527 6.97629 1.30671 
150 10625 2.00975 3.6892 8.82205 1.97666 
150 10626 1.38599 10.5292 3.20177 1.84211 
150 10627 10.0243 9.38141 6.58174 2.1366 
150 10628 0.67459 10.0661 4.0013 8.27458 
150 10629 7.4281 9.14758 10.9051 3.73657 
150 10630 6.59326 3.41722 10.941 6.23217 
150 10631 4.98119 7.03462 1.32277 7.06847 
150 10632 7.06199 9.9223 8.77505 8.97667 
150 10633 7.20801 7.0592 10.1162 8.41183 
150 10634 1.41326 8.8798 8.79188 4.12482 
150 10635 6.39634 9.32823 7.5548 2.71624 
150 10636 2.81019 6.6628 3.73889 8.567 
150 10637 4.56142 10.5942 6.92702 9.86003 
150 10638 1.8108 6.90381 9.91772 6.13262 
150 10639 8.07606 5.99911 7.80098 3.16186 
150 10640 3.94733 5.4855 4.97615 4.22577 
150 10641 7.24013 10.1669 0.86018 3.16138 
150 10642 7.12002 3.51043 8.51278 8.26932 
150 10643 7.2416 10.4792 9.57345 9.19454 
150 10644 4.27997 4.18688 0.249515 3.46056 
150 10645 1.61919 8.30899 7.59471 7.73659 
150 10646 3.84421 5.43331 3.24863 4.34188 
150 10647 6.94894 0.990495 2.50237 8.90611 
150 10648 1.0213 7.24086 2.63381 1.88081 
150 10649 6.50255 8.08662 5.79316 8.46047 
150 10650 6.65762 8.27556 4.28824 1.99114 
150 10651 7.26389 3.75804 9.96206 2.55477 
150 10652 0.731138 5.31827 10.2501 7.40729 
150 10653 0.81739 6.11811 4.60997 8.55373 
150 10654 6.98187 2.53865 2.69999 3.36009 
150 10655 7.94107 4.44372 5.51738 4.39597 
150 10656 6.46695 7.96332 5.95109 8.12142 
150 10657 11.219 6.26438 4.07514 6.46315 
150 10658 3.54584 9.36861 3.47043 10.624 
150 10659 6.53811 7.58625 5.91469 2.48519 
150 10660 0.463807 5.97346 8.13346 1.60204 
150 10661 1.8212 7.81925 5.36666 8.31396 
150 10662 9.93673 0.819366 9.51613 1.73234 
150 10663 0.585302 4.35278 4.67271 5.39117 
150 10664 6.77811 5.28059 3.17429 1.64794 
150 10665 1.28955 1.61692 6.91666 3.66055 
150 10666 9.8241 10.3136 9.60483 10.9624 
150 10667 11.0952 3.84877 6.92102 0.651388 
150 10668 9.54423 10.0171 7.71551 9.93219 
150 10669 6.70506 11.0685 0.998384 11.2581 
150 10670 1.57273 4.96315 2.33256 5.94016 
150 10671 3.74806 0.927031 0.923059 9.72598 
150 10672 6.22388 9.20791 0.634711 7.22401 
150 10673 10.1281 1.36018 5.47118 2.97696 
150 10674 6.47187 3.04076 7.32705 6.60128 
150 10675 6.3054 4.26175 5.607 9.56909 
150 10676 2.35206 7.0928 7.70855 3.29072 
150 10677 5.93157 3.71909 3.31208 3.34494 
150 10678 8.51872 10.4489 8.43101 0.787002 
150 10679 10.3492 4.85003 5.62889 6.78771 
150 10680 2.88664 11.4034 6.95549 7.04169 
150 10681 2.67046 6.84667 5.38367 7.32 
150 10682 10.5431 1.54586 8.52619 10.0278 
150 10683 10.5294 2.97417 8.64917 1.94783 
150 10684 10.3545 11.7753 4.91979 1.15797 
150 10685 3.42536 1.96922 6.83759 5.91636 
150 10686 1.14804 5.21106 0.785105 11.2487 
150 10687 4.37292 5.22426 0.614699 2.54895 
150 10688 5.01026 2.79812 7.50969 6.56724 
150 10689 9.03943 0.765198 8.76032 1.57111 
150 10690 8.172 6.26635 6.35736 7.31021 
150 10691 3.70271 3.80162 3.16057 7.09679 
150 10692 9.59421 3.65157 8.00795 7.12729 
150 10693 4.30761 4.35848 2.60232 4.37425 
150 10694 3.87202 8.04072 11.3268 7.02083 
150 10695 2.82628 11.1931 2.70763 8.69412 
150 10696 2.79874 10.4736 9.36701 5.42291 
150 10697 5.84913 1.18637 6.58266 3.60847 
150 10698 6.63341 3.95661 5.242 4.26422 
150 10699 0.826764 8.00509 1.06772 3.66418 
150 10700 0.772409 3.52141 11.2313 10.6209 
150 10701 7.00791 6.66797 4.463 6.16385 
150 10702 4.51778 9.3159 8.13937 6.45186 
150 10703 9.23251 10.8304 8.81414 6.90509 
150 10704 3.86809 11.0654 6.53754 4.28525 
150 10705 1.38348 3.13163 6.82137 1.90839 
150 10706 10.0745 7.68793 6.45987 4.75735 
150 10707 11.2652 6.39259 9.07591 4.50266 
150 10708 10.2106 8.13452 4.487 1.58093 
150 10709 4.27647 4.15675 0.279648 3.40167 
150 10710 1.28978 4.12284 7.0696 5.23505 
150 10711 2.09376 9.90075 0.610856 11.3977 
150 10712 9.51357 6.96138 3.9801 5.38267 
150 10713 3.01821 6.9349 6.04222 7.69274 
150 10714 2.23598 6.24181 2.11764 2.07281 
150 10715 2.88117 4.80821 5.86815 6.13944 
150 10716 1.01877 4.14891 2.41754 1.33117 
150 10717 8.00955 7.66541 7.67312 9.17191 
150 10718 11.4951 3.63462 8.00152 1.58871 
150 10719 8.62603 7.83207 1.8526 7.38931 
150 10720 9.03345 0.632787 6.19479 6.11567 
150 10721 6.73842 1.48118 9.22875 8.29682 
150 10722 8.72176 11.2996 4.22711 4.83988 
150 10723 10.9759 5.37967 6.15242 7.02492 
150 10724 9.33378 2.18765 2.46414 11.4815 
150 10725 10.9887 9.91428 9.07092 10.0692 
150 10726 3.31028 4.59048 5.36414 4.49994 
150 10727 8.04697 0.755164 6.06306 11.2093 
150 10728 3.03479 1.22621 0.478854 7.64247 
150 10729 3.18845 10.1668 10.9456 5.4857 
150 10730 4.45657 9.11288 4.9691 3.9956 
150 10731 4.50015 6.41268 10.3193 8.48546 
150 10732 7.07278 1.44849 7.71859 6.62954 
150 10733 11.1265 10.9552 11.6 7.82457 
150 10734 9.89047 11.0107 1.14304 11.6444 
150 10735 0.670763 8.14786 10.5059 7.97588 
150 10736 2.94097 0.927524 9.95758 0.922676 
150 10737 4.4961 4.96006 6.19305 8.55971 
150 10738 3.6242 6.55538 5.75895 5.95021 
150 10739 0.996163 5.72382 8.0425 7.63469 
150 10740 0.802274 4.17165 8.41835 0.815253 
150 10741 1.19514 3.73354 2.45694 1.41834 
150 10742 3.46088 9.31223 6.93576 8.54677 
150 10743 0.927221 6.22624 10.7464 3.50262 
150 10744 0.977196 9.94004 5.05256 10.5013 
150 10745 8.08058 6.09541 8.01564 10.91 
150 10746 0.688408 4.58351 10.575 0.463655 
150 10747 3.69694 6.52314 2.27149 4.29784 
150 10748 11.6131 5.72655 11.6727 9.43909 
150 10749 8.04447 3.49642 3.31446 5.49533 
150 10750 11.5954 10.4563 2.48779 11.8029 
150 10751 9.81404 8.1808 3.85649 5.4412 
150 10752 0.852279 4.42535 4.80917 8.55286 
150 10753 8.60276 7.69866 7.24205 3.42094 
150 10754 10.9804 2.08753 8.63107 9.54679 
150 10755 9.97132 11.3102 2.64013 5.06047 
150 10756 10.7438 1.42168 0.527297 2.65244 
150 10757 9.76999 10.3352 7.72995 4.13889 
150 10758 7.61523 4.83328 3.53038 1.94125 
150 10759 1.36009 3.37255 6.25031 2.31564 
150 10760 10.8454 0.541382 6.06343 7.93807 
150 10761 7.13866 1.21843 4.75257 1.06516 
150 10762 3.71333 2.60194 4.82499 6.88145 
150 10763 7.90996 6.81873 0.461252 8.15551 
150 10764 2.27522 1.0353 10.7794 7.14898 
150 10765 10.4216 2.19503 11.3203 3.11431 
150 10766 6.82805 8.91441 3.38769 2.65664 
150 10767 6.33337 9.77571 5.0433 4.75676 
150 10768 4.62783 5.15197 7.18928 6.2112 
150 10769 5.67255 1.32001 1.98138 4.37812 
150 10770 10.6313 6.31564 1.02814 6.41313 
150 10771 7.01426 7.58327 9.86295 5.54099 
150 10772 3.04108 8.77711 0.867974 6.37686 
150 10773 11.5367 6.24703 7.64278 1.71159 
150 10774 4.02322 5.27771 4.50717 9.92792 
150 10775 4.29977 4.09421 9.82103 2.69737 
150 10776 6.68108 0.554437 3.77309 8.74376 
150 10777 2.04462 5.78581 7.06126 1.14257 
150 10778 6.68553 9.98183 7.08369 8.6512 
150 10779 10.1914 0.835273 1.67461 1.0924 
150 10780 9.29387 8.38403 8.08991 3.64542 
150 10781 2.964 4.50659 4.9261 6.14956 
150 10782 11.4779 3.14224 11.4624 8.77339 
150 10783 5.83256 5.14484 6.50529 7.21797 
150 10784 5.35142 9.37025 4.91482 1.93678 
150 10785 10.1234 7.3244 2.3002 4.667 
150 10786 11.0063 4.54692 7.71904 9.68121 
150 10787 4.06044 10.2387 10.7765 7.70541 
150 10788 6.19389 7.12767 5.9124 4.27251 
150 10789 6.65178 5.54268 10.5587 11.3628 
150 10790 7.23609 5.10627 3.49528 8.68068 
150 10791 3.86643 9.9623 10.7737 7.71573 
150 10792 1.118 10.2991 9.10749 0.813912 
150 10793 6.64722 5.35754 10.6651 5.80574 
150 10794 8.84884 1.59792 3.86964 8.46946 
150 10795 0.917878 2.6303 9.73595 1.78746 
150 10796 5.12756 4.5719 4.82642 4.5384 
150 10797 10.4103 11.6678 11.1815 6.79267 
150 10798 9.96665 2.90412 8.49925 2.14651 
150 10799 6.40051 8.01551 9.55819 9.09819 
150 10800 6.27991 1.49982 3.79078 2.64545 
150 10801 6.81082 9.48255 6.92491 10.7186 
150 10802 10.0432 4.82624 1.86647 5.85636 
150 10803 2.76538 0.987431 2.23411 5.70865 
150 10804 5.80725 6.52525 5.45601 4.26203 
150 10805 11.0315 6.38148 4.81541 9.41031 
150 10806 9.25635 7.87853 5.48983 8.82412 
150 10807 3.93775 4.24291 0.646384 5.21362 
150 10808 11.5321 3.55619 7.6513 1.48423 
150 10809 7.4382 8.1576 0.611264 2.04366 
150 10810 2.88339 8.64167 0.804066 9.61718 
150 10811 8.29423 1.37855 4.42489 2.69993 
150 10812 4.20403 5.205 0.422851 3.39283 
150 10813 0.620284 10.0842 6.3755 3.58174 
150 10814 5.78735 0.652999 0.946683 5.29531 
150 10815 9.87424 2.94235 0.948073 9.58629 
150 10816 0.665221 3.11402 3.99705 2.03131 
150 10817 11.3222 6.29457 8.63163 7.71461 
150 10818 8.47968 8.99894 6.12254 6.5663 
150 10819 5.03873 5.37504 2.24834 2.7128 
150 10820 6.3577 7.62255 4.79968 7.43077 
150 10821 7.91497 10.8495 5.49515 8.93685 
150 10822 5.75874 5.62377 2.80075 4.30911 
150 10823 3.83145 3.99127 8.44751 9.43602 
150 10824 5.64198 3.40703 4.9125 10.6899 
150 10825 1.87595 3.28171 2.3202 1.18482 
150 10826 5.0596 2.78175 5.33586 5.22638 
150 10827 8.39847 3.41999 7.79196 8.60738 
150 10828 10.4084 7.10757 4.39237 1.36466 
150 10829 1.60331 9.26597 8.84796 8.32932 
150 10830 9.83701 11.4135 7.06833 7.54893 
150 10831 9.48568 5.4804 10.7843 9.08618 
150 10832 6.95304 5.1767 7.356 5.47435 
150 10833 1.12874 9.46611 4.79946 2.383 
150 10834 6.90329 5.1233 7.11189 8.96934 
150 10835 7.86289 9.20371 6.40351 2.03621 
150 10836 5.03602 11.166 2.79396 6.1395 
150 10837 3.49377 7.24687 8.19093 6.87448 
150 10838 0.940258 4.46483 8.80094 8.80128 
150 10839 7.69471 7.92541 6.19297 9.38653 
150 10840 7.39579 8.8493 2.98889 8.1828 
150 10841 1.22999 2.00202 8.91344 8.10581 
150 10842 7.15421 11.048 5.19869 10.0284 
150 10843 3.06041 0.845006 5.03972 6.69591 
150 10844 7.31616 7.47253 8.10778 4.37825 
150 10845 8.54793 4.88271 0.965528 8.244 
150 10846 8.95686 4.38721 1.34133 10.4864 
150 10847 0.86218 1.98447 7.99422 7.60823 
150 10848 10.2895 5.23434 10.1716 5.6261 
150 10849 7.15535 2.57069 2.30592 7.85199 
150 10850 3.2866 3.10396 5.42526 4.4353 
150 10851 9.48418 0.364748 6.04048 10.9334 
150 10852 3.4616 3.86091 2.96412 4.39898 
150 10853 7.88193 10.2844 2.6898 10.5395 
150 10854 2.44002 10.0641 11.3326 8.35564 
150 10855 10.5708 2.22331 11.4084 3.89292 
150 10856 7.23918 10.1612 9.29893 9.19647 
150 10857 2.12181 5.56276 6.04306 8.94318 
150 10858 3.28994 7.41119 7.35757 6.18053 
150 10859 1.47073 1.8214 5.65667 9.35286 
150 10860 10.6022 4.43948 3.14934 2.55947 
150 10861 7.62411 0.659547 1.40583 5.39427 
150 10862 9.27511 5.85575 2.29893 4.80896 
150 10863 7.71959 3.17169 1.89801 8.98815 
150 10864 1.97225 5.442 6.34995 8.40396 
150 10865 11.4703 7.38471 5.92345 8.28882 
150 10866 8.38559 7.8898 2.76697 9.32436 
150 10867 5.00377 4.26793 6.03217 4.91939 
150 10868 7.45789 10.0591 1.18528 4.48407 
150 10869 10.3169 2.62359 8.82538 2.61585 
150 10870 3.9743 0.978056 0.450049 3.52589 
150 10871 8.94409 1.72054 8.40564 4.39211 
150 10872 7.11127 9.8909 0.927421 3.00105 
150 10873 5.37385 0.623069 10.1298 3.26294 
150 10874 8.19747 8.24188 6.02485 2.04516 
150 10875 1.28599 1.50171 1.73725 7.07367 
150 10876 6.89711 3.44475 5.58814 4.41241 
150 10877 9.25185 4.58644 2.80205 1.51279 
150 10878 9.50938 2.33718 0.362087 2.28555 
150 10879 4.46005 8.21592 6.01328 6.75059 
150 10880 7.50437 1.28186 8.23486 7.13238 
150 10881 8.44642 2.08378 9.39603 5.08744 
150 10882 4.58844 10.5435 1.54849 11.3149 
150 10883 0.811698 8.63013 1.43849 6.4905 
150 10884 10.7055 8.16533 6.50335 9.02362 
150 10885 6.03233 8.92283 4.04431 9.15255 
150 10886 5.75337 9.91091 0.681408 4.19031 
150 10887 8.22963 0.702675 10.8496 9.22422 
150 10888 2.65512 2.55495 5.56516 8.99826 
150 10889 4.15874 10.0242 9.13347 1.61579 
150 10890 8.60269 6.0649 1.2612 10.1428 
150 10891 3.29205 3.67001 0.432117 6.21471 
150 10892 9.83878 6.50876 9.95912 9.03747 
150 10893 10.1105 9.0371 6.04399 4.27285 
150 10894 7.85259 7.09691 8.6133 11.0131 
150 10895 7.21872 2.46195 8.5892 3.85708 
150 10896 5.19078 2.61062 6.57793 3.50892 
150 10897 0.914297 11.7521 5.48862 9.25051 
150 10898 4.43991 6.17163 3.06299 2.61967 
150 10899 3.57152 3.71217 2.51407 5.42297 
150 10900 3.64412 1.12315 2.49246 3.30595 
150 10901 10.388 10.0721 1.45212 1.8573 
150 10902 11.7654 4.80407 10.9026 1.26183 
150 10903 7.10752 7.04268 4.60083 6.18116 
150 10904 4.69435 7.02028 8.25636 4.96478 
150 10905 5.69016 2.9551 9.04271 4.9366 
150 10906 4.23944 1.49039 10.8384 6.93163 
150 10907 9.28177 2.05198 2.41483 3.03023 
150 10908 8.69933 0.652371 0.842407 7.33025 
150 10909 11.2505 8.07087 2.81279 10.2499 
150 10910 1.00309 9.72145 5.47698 2.1109 
150 10911 6.04248 10.5166 7.34063 4.92045 
150 10912 11.9106 5.47548 9.42858 5.57657 
150 10913 3.0179 3.58889 3.57653 5.05703 
150 10914 4.12091 4.63811 5.90707 3.60683 
150 10915 6.03235 4.25864 4.65284 4.4071 
150 10916 3.87773 0.416276 5.42601 8.41446 
150 10917 7.20813 3.86438 1.32044 8.13926 
150 10918 1.59205 7.41608 3.93418 1.87566 
150 10919 1.08102 2.07778 5.83257 1.02616 
150 10920 0.934039 9.17283 0.612708 1.97325 
150 10921 2.19384 5.84344 2.83007 11.0005 
150 10922 5.41358 8.93757 2.58124 5.3868 
150 10923 7.64349 0.951154 4.33398 10.3782 
150 10924 1.24128 10.7345 1.93523 8.83994 
150 10925 8.86513 4.21415 0.465829 9.61293 
150 10926 1.1064 4.96901 5.03355 2.09824 
150 10927 0.492146 5.84496 7.20682 1.58059 
150 10928 4.21891 8.80798 3.65159 11.0726 
150 10929 8.24017 6.3994 9.99612 1.51548 
150 10930 9.84991 0.555492 1.02146 11.161 
150 10931 7.01959 4.85785 4.85616 3.89666 
150 10932 9.84199 7.74011 6.99586 7.47515 
150 10933 0.736725 7.09371 0.927837 4.89202 
150 10934 5.58562 6.05686 1.80193 2.32193 
150 10935 0.615027 9.83831 1.2986 10.2129 
150 10936 1.60293 11.2805 9.98289 4.11378 
150 10937 11.9004 8.52842 0.706999 9.35713 
150 10938 3.14185 0.994015 8.95542 5.44337 
150 10939 7.64633 2.47692 8.42607 11.0852 
150 10940 5.0451 3.65619 7.59004 10.929 
150 10941 4.62086 2.86144 4.47417 4.76894 
150 10942 8.0997 6.51194 6.13337 3.49722 
150 10943 11.181 1.19206 7.6051 7.29192 
150 10944 1.04375 6.81397 10.5433 1.20414 
150 10945 8.40742 6.02545 4.48477 5.95494 
150 10946 6.85366 9.35106 10.5604 9.15768 
150 10947 7.46338 6.28664 8.29527 0.883489 
150 10948 5.37727 10.0759 0.805317 8.04222 
150 10949 0.82364 5.39194 2.39804 2.49418 
150 10950 7.46174 1.44861 1.25621 2.84707 
150 10951 4.54686 8.49578 8.2903 4.94493 
150 10952 8.26487 3.7511 1.6888 0.914701 
150 10953 8.07094 7.55429 6.43571 9.59182 
150 10954 4.25853 10.9701 1.291 0.931446 
150 10955 6.56595 9.62235 6.63814 10.5634 
150 10956 3.41898 5.32541 2.71196 3.87201 
150 10957 6.50743 10.0205 0.926208 8.31087 
150 10958 1.02701 3.34287 3.93726 3.76819 
150 10959 4.31917 0.99601 3.38766 3.37846 
150 10960 10.2624 5.30898 9.01 2.14825 
150 10961 6.42723 3.12456 11.0167 0.923311 
150 10962 3.75125 0.943005 4.64013 4.47317 
150 10963 4.24935 7.20207 9.20185 7.40609 
150 10964 8.13338 11.335 5.54712 9.19886 
150 10965 4.18354 5.62821 5.60761 3.98251 
150 10966 2.80116 10.4617 2.27053 8.90776 
150 10967 6.14864 6.82367 5.17299 4.94651 
150 10968 6.62705 3.33299 5.35398 3.15827 
150 10969 1.01202 0.674791 7.51104 9.83851 
150 10970 7.09883 2.22497 2.42627 10.6735 
150 10971 9.29906 6.05423 1.31186 1.93532 
150 10972 5.60733 6.23485 9.36968 9.10985 
150 10973 1.23543 4.38588 7.12389 9.49487 
150 10974 10.3109 10.3287 6.25406 11.3352 
150 10975 11.2281 0.344407 10.8105 7.23403 
150 10976 7.90161 5.51111 3.50497 9.14727 
150 10977 0.569338 10.843 7.09924 6.90575 
150 10978 8.55392 8.67112 6.37995 1.90432 
150 10979 8.21431 7.68518 1.35668 2.96338 
150 10980 7.634 1.07646 5.33136 4.51849 
150 10981 11.1521 7.73965 2.29265 9.36833 
150 10982 11.5905 8.81646 5.03896 11.2626 
150 10983 3.73891 3.73787 1.066 11.2512 
150 10984 3.03017 4.32298 9.24862 3.58767 
150 10985 3.06223 10.0468 10.4059 5.81614 
150 10986 2.21176 11.5279 7.13753 10.9128 
150 10987 1.76358 8.83737 8.11372 3.56952 
150 10988 4.34454 2.96844 6.3389 4.09575 
150 10989 3.82061 9.30119 7.6976 2.80876 
150 10990 0.913049 11.2201 2.95087 9.64647 
150 10991 3.50613 9.15377 3.80802 5.74064 
150 10992 1.05008 6.88586 9.75051 10.3271 
150 10993 5.45164 3.79287 3.53507 7.70731 
150 10994 8.19167 10.9321 8.30666 4.09651 
150 10995 3.31729 5.10765 7.44918 5.8913 
150 10996 2.13781 9.75547 10.2586 5.38934 
150 10997 8.06759 6.06306 7.8131 3.21286 
150 10998 6.08454 5.80379 6.59439 4.0277 
150 10999 3.91285 11.3817 10.0754 10.2586 
150 11000 6.49755 3.83906 7.23855 1.45397 
150 11001 1.27698 0.996559 3.38353 9.19469 
150 11002 5.47533 0.654669 7.59472 8.37909 
150 11003 4.6343 5.02703 8.82765 0.630513 
150 11004 3.36042 1.45454 4.82353 4.93924 
150 11005 7.61484 8.91062 2.94616 8.34693 
150 11006 8.29613 4.16899 0.872168 5.6723 
150 11007 4.14206 4.60578 3.91382 4.03452 
150 11008 8.27023 0.975713 10.4584 3.7609 
150 11009 7.59682 3.34105 7.01075 2.64676 
150 11010 1.44769 4.07378 4.07493 1.92171 
150 11011 3.67832 8.29328 2.83025 5.59768 
150 11012 11.0212 2.69986 5.23129 2.30324 
150 11013 10.4046 1.53032 4.33341 2.98292 
150 11014 7.0521 11.338 8.77439 9.50307 
150 11015 5.00666 1.10655 6.96667 7.61499 
150 11016 8.84202 6.1001 0.952047 5.68893 
150 11017 8.63766 7.27086 2.11555 5.90412 
150 11018 6.52431 2.33679 6.9716 9.23652 
150 11019 10.183 4.50162 9.21647 4.84538 
150 11020 6.64204 4.06922 6.05193 10.6304 
150 11021 11.0345 11.2165 2.38358 5.92326 
150 11022 9.82186 5.86862 9.53738 9.41565 
150 11023 7.06164 5.30249 10.8727 5.52456 
150 11024 11.0463 0.800911 4.46577 9.33473 
150 11025 3.66787 5.91188 2.92315 3.51376 
150 11026 3.63551 4.66311 0.695536 6.45873 
150 11027 8.35157 11.4385 10.9037 9.65007 
150 11028 9.15022 11.4122 9.1363 8.34099 
150 11029 5.81119 4.77322 2.07155 8.66157 
150 11030 9.8201 0.587974 6.72506 0.970367 
150 11031 5.55248 1.78086 10.5168 11.4721 
150 11032 7.32196 4.92363 7.67592 9.74773 
150 11033 5.24568 5.83809 2.71054 8.04321 
150 11034 3.71168 9.59442 9.77305 6.86439 
150 11035 3.22757 4.15188 4.98247 10.6558 
150 11036 3.66337 6.35896 2.8754 3.56807 
150 11037 6.75445 11.2015 1.14318 11.4246 
150 11038 11.7774 2.71648 11.5409 11.0361 
150 11039 3.44702 10.6 11.0282 11.3106 
150 11040 8.61698 1.19014 3.55099 3.34046 
150 11041 1.84473 11.0078 6.26919 5.34153 
150 11042 7.1925 5.23837 7.25305 5.65709 
150 11043 2.76527 11.4324 4.81509 6.51347 
150 11044 2.25327 8.57226 9.50375 8.34418 
150 11045 1.97055 5.58895 7.50466 1.36805 
150 11046 7.51889 2.2078 8.37341 10.6919 
150 11047 7.25997 1.12267 4.52872 6.63284 
150 11048 8.64486 7.54764 3.48889 4.03969 
150 11049 1.95277 9.32871 5.20381 4.27307 
150 11050 8.91918 0.582973 9.18026 11.6884 
150 11051 6.0568 9.04533 0.77164 7.3645 
150 11052 11.8221 5.07507 10.6646 2.65185 
150 11053 9.9542 2.50528 9.13612 4.66303 
150 11054 4.35836 5.20986 10.0971 1.01893 
150 11055 1.18036 8.65985 0.870775 8.94713 
150 11056 11.0032 5.0081 1.31231 2.02907 
150 11057 8.60489 0.69995 0.502422 1.50428 
150 11058 0.790252 9.68972 6.54211 6.40578 
150 11059 7.49467 2.20903 3.21804 6.9696 
150 11060 6.11808 2.70388 8.62919 4.62949 
150 11061 11.074 6.79844 4.36219 3.94621 
150 11062 5.83548 8.36603 0.575948 6.50857 
150 11063 6.15496 7.13219 9.67768 0.888328 
150 11064 6.14088 5.67311 2.68502 4.32912 
150 11065 6.81207 3.28487 11.0329 6.52851 
150 11066 6.66927 6.2903 7.92701 3.67649 
150 11067 7.96858 10.9701 5.57525 8.92654 
150 11068 8.14076 3.4721 7.23354 8.14764 
150 11069 4.7256 11.3161 6.77428 10.0857 
150 11070 3.69076 0.95911 4.81349 8.66852 
150 11071 9.47469 9.18158 3.84032 4.67335 
150 11072 4.04644 4.81551 3.08734 4.07443 
150 11073 3.09754 3.89958 10.3173 4.13994 
150 11074 3.6491 7.37036 6.92147 5.56235 
150 11075 3.60851 1.34767 2.30318 4.18387 
150 11076 9.95563 9.19618 6.74499 2.08298 
150 11077 4.10738 2.18055 1.23331 5.52352 
150 11078 9.66851 0.511239 9.51016 6.74249 
150 11079 10.2034 3.38159 4.99216 7.58663 
150 11080 2.67845 8.01178 0.836149 0.886778 
150 11081 5.87708 6.33923 4.248 9.06289 
150 11082 7.44576 5.84165 3.32132 3.93732 
150 11083 1.10717 10.5041 9.082 0.811717 
150 11084 2.03043 5.15774 8.04731 5.59829 
150 11085 0.777248 3.68214 6.05133 10.2371 
150 11086 4.49009 4.66394 11.4843 7.98453 
150 11087 1.17668 5.63081 9.90472 4.38696 
150 11088 7.69452 5.28147 4.99047 3.71567 
150 11089 6.11681 3.59662 6.15398 1.90379 
150 11090 9.05948 4.22469 5.44724 6.47738 
150 11091 8.75626 8.30758 6.82432 11.6826 
150 11092 6.77557 8.55147 5.93478 2.83839 
150 11093 1.08302 6.68897 1.04007 10.4952 
150 11094 10.6479 7.31876 2.34482 1.56034 
150 11095 7.23678 1.19356 10.2261 3.85742 
150 11096 1.57329 4.96036 2.33055 5.94402 
150 11097 1.38892 3.53386 7.28904 11.4317 
150 11098 6.33048 7.35942 6.27368 4.30875 
150 11099 9.88254 6.50523 11.0029 5.7105 
150 11100 4.40452 10.8993 7.41967 10.5951 
150 11101 5.13394 2.97947 10.837 10.1262 
150 11102 5.23545 1.87401 10.7068 11.3015 
150 11103 9.3228 10.329 9.44515 10.4007 
150 11104 9.37019 5.26649 5.38963 9.46439 
150 11105 8.60108 7.67695 3.66366 9.55628 
150 11106 8.30175 5.19222 8.41236 8.11774 
150 11107 6.0265 7.06507 6.1558 4.16209 
150 11108 6.43394 7.8242 3.32347 5.27034 
150 11109 6.0555 8.9502 4.03563 9.15032 
150 11110 10.1993 4.73803 9.0739 2.60406 
150 11111 7.95475 1.17751 0.761528 0.876402 
150 11112 4.98137 1.15253 3.85974 3.11183 
150 11113 3.56565 4.16247 0.470214 5.06523 
150 11114 8.14866 8.0672 7.85738 9.35406 
150 11115 10.1769 3.24867 7.08112 11.0161 
150 11116 6.23654 1.34283 4.19677 11.045 
150 11117 8.78654 8.83465 4.08086 3.0266 
150 11118 7.00076 7.84738 10.6046 5.23129 
150 11119 7.62884 1.02397 9.44972 2.67509 
150 11120 8.92306 4.05949 10.6418 4.96347 
150 11121 6.71304 5.14304 0.656841 8.37945 
150 11122 8.15835 8.17347 5.50504 6.37885 
150 11123 5.73487 2.97734 4.29408 1.07769 
150 11124 7.47335 3.5928 5.72714 1.07906 
150 11125 1.59189 9.15125 8.23144 3.1999 
150 11126 10.0202 8.36955 6.87315 7.22651 
150 11127 3.86051 10.7683 3.27295 5.55733 
150 11128 2.70234 3.73541 11.3922 8.61465 
150 11129 2.13567 0.513339 6.43654 8.67233 
150 11130 8.21785 7.41829 2.91236 9.16124 
150 11131 4.40405 3.89478 8.42563 5.75463 
150 11132 1.52255 9.48984 6.13433 1.78329 
150 11133 6.29833 8.95869 4.11547 0.755322 
150 11134 5.81491 5.04095 5.99875 4.05836 
150 11135 3.90188 5.03144 9.29778 0.62403 
150 11136 1.50376 9.4102 9.23602 4.12702 
150 11137 5.10098 10.6939 2.21372 6.78803 
150 11138 1.3672 11.3822 3.99497 9.99079 
150 11139 8.90654 7.88422 4.34982 9.7441 
150 11140 4.49531 5.68742 5.15974 5.65582 
150 11141 3.60826 9.65954 5.99126 4.00178 
150 11142 9.38937 1.41909 7.01416 7.76855 
150 11143 1.3979 1.15013 8.12533 3.67469 
150 11144 4.10438 1.9248 5.91577 7.79102 
150 11145 5.59881 8.12569 9.29164 1.38213 
150 11146 1.83255 1.24081 10.8965 10.8275 
150 11147 7.93638 5.1862 8.17148 8.07827 
150 11148 9.70508 3.09073 2.19307 8.66729 
150 11149 7.17005 9.32222 1.47216 11.2364 
150 11150 4.91184 2.73146 6.27164 5.63916 
150 11151 3.00249 9.98483 8.23874 7.28735 
150 11152 5.09395 3.46613 2.6432 1.82396 
150 11153 11.2146 6.66116 1.27899 7.04014 
150 11154 8.01696 7.92298 6.34884 10.0787 
150 11155 7.23446 8.81842 6.60629 5.73488 
150 11156 11.5724 9.28479 8.19653 1.52618 
150 11157 5.81095 8.95893 2.35056 5.14574 
150 11158 7.07128 3.48511 9.88409 9.07925 
150 11159 1.59187 6.9339 3.21377 1.91537 
150 11160 10.8559 1.44029 1.58145 5.65496 
150 11161 7.69454 10.6138 1.24121 9.93717 
150 11162 6.94941 1.04194 8.26745 2.96743 
150 11163 9.43727 10.6575 2.4959 10.1967 
150 11164 1.49345 4.95282 4.93805 2.2592 
150 11165 8.29949 1.36184 6.72911 4.39532 
150 11166 4.65261 5.92967 1.69819 10.7028 
150 11167 1.4155 11.638 2.40097 6.73616 
150 11168 0.956575 9.91893 0.839163 3.81268 
150 11169 8.62249 7.90441 2.88293 9.93369 
150 11170 7.85133 6.44124 6.32381 7.02228 
150 11171 11.4744 3.42228 10.8533 1.48194 
150 11172 9.13314 10.8673 4.16915 7.00692 
150 11173 0.907544 5.74596 9.04588 4.25685 
150 11174 10.9788 6.04766 3.86199 6.23234 
150 11175 4.95443 1.07051 3.54794 2.97981 
150 11176 10.3931 9.66415 6.41782 2.36164 
150 11177 10.3591 3.55696 1.00946 7.48475 
150 11178 2.64301 2.27163 8.13666 2.81364 
150 11179 4.74338 2.6617 9.89855 8.30789 
150 11180 2.40254 7.80813 7.67676 3.71977 
150 11181 0.951447 5.02584 2.62408 1.57151 
150 11182 6.0911 1.83943 7.58208 1.47281 
150 11183 1.57311 4.96125 2.33121 5.94275 
150 11184 7.68521 1.65523 8.52122 6.98864 
150 11185 10.6428 3.32358 8.97382 8.11646 
150 11186 5.18153 6.1245 4.64558 4.52192 
150 11187 3.64923 4.2822 0.46347 4.51427 
150 11188 1.05607 8.37168 3.45601 7.14843 
150 11189 8.58042 11.4391 8.59919 3.84463 
150 11190 0.763094 10.45 9.70946 8.52155 
150 11191 9.78778 5.85279 2.68124 5.20377 
150 11192 8.01992 0.828848 6.50466 0.97102 
150 11193 4.35051 4.76394 8.52561 9.3314 
150 11194 6.54939 7.94934 7.75624 10.0967 
150 11195 6.83278 8.83039 9.347 6.19716 
150 11196 10.6702 7.78126 8.97595 7.94129 
150 11197 7.53942 11.1519 6.0653 8.79974 
150 11198 10.4309 3.77178 4.01188 3.61163 
150 11199 9.12677 1.85588 3.96011 1.48833 
150 11200 1.82856 10.5198 1.7081 0.697564 
150 11201 4.75601 4.27995 3.53747 10.107 
150 11202 5.88359 0.885713 3.24612 2.35472 
150 11203 7.89508 1.87186 1.85975 2.91058 
150 11204 3.53152 10.061 10.7301 11.3031 
150 11205 9.99421 10.4395 3.41143 3.32104 
150 11206 1.9302 6.30606 6.00634 1.14787 
150 11207 8.54794 10.223 1.09967 5.63303 
150 11208 4.04725 7.45574 4.74602 8.39964 
150 11209 6.61208 8.60964 3.15909 2.38011 
150 11210 9.32805 5.24855 3.20855 1.51183 
150 11211 2.85595 5.27753 3.19628 4.33488 
150 11212 3.70888 7.9458 10.9597 6.92333 
150 11213 1.14315 2.03623 10.6849 4.24502 
150 11214 2.42047 5.39277 10.997 11.2848 
150 11215 9.82753 6.81863 10.3326 3.08746 
150 11216 7.31353 4.91061 4.9333 3.72202 
150 11217 7.728 7.32092 10.4202 5.83226 
150 11218 6.93024 1.37804 1.28369 7.7476 
150 11219 1.56994 10.0839 7.63596 10.9465 
150 11220 0.763519 2.1937 5.2303 2.43091 
150 11221 1.43956 11.0388 0.865682 3.28563 
150 11222 11.8195 11.4858 9.35377 10.1002 
150 11223 6.41424 7.5574 5.54679 2.56414 
150 11224 7.33042 0.826561 10.7094 3.50911 
150 11225 2.41868 9.67112 3.44263 8.58623 
150 11226 6.41779 10.2974 11.4583 1.61317 
150 11227 8.23445 1.42735 6.49585 4.47277 
150 11228 3.49443 1.11433 5.9977 4.61209 
150 11229 6.67857 7.60464 1.68876 6.88441 
150 11230 1.35202 11.6123 11.2423 7.65329 
150 11231 3.01713 6.72264 3.55281 8.23234 
150 11232 1.02613 4.35636 6.00073 7.62649 
150 11233 8.01997 9.71177 11.5792 3.97945 
150 11234 7.83356 5.80889 11.7799 0.672432 
150 11235 6.5562 6.30417 3.9897 3.48803 
150 11236 2.6319 5.645 7.50509 9.57139 
150 11237 1.21203 4.14707 3.85187 1.87094 
150 11238 4.70736 5.26977 3.19588 6.05103 
150 11239 5.26748 8.31837 9.44083 1.09951 
150 11240 6.35722 5.2949 8.39152 4.83787 
150 11241 8.88052 3.53661 1.40652 10.6911 
150 11242 8.54924 0.789004 10.8907 3.85432 
150 11243 7.07339 10.3585 7.80492 8.74533 
150 11244 3.83882 9.88938 6.34981 4.57686 
150 11245 8.58829 5.10783 2.70792 1.9557 
150 11246 5.16241 6.39027 2.29102 9.4022 
150 11247 10.0854 7.018 10.4694 9.96443 
150 11248 0.979685 2.9471 7.30624 3.26268 
150 11249 6.45614 8.93515 3.12926 7.94807 
150 11250 4.27944 1.76971 1.32314 4.87873 
150 11251 2.77455 3.79174 2.67785 4.62645 
150 11252 6.53372 4.2719 4.65348 4.60194 
150 11253 3.68695 1.21376 0.432291 7.26059 
150 11254 6.96144 9.89256 7.03816 11.1052 
150 11255 5.05141 11.7581 9.7638 11.1005 
150 11256 7.19159 0.881409 2.05669 7.16741 
150 11257 9.67347 5.90441 4.60525 8.18329 
150 11258 2.40672 10.0276 2.16447 8.86271 
150 11259 8.11268 11.694 7.92977 9.53163 
150 11260 8.81537 0.864104 8.65445 1.51744 
150 11261 1.54209 9.64686 9.28799 3.9771 
150 11262 2.8077 10.3695 8.39744 7.60133 
150 11263 4.63426 1.71892 1.31911 5.75348 
150 11264 2.2059 4.48095 8.47604 11.476 
150 11265 3.25398 7.26062 7.53013 0.750669 
150 11266 6.93178 5.02987 8.79363 7.87207 
150 11267 4.30233 4.32886 0.303567 3.44567 
150 11268 0.673349 9.6686 3.08175 2.30738 
150 11269 3.41101 7.31055 10.3669 6.02175 
150 11270 0.785849 7.62006 1.67541 11.3574 
150 11271 8.65824 3.78343 5.89453 5.76676 
150 11272 1.52069 3.59245 4.1209 0.825193 
150 11273 9.92194 8.28569 0.852974 10.3053 
150 11274 1.69248 8.62578 1.82306 1.03941 
150 11275 9.16 3.45019 2.20865 8.78919 
150 11276 7.59328 0.606821 4.75567 10.197 
150 11277 7.7787 10.2894 5.19418 4.13089 
150 11278 7.27475 0.88762 2.57524 9.75072 
150 11279 9.66908 3.71829 4.42084 7.14228 
150 11280 1.36136 4.74586 6.37536 4.97618 
150 11281 6.22227 7.82794 3.65765 2.45251 
150 11282 0.79463 11.0771 3.27051 9.65045 
150 11283 7.54328 5.59138 2.06307 4.96136 
150 11284 6.02651 6.73519 3.63383 6.99542 
150 11285 6.60802 2.06928 4.48135 6.94264 
150 11286 3.22195 7.56607 1.01976 7.48247 
150 11287 5.31122 10.2237 3.96933 5.72705 
150 11288 9.10598 11.633 11.4489 3.76929 
150 11289 3.1635 8.94758 0.839023 8.58321 
150 11290 8.98385 3.78451 6.2229 5.95882 
150 11291 2.16033 3.5428 4.00561 2.55083 
150 11292 4.83243 3.713 4.11807 4.09554 
150 11293 5.31023 10.0217 5.78958 4.10634 
150 11294 0.879149 6.7831 0.870773 4.73012 
150 11295 0.898618 9.13922 0.585481 9.36844 
150 11296 9.26578 11.7188 7.58202 5.53731 
150 11297 9.44957 8.55716 4.04263 2.1328 
150 11298 1.36595 4.34973 2.14836 8.60558 
150 11299 6.083 6.82001 0.8876 5.29271 
150 11300 4.65991 6.3752 10.253 9.02454 
150 11301 10.6792 5.48883 8.13368 11.5003 
150 11302 5.46572 7.33749 5.21275 6.35548 
150 11303 5.40222 6.32195 3.72737 8.23511 
150 11304 0.670913 0.891878 2.80385 2.417 
150 11305 3.70907 11.9201 11.4673 10.4635 
150 11306 4.67861 2.21981 7.39777 5.64449 
150 11307 3.16787 4.38428 5.22515 5.37693 
150 11308 4.47141 4.16188 10.1822 2.90445 
150 11309 3.06111 6.24846 3.60843 7.79122 
150 11310 8.37333 4.30335 8.37606 2.65412 
150 11311 9.55311 7.41728 6.50703 4.43586 
150 11312 2.90437 3.57742 7.62148 6.59333 
150 11313 1.71616 3.23014 4.18494 0.959287 
150 11314 3.76554 8.39524 11.5797 1.40059 
150 11315 11.3046 4.41314 3.47529 3.94226 
150 11316 8.23485 0.88803 2.79647 5.37709 
150 11317 1.69782 6.49825 9.25596 10.4344 
150 11318 8.992 6.74948 7.02595 2.65052 
150 11319 8.2091 0.93039 0.79778 10.5416 
150 11320 3.78243 4.21942 0.591091 5.03852 
150 11321 5.78793 5.45692 6.68164 5.78838 
150 11322 6.81529 0.725707 6.09926 6.89041 
150 11323 6.56952 8.35171 5.80933 8.84548 
150 11324 4.77682 7.66203 3.38561 6.43714 
150 11325 7.46862 0.97052 5.5477 0.896826 
150 11326 0.982672 1.97604 7.43356 9.73959 
150 11327 8.81097 9.15465 8.53297 0.770551 
150 11328 1.10461 8.70421 0.869932 1.20321 
150 11329 8.01865 3.2914 5.76438 10.9317 
150 11330 3.68614 0.877981 0.852532 9.0125 
150 11331 3.64479 7.03929 6.97475 8.09113 
150 11332 9.59169 11.0168 9.74337 11.038 
150 11333 5.85772 10.5698 11.4368 6.17999 
150 11334 6.00283 2.36257 10.4372 2.97913 
150 11335 9.85733 3.69078 3.28945 4.95126 
150 11336 6.30995 4.62824 5.38331 9.3723 
150 11337 1.63647 11.9508 8.74384 6.16954 
150 11338 6.38654 8.73005 3.93253 8.64383 
150 11339 9.43753 5.95327 5.62565 7.94755 
150 11340 5.7043 8.33038 2.45417 5.28933 
150 11341 6.70691 7.6303 5.60926 2.40187 
150 11342 9.19195 5.8256 4.26745 2.67807 
150 11343 7.22931 3.60762 1.95565 3.00819 
150 11344 3.09077 6.41558 0.965047 4.1952 
150 11345 2.36263 9.98129 9.87538 6.93652 
150 11346 2.73234 8.69827 9.34698 1.20091 
150 11347 2.70537 8.57742 3.30934 1.68489 
150 11348 6.38324 5.01982 5.98151 3.53764 
150 11349 5.82608 1.78549 3.96988 10.4787 
150 11350 1.46208 4.27651 2.07318 8.18924 
150 11351 5.92407 3.23743 7.1305 7.06719 
150 11352 4.58007 1.90421 1.11521 5.30052 
150 11353 6.07038 5.15142 6.65776 7.98225 
150 11354 1.02837 5.66763 8.80761 4.16814 
150 11355 3.86356 6.05342 1.36978 10.236 
150 11356 5.43029 7.5665 0.603453 10.8465 
