1000
7777
4
1035.68
1000 0 8.08906 8.74797 1.94294 6.05779 
1000 1 6.77966 2.12576 1.59617 7.75629 
1000 2 2.2845 7.99619 7.27473 8.02576 
1000 3 5.85089 7.41785 7.66231 1.6452 
1000 4 2.06755 5.10704 6.60334 9.76668 
1000 5 2.77455 3.93204 2.69561 4.3453 
1000 6 7.98962 7.92022 4.21934 3.6931 
1000 7 3.99511 4.03672 0.602693 3.43079 
1000 8 4.00099 3.99908 0.500251 3.50092 
1000 9 4.37715 4.10204 1.76925 4.3522 
1000 10 7.82866 5.82309 4.25141 6.91085 
1000 11 3.02455 8.25325 0.957429 8.12901 
1000 12 7.97817 7.30744 3.91085 3.72735 
1000 13 7.86866 9.7685 7.0546 3.87625 
1000 14 4.02386 3.99993 0.528213 3.47206 
1000 15 2.5727 4.73775 1.24971 8.03736 
1000 16 4.18078 8.19019 3.26067 6.11503 
1000 17 5.93302 7.19642 4.68277 2.69574 
1000 18 5.03543 3.98719 4.03231 3.76061 
1000 19 4.99086 4.40342 5.34905 3.55051 
1000 20 7.08339 3.40602 2.59868 4.66483 
1000 21 0.999811 1.00074 0.498952 1.49997 
1000 22 4.00092 4.00137 0.499951 3.49859 
1000 23 5.86109 7.28007 0.787433 5.8226 
1000 24 7.18873 4.51967 2.09564 4.86529 
1000 25 8.31485 6.56208 1.64847 6.5407 
1000 26 4.3368 8.81133 3.87843 4.29975 
1000 27 3.99981 3.99897 0.500354 3.49966 
1000 28 6.97855 7.68118 5.48816 2.60365 
1000 29 2.5491 2.77711 2.35549 4.8578 
1000 30 2.27536 4.61086 5.18481 6.61942 
1000 31 2.34184 2.55924 2.16013 8.09099 
1000 32 6.15818 2.58271 7.63186 1.89633 
1000 33 4.68426 2.52373 6.2698 4.03166 
1000 34 5.89609 4.54014 4.48523 8.85118 
1000 35 4.47264 5.22186 2.23872 5.64037 
1000 36 6.32497 4.99669 0.65555 6.6848 
1000 37 6.89196 2.52295 0.681372 1.72358 
1000 38 3.99989 3.99995 0.501186 3.5013 
1000 39 4.00059 3.9996 0.499222 3.49867 
1000 40 4.70837 2.89892 5.79524 3.96693 
1000 41 6.58237 7.51597 5.2417 2.45389 
1000 42 7.90061 9.79989 7.06881 3.85821 
1000 43 2.06241 6.14123 7.61116 7.74706 
1000 44 4.06163 4.29976 1.74079 4.58759 
1000 45 2.85403 5.35075 0.593441 3.90115 
1000 46 3.73308 4.13867 0.586196 3.71837 
1000 47 4.10577 7.04684 1.81947 5.05299 
1000 48 4.00051 3.99986 0.500462 3.49936 
1000 49 6.47558 2.19945 1.02481 6.0673 
1000 50 5.24785 5.60567 0.652009 4.0438 
1000 51 5.39588 5.25705 6.58657 10.4806 
1000 52 6.06912 2.77433 2.59388 6.03418 
1000 53 4.85072 3.83745 1.95206 3.22553 
1000 54 6.3249 7.60999 2.73962 7.53558 
1000 55 5.92609 8.85865 9.04248 4.42884 
1000 56 6.33609 7.93681 6.14653 5.4011 
1000 57 9.67459 9.82606 3.25881 5.61714 
1000 58 3.16756 5.55455 2.69575 5.44878 
1000 59 6.9141 3.45232 2.2559 4.54169 
1000 60 3.99972 4.00104 0.50049 3.50118 
1000 61 8.88252 4.68773 6.25826 9.46528 
1000 62 6.37974 7.6793 2.74424 7.65873 
1000 63 5.46366 6.79637 7.66841 5.82319 
1000 64 5.09108 5.61646 1.82386 8.63314 
1000 65 2.14038 7.30769 8.13932 4.01428 
1000 66 9.58177 6.2289 6.43804 6.91117 
1000 67 4.15033 8.23689 3.32594 6.14994 
1000 68 7.8688 2.774 8.91969 6.81212 
1000 69 3.41212 3.90682 8.17243 5.69604 
1000 70 9.81708 3.21339 8.30326 8.30942 
1000 71 4.87395 6.69419 3.16921 2.21194 
1000 72 4.00016 3.99924 0.500662 3.49909 
1000 73 4.00109 8.41094 3.01236 6.51149 
1000 74 2.24889 5.4319 6.38272 7.24416 
1000 75 3.93604 4.03533 0.97504 5.29301 
1000 76 3.99943 4.00024 0.500237 3.49962 
1000 77 7.92778 7.26278 6.89827 8.08951 
1000 78 4.33158 3.87429 0.553234 3.61205 
1000 79 9.5335 5.56264 1.55795 7.79028 
1000 80 5.88662 8.013 6.0421 3.01705 
1000 81 1.49814 1.14055 7.75422 1.47555 
1000 82 8.47738 8.1504 7.46843 8.5049 
1000 83 6.85134 5.64372 3.51214 6.02395 
1000 84 2.46971 4.03043 6.77191 2.24941 
1000 85 2.52395 3.96834 3.57422 5.2262 
1000 86 4.53409 5.73737 2.54597 6.08796 
1000 87 7.67219 2.02886 3.25405 5.13996 
1000 88 7.34818 4.70162 6.50954 5.01608 
1000 89 5.72552 5.16864 5.98351 8.10263 
1000 90 2.85713 3.91148 2.09283 4.16742 
1000 91 7.56393 9.05342 6.11363 2.23896 
1000 92 8.95329 4.84979 6.29294 9.44266 
1000 93 0.999394 0.999123 0.499916 1.49947 
1000 94 6.90728 3.79274 5.19238 3.92206 
1000 95 3.27642 4.1231 6.74632 5.15429 
1000 96 4.09767 3.95261 0.524893 3.53337 
1000 97 3.99949 3.99989 0.49932 3.50058 
1000 98 6.56026 10.1472 6.0339 8.61769 
1000 99 4.72481 3.87821 1.64519 3.1543 
1000 100 5.29628 7.07792 4.38958 2.79861 
1000 101 7.74677 6.16023 0.956288 3.39076 
1000 102 5.61274 9.17203 5.90918 7.61469 
1000 103 5.58475 7.40229 4.60306 7.03461 
1000 104 8.22467 2.94107 2.16497 4.52373 
1000 105 4.64085 2.9674 3.5157 4.69793 
1000 106 3.24046 4.85425 1.7931 2.6441 
1000 107 2.43917 6.0043 5.64484 1.68864 
1000 108 9.52699 4.66136 2.59037 6.86152 
1000 109 9.18404 6.11616 4.46447 1.67655 
1000 110 8.78192 7.13453 3.99721 2.37554 
1000 111 7.38248 4.88093 6.813 5.25129 
1000 112 5.06997 6.98552 4.12229 2.80865 
1000 113 8.25799 3.96436 1.9342 5.88371 
1000 114 8.31238 3.91448 1.89001 5.94679 
1000 115 2.5923 8.48958 6.16404 2.07228 
1000 116 3.16453 5.20742 2.97998 4.59387 
1000 117 5.98652 3.48814 3.9667 2.90336 
1000 118 4.00069 3.99936 0.500554 3.49913 
1000 119 5.7822 4.11976 1.5058 3.03826 
1000 120 8.26533 8.01469 7.10816 4.09107 
1000 121 4.43102 4.73732 1.89735 2.66673 
1000 122 6.65886 5.57227 3.33145 5.89527 
1000 123 9.98318 8.25671 5.97314 9.17103 
1000 124 4.37815 6.61816 3.1257 7.46474 
1000 125 4.54126 6.76451 2.88997 7.62313 
1000 126 7.82858 5.82361 4.25163 6.91123 
1000 127 5.68891 5.69944 2.54944 4.91152 
1000 128 3.05836 5.6093 2.44844 5.37486 
1000 129 3.15375 5.52589 3.25541 4.6643 
1000 130 5.46671 6.1187 0.684475 4.61004 
1000 131 4.00073 3.99994 0.501113 3.49985 
1000 132 8.85687 5.46909 5.2694 4.69385 
1000 133 3.57291 8.2377 1.23724 7.52074 
1000 134 2.07949 6.2998 7.94745 7.93332 
1000 135 8.54917 8.25831 7.52567 8.5772 
1000 136 6.88869 1.70631 7.34701 4.02479 
1000 137 3.90089 3.12073 0.614094 7.03045 
1000 138 7.96414 5.60103 1.68581 5.484 
1000 139 6.96004 1.77248 4.2848 4.25911 
1000 140 3.94918 2.77359 2.65747 2.74934 
1000 141 5.71269 4.30397 0.623826 5.57182 
1000 142 4.00044 3.99939 0.499722 3.50127 
1000 143 3.98971 8.36625 3.19 2.00035 
1000 144 6.12366 9.28125 1.2106 7.51507 
1000 145 8.92656 6.8352 1.48395 2.30363 
1000 146 5.28104 5.11825 7.54959 4.2502 
1000 147 3.99948 3.99993 0.49939 3.50056 
1000 148 4.85408 7.42639 2.91756 8.56082 
1000 149 4.76889 3.94299 1.00331 3.28246 
1000 150 7.83322 5.80498 7.78605 3.25135 
1000 151 10.7311 11.7068 12.7399 11.6795 
1000 152 8.07751 2.45399 7.38746 4.9081 
1000 153 2.26124 4.84354 4.6331 8.78167 
1000 154 6.85753 1.727 7.24139 3.98459 
1000 155 2.16554 1.64414 5.73176 8.26999 
1000 156 7.97096 7.42252 9.0142 5.26452 
1000 157 4.00005 3.99895 0.500207 3.50093 
1000 158 1.7008 9.55668 8.48309 1.15554 
1000 159 7.81928 5.44332 7.58353 3.02318 
1000 160 6.24374 3.95148 4.77113 3.9929 
1000 161 3.29254 7.46569 0.940693 7.16205 
1000 162 5.84467 2.89447 0.811546 4.84886 
1000 163 2.86551 3.91886 1.9619 4.15889 
1000 164 7.27778 8.65702 3.14748 2.50503 
1000 165 7.752 5.83559 7.92284 10.0886 
1000 166 3.90116 7.89526 3.01644 1.97284 
1000 167 3.25115 8.55963 6.23258 5.23842 
1000 168 4.47319 4.59187 2.17463 4.86543 
1000 169 0.999007 1.00052 0.5001 1.50122 
1000 170 4.33265 3.26407 8.41203 5.49498 
1000 171 3.8541 9.12659 3.41372 7.12396 
1000 172 12.6614 12.7413 11.5469 9.64613 
1000 173 4.00097 3.99921 0.500538 3.49908 
1000 174 2.43015 8.3309 7.79101 8.5163 
1000 175 5.3099 4.28156 0.539942 4.74636 
1000 176 4.24321 7.62631 2.48203 5.67771 
1000 177 8.16757 4.33786 4.40969 4.79633 
1000 178 3.90951 2.79053 2.01544 2.85086 
1000 179 1.6213 1.6833 6.21532 0.961129 
1000 180 4.0003 3.99961 0.500593 3.50085 
1000 181 6.67387 5.29505 6.63336 3.38886 
1000 182 3.99966 4.00042 0.500178 3.50044 
1000 183 6.59178 5.89216 0.823731 3.33914 
1000 184 6.07617 3.27936 1.42819 3.94519 
1000 185 5.34865 8.22488 5.25895 7.22393 
1000 186 6.07068 2.76853 2.60635 6.04039 
1000 187 4.25006 4.67684 4.90259 7.29449 
1000 188 3.85748 3.96305 1.49223 5.89388 
1000 189 4.00179 3.999 0.500436 3.50062 
1000 190 6.19438 7.94028 2.52664 2.98667 
1000 191 2.31701 6.39507 1.09695 4.13233 
1000 192 7.58913 2.07742 3.1777 5.10308 
1000 193 4.77809 3.9067 8.30921 8.767 
1000 194 7.99316 3.97334 4.16501 4.87599 
1000 195 4.21081 8.123 3.17042 6.07189 
1000 196 4.6359 8.0503 6.7886 6.28198 
1000 197 8.18479 8.3073 1.16764 3.52836 
1000 198 3.95506 6.9353 1.62083 4.81913 
1000 199 7.82285 3.21252 4.74594 5.28759 
1000 200 5.53308 5.15564 3.73792 1.97211 
1000 201 7.50664 2.37102 4.31755 7.41399 
1000 202 9.32225 7.80519 5.03622 3.40796 
1000 203 5.32612 6.4458 2.74884 6.29894 
1000 204 4.85416 3.68709 0.651022 3.81076 
1000 205 6.73105 7.00639 8.88965 3.18027 
1000 206 7.29394 6.58044 0.92956 3.1579 
1000 207 6.07557 2.89169 5.25791 2.77706 
1000 208 5.23144 3.89455 3.92354 3.77112 
1000 209 1.69339 2.62427 5.88612 9.04667 
1000 210 8.60496 4.89209 5.63066 8.83074 
1000 211 3.91128 4.09295 0.613486 4.32978 
1000 212 8.13356 6.07883 1.74658 6.02975 
1000 213 7.88114 2.94386 1.38286 7.17877 
1000 214 7.48479 3.2785 2.04185 4.40671 
1000 215 2.96149 4.68287 7.15811 4.96047 
1000 216 4.11408 3.92402 0.712954 3.66995 
1000 217 3.32806 4.03408 0.891247 3.86793 
1000 218 2.44349 3.79712 7.30547 9.91678 
1000 219 7.12066 9.707 8.3016 7.55177 
1000 220 6.99139 2.65039 1.00953 6.07543 
1000 221 6.34076 2.45029 3.72531 6.80794 
1000 222 7.06658 8.26215 5.55918 2.74218 
1000 223 3.99551 4.03595 0.601445 3.42833 
1000 224 5.36457 7.21395 4.35629 6.74766 
1000 225 5.60149 3.47571 1.02078 3.96324 
1000 226 12.7891 12.4519 12.0847 8.00875 
1000 227 3.1629 9.87212 9.63561 10.5821 
1000 228 4.49347 3.82972 0.568391 3.67175 
1000 229 7.26145 6.14751 0.909993 8.1679 
1000 230 4.58244 3.92744 1.35619 3.11125 
1000 231 4.36657 6.66694 3.20521 7.52025 
1000 232 6.9551 4.14267 0.626375 3.38745 
1000 233 7.19395 2.18727 5.57448 8.09009 
1000 234 5.98475 6.84013 9.14351 9.2954 
1000 235 2.73076 3.96077 2.81536 4.46541 
1000 236 6.04481 8.57648 6.96951 3.14167 
1000 237 2.2676 4.75216 5.38102 6.75278 
1000 238 6.88252 3.46375 2.19306 4.51766 
1000 239 4.32327 7.02371 3.24467 2.97797 
1000 240 5.36133 8.32145 5.34505 7.26798 
1000 241 2.83232 6.27135 1.68275 2.48478 
1000 242 1.59577 1.68479 4.70106 0.823916 
1000 243 5.00712 2.58605 4.82656 5.26823 
1000 244 4.47353 5.22483 2.23567 5.63694 
1000 245 7.85966 1.82279 3.58015 5.18745 
1000 246 4.74814 6.83511 3.69688 2.78781 
1000 247 2.91191 4.7648 1.12829 7.38743 
1000 248 6.06833 3.30784 4.30475 2.88996 
1000 249 5.55433 6.68979 2.74359 6.467 
1000 250 5.21552 5.89174 7.53765 7.81095 
1000 251 6.34103 2.45078 3.72417 6.80844 
1000 252 8.52881 3.07821 6.58847 7.15878 
1000 253 2.15032 1.64198 5.65472 8.20663 
1000 254 6.34022 2.45033 3.72556 6.80799 
1000 255 2.73367 3.36262 4.65333 4.7114 
1000 256 8.38811 9.50092 5.08739 3.88764 
1000 257 8.31103 3.9171 1.89189 5.94755 
1000 258 7.91532 6.26543 3.11253 1.95118 
1000 259 6.53386 4.32632 8.20389 3.30503 
1000 260 4.96238 4.31624 4.94161 3.678 
1000 261 3.5846 9.61688 4.60737 6.49352 
1000 262 6.46787 3.19849 7.27092 6.97801 
1000 263 7.39531 5.78241 3.97293 6.48227 
1000 264 4.09293 3.93146 0.732114 3.66583 
1000 265 7.93693 7.99802 1.10299 3.26503 
1000 266 4.3873 2.76074 2.26803 3.86885 
1000 267 4.26692 8.34947 3.45598 6.23365 
1000 268 4.41315 6.00358 2.67942 2.47174 
1000 269 4.448 9.57713 6.03059 9.41519 
1000 270 7.64234 5.39385 1.60291 5.1795 
1000 271 7.37182 1.63844 7.13833 8.77226 
1000 272 6.3189 5.94744 5.59665 8.23849 
1000 273 2.83688 5.89581 2.44863 5.59446 
1000 274 7.13552 2.37651 4.20798 7.23785 
1000 275 1.71033 5.30775 6.15784 3.56667 
1000 276 0.998836 1.00034 0.499302 1.49861 
1000 277 5.97636 8.10662 6.25812 3.04723 
1000 278 8.063 3.04882 2.11489 4.64028 
1000 279 3.80947 3.50982 7.84508 5.23976 
1000 280 4.41301 4.57794 1.67209 2.75821 
1000 281 3.97034 4.21648 1.45801 6.4802 
1000 282 5.40365 2.17573 3.39599 4.1922 
1000 283 4.08803 6.10859 1.00009 4.76167 
1000 284 8.25709 3.96378 1.93501 5.88212 
1000 285 4.00086 4.00031 0.500692 3.50049 
1000 286 6.56463 5.87801 0.819775 3.34617 
1000 287 4.47523 5.22546 2.24089 5.64497 
1000 288 2.66976 3.89394 5.63408 2.15333 
1000 289 6.50596 3.97427 0.631098 3.51398 
1000 290 3.09302 3.94699 1.15655 3.99316 
1000 291 1.91199 7.27895 5.20259 5.37398 
1000 292 4.37134 6.59673 3.1079 7.5445 
1000 293 8.2435 5.97708 4.41416 7.26325 
1000 294 4.26594 7.81973 2.75364 5.84113 
1000 295 4.72405 6.25035 3.54464 6.1608 
1000 296 6.73837 5.21652 2.55108 3.59689 
1000 297 3.66297 9.42631 7.1396 5.24265 
1000 298 2.07463 7.61884 6.94216 7.32653 
1000 299 5.04631 3.74237 3.16111 3.59873 
1000 300 6.296 3.11206 1.68075 3.86253 
1000 301 3.91454 2.78745 2.01343 2.85088 
1000 302 1.99159 5.41182 4.39133 3.90442 
1000 303 3.2613 8.54552 2.68249 4.66527 
1000 304 3.30779 7.66679 1.01384 7.29323 
1000 305 8.06617 3.76083 6.81014 5.03374 
1000 306 9.66922 6.58078 5.60701 9.07467 
1000 307 3.99895 3.99979 0.49871 3.50104 
1000 308 3.90501 4.01192 1.31619 5.47854 
1000 309 5.0032 4.09503 4.27662 3.77145 
1000 310 8.17523 8.80351 1.99284 6.01138 
1000 311 8.49446 8.44825 8.94107 5.42821 
1000 312 3.99939 4.00028 0.500275 3.50062 
1000 313 7.88129 6.88872 6.34989 7.61318 
1000 314 0.998632 0.999931 0.499536 1.50062 
1000 315 3.85885 4.99251 2.7175 4.6963 
1000 316 7.17815 4.55415 2.08832 4.88701 
1000 317 4.00019 4.00081 0.501147 3.50015 
1000 318 7.77269 8.40552 6.96111 1.65893 
1000 319 3.01442 3.82094 4.76643 4.60616 
1000 320 3.85435 3.84918 1.73749 6.26123 
1000 321 5.95507 2.88318 2.21985 5.73991 
1000 322 4.00004 4.00142 0.500154 3.49885 
1000 323 6.63387 2.25681 3.70285 1.23951 
1000 324 3.31795 7.707 5.49016 5.2477 
1000 325 3.99994 3.99903 0.500849 3.49951 
1000 326 3.72938 4.22668 1.2548 2.98795 
1000 327 8.83848 4.88067 1.42175 6.94605 
1000 328 4.37356 4.0335 1.01803 3.16147 
1000 329 5.628 3.64757 3.15138 3.10241 
1000 330 10.5351 10.6441 11.0615 6.5168 
1000 331 4.40795 4.21231 1.88302 4.4552 
1000 332 7.97815 7.35208 3.93378 3.72207 
1000 333 5.12237 4.16413 0.538826 4.46044 
1000 334 8.88882 7.64335 5.2758 8.51152 
1000 335 2.85617 3.73056 3.67531 4.35699 
1000 336 3.99902 3.99984 0.498683 3.50107 
1000 337 7.59751 2.11337 6.11308 8.41609 
1000 338 3.30969 3.80663 7.65247 5.40786 
1000 339 8.04319 6.30247 5.42551 6.53277 
1000 340 4.56705 5.55455 2.55386 5.82393 
1000 341 3.56644 4.34423 1.48836 2.8434 
1000 342 9.83184 4.80241 2.74714 7.26702 
1000 343 3.17472 4.60467 1.17558 7.05166 
1000 344 2.18901 7.49788 4.87332 8.7353 
1000 345 8.25641 3.96383 1.93399 5.88369 
1000 346 4.68825 5.06559 1.83718 8.03657 
1000 347 4.37208 4.03339 1.01845 3.1613 
1000 348 5.38993 4.93079 7.49752 2.70186 
1000 349 4.55792 5.21501 0.610592 3.58147 
1000 350 3.8559 3.9375 1.54579 5.98989 
1000 351 5.55392 7.95911 4.12487 1.62303 
1000 352 3.99962 3.99982 0.502071 3.49903 
1000 353 9.33531 8.71662 1.0654 8.82512 
1000 354 6.51006 6.15162 6.12426 8.76156 
1000 355 5.62135 7.30193 2.18155 3.26355 
1000 356 4.03512 5.63315 0.72485 4.59227 
1000 357 5.96265 8.59009 8.7289 1.94172 
1000 358 12.0726 10.128 12.1667 12.5453 
1000 359 5.56404 4.3164 0.58666 5.24865 
1000 360 6.15413 4.50203 1.90269 3.25016 
1000 361 5.62022 7.30235 2.18299 3.26351 
1000 362 7.70913 2.00209 3.29275 5.14691 
1000 363 3.18228 5.36857 2.81767 2.44238 
1000 364 8.06753 3.76065 6.81164 5.03394 
1000 365 5.76471 3.60534 3.3946 3.03596 
1000 366 5.25389 3.40766 0.758576 4.14663 
1000 367 6.23078 4.94556 3.25523 7.9852 
1000 368 3.8595 3.97618 0.704028 5.01592 
1000 369 11.9779 12.6667 10.9784 10.9446 
1000 370 3.92941 9.12299 1.26779 9.18571 
1000 371 4.0239 3.98735 0.507261 3.50811 
1000 372 7.84646 3.30834 3.4791 5.2695 
1000 373 2.82143 6.20372 3.89023 6.23194 
1000 374 6.64274 2.24265 1.17861 6.57688 
1000 375 7.08373 7.75809 5.89874 2.10226 
1000 376 6.47888 4.87689 2.25797 3.44596 
1000 377 3.94619 4.74936 0.545476 4.01836 
1000 378 5.3629 7.29946 4.45869 6.79737 
1000 379 5.9945 2.84002 5.79858 2.58251 
1000 380 8.20042 3.739 4.30551 2.12366 
1000 381 7.83854 8.09226 4.54771 6.02839 
1000 382 9.23248 9.79997 3.43697 6.8778 
1000 383 2.89436 6.37313 2.96635 7.31025 
1000 384 4.64214 5.69504 2.66362 5.87261 
1000 385 4.04561 5.70793 0.755694 4.63323 
1000 386 6.60773 2.59869 0.9089 5.68514 
1000 387 8.47702 8.14912 7.46747 8.50692 
1000 388 2.54737 3.02193 5.34659 5.08297 
1000 389 8.65648 9.14998 6.04379 6.78324 
1000 390 6.50742 4.32435 2.01674 4.42061 
1000 391 6.43579 9.15047 8.25907 3.36956 
1000 392 3.16977 3.07133 0.967076 6.99723 
1000 393 4.81427 5.91048 2.74054 5.97228 
1000 394 4.70062 3.88606 1.58973 3.14226 
1000 395 8.05957 8.48378 4.5059 3.71692 
1000 396 9.9246 3.23731 8.49252 8.40008 
1000 397 5.35605 3.24933 0.980711 2.13872 
1000 398 8.07582 6.32745 5.46214 6.59879 
1000 399 3.977 4.05595 0.670137 3.38014 
1000 400 3.87353 6.32201 0.751095 5.57678 
1000 401 1.78081 8.34648 8.09174 7.71591 
1000 402 6.08136 5.35583 2.85008 5.47407 
1000 403 9.0649 8.31491 1.14213 8.33434 
1000 404 6.41523 4.3246 1.97523 4.40228 
1000 405 1.71035 5.28761 6.11617 3.55697 
1000 406 6.79021 4.05315 0.847021 8.06123 
1000 407 5.71328 6.70719 0.718549 5.24654 
1000 408 6.75963 5.60727 7.14831 3.27749 
1000 409 8.47675 8.14955 7.46843 8.50581 
1000 410 7.6316 2.36559 4.33793 7.4624 
1000 411 8.02093 9.1503 1.25363 2.57484 
1000 412 2.20883 5.43927 4.04995 4.0482 
1000 413 5.20759 3.89977 3.9196 3.76752 
1000 414 4.05898 6.7865 1.53903 4.90012 
1000 415 6.37536 7.59851 2.84867 7.01774 
1000 416 12.8896 9.64756 12.135 12.0902 
1000 417 4.4027 3.9564 0.79688 3.38684 
1000 418 1.97023 2.28782 7.28643 6.43314 
1000 419 2.18433 5.79737 6.97505 7.46842 
1000 420 6.89649 1.70472 7.37205 3.9005 
1000 421 5.63512 3.05728 0.812203 4.62566 
1000 422 3.88885 2.55512 2.48061 8.01811 
1000 423 4.00051 4.00023 0.50007 3.50033 
1000 424 9.81406 8.20509 6.28405 1.6409 
1000 425 6.92974 6.00353 0.891287 3.02972 
1000 426 5.88819 4.24846 1.63894 3.12161 
1000 427 5.67288 6.54294 8.83554 9.04031 
1000 428 8.92484 7.69721 5.3244 8.55083 
1000 429 5.73441 7.51495 4.75366 7.24523 
1000 430 7.43167 5.43519 7.2795 3.13922 
1000 431 3.67022 4.92634 2.41377 4.82714 
1000 432 4.33629 8.81077 3.87915 4.29902 
1000 433 5.805 2.74703 6.98296 2.16285 
1000 434 8.31595 6.20814 1.12395 3.5732 
1000 435 3.32451 7.42201 5.20386 5.18061 
1000 436 3.87273 4.01184 1.35845 5.61192 
1000 437 3.14329 5.21671 3.0033 4.58499 
1000 438 2.66427 1.06499 5.02234 1.16712 
1000 439 6.75505 5.60949 3.42396 5.96091 
1000 440 2.15839 6.96291 7.78147 3.94459 
1000 441 0.999199 0.999774 0.499259 1.50058 
1000 442 8.80243 8.76961 9.54935 5.95376 
1000 443 5.30949 6.42834 2.74921 6.28734 
1000 444 3.85002 3.32034 0.609808 6.27944 
1000 445 4.05967 4.32558 1.79348 4.62157 
1000 446 5.73423 10.2331 5.05174 4.71099 
1000 447 1.38822 2.14783 7.7409 1.1751 
1000 448 4.46956 4.48379 2.10059 4.73041 
1000 449 6.66313 3.35882 7.54166 7.408 
1000 450 6.10504 4.78426 3.34792 7.5643 
1000 451 3.85861 3.97355 0.70449 5.02373 
1000 452 7.96457 2.67897 3.56966 10.4616 
1000 453 7.88108 6.57853 3.51838 3.82299 
1000 454 4.00144 4.00149 0.500261 3.50037 
1000 455 4.46203 6.25316 2.72193 6.84986 
1000 456 3.66286 4.04458 3.45523 7.22285 
1000 457 4.24239 8.03684 3.05568 6.0072 
1000 458 4.61046 4.93411 1.83327 7.87733 
1000 459 4.56821 9.40045 5.84224 3.97441 
1000 460 2.76195 5.34988 3.40923 4.39893 
1000 461 6.87516 4.4401 2.11772 4.65189 
1000 462 4.26011 7.95344 2.94061 5.94375 
1000 463 5.85931 3.17891 7.00449 6.28822 
1000 464 5.18223 3.48067 0.742227 4.04468 
1000 465 9.90497 3.22299 8.44166 8.37982 
1000 466 2.67046 3.89501 5.62064 2.15679 
1000 467 1.53017 4.78397 7.59799 6.93873 
1000 468 5.22898 5.54031 6.79317 7.48287 
1000 469 2.18481 1.38965 6.30903 8.79453 
1000 470 4.58842 10.5581 9.66612 10.5913 
1000 471 3.30486 7.44419 0.936889 7.13655 
1000 472 7.43761 8.32783 1.52055 5.92655 
1000 473 6.47765 2.20034 1.02584 6.07085 
1000 474 8.32666 1.38587 4.43455 5.48433 
1000 475 2.93476 5.85304 4.45585 2.02562 
1000 476 4.70833 5.79698 2.72385 5.91489 
1000 477 3.37315 4.04047 0.850283 3.84544 
1000 478 7.43329 3.77445 0.550999 3.01593 
1000 479 3.73603 4.85507 2.37576 4.79795 
1000 480 5.35379 5.61311 6.89286 10.6611 
1000 481 4.46748 6.19766 2.69662 6.76163 
1000 482 2.93376 9.43939 7.74084 6.9313 
1000 483 9.3038 6.08357 5.75757 4.74846 
1000 484 2.46226 8.64839 8.04995 9.01015 
1000 485 3.99883 3.99885 0.499589 3.49876 
1000 486 6.41915 9.11848 8.22231 3.36783 
1000 487 4.72024 4.96697 5.5172 7.36899 
1000 488 6.6485 2.24257 1.18732 6.60415 
1000 489 3.99845 4.00077 0.499382 3.49819 
1000 490 6.49897 3.093 7.32928 6.71942 
1000 491 7.98652 3.14438 5.62309 6.05789 
1000 492 1.49249 1.05627 2.92883 1.16973 
1000 493 4.91089 3.66418 0.669993 3.83105 
1000 494 8.94864 7.92077 4.11313 2.00517 
1000 495 4.34287 6.74999 3.32692 7.59003 
1000 496 6.52742 4.18675 1.70752 2.73438 
1000 497 5.10524 4.50535 5.92153 3.3409 
1000 498 6.75521 6.73623 6.85144 9.54271 
1000 499 8.43284 1.50479 4.03958 5.2992 
1000 500 4.10414 8.30679 3.41779 6.1968 
1000 501 4.46989 8.57637 0.89345 3.79681 
1000 502 5.15401 3.5802 0.769312 3.89953 
1000 503 2.51337 6.70305 4.37961 5.13764 
1000 504 9.41373 8.64748 1.04378 8.8224 
1000 505 8.71969 7.55643 1.36712 7.52935 
1000 506 5.72256 4.48607 7.0548 3.22083 
1000 507 5.60403 8.73523 4.69067 1.45112 
1000 508 7.8635 3.04381 5.35985 5.31804 
1000 509 5.45986 4.72865 3.03383 6.68344 
1000 510 1.53107 4.78464 7.59629 6.93986 
1000 511 4.10033 4.16755 0.495778 3.51744 
1000 512 4.46431 4.48943 2.10408 4.7385 
1000 513 3.75977 3.79403 2.77973 6.98752 
1000 514 5.16427 4.90695 2.30813 4.82973 
1000 515 4.70178 2.83094 3.82232 4.80868 
1000 516 6.69761 9.06041 3.45433 9.07599 
1000 517 4.44352 3.84503 0.562575 3.65314 
1000 518 7.4227 1.63065 7.22381 8.84416 
1000 519 4.01497 8.45229 3.56903 6.26045 
1000 520 5.37908 5.21702 2.39582 4.86273 
1000 521 5.54789 4.30869 0.585611 5.21988 
1000 522 6.12947 5.37433 2.88956 5.5063 
1000 523 1.81547 5.25063 5.86405 3.52045 
1000 524 7.6393 6.23047 1.0419 2.60381 
1000 525 8.34528 9.43551 3.60351 2.29617 
1000 526 3.8071 3.73752 2.3423 6.7595 
1000 527 7.90838 2.35782 4.40122 7.59718 
1000 528 7.73951 2.36216 2.82604 5.23148 
1000 529 4.89772 2.07955 5.03733 5.63077 
1000 530 2.23195 5.64359 6.7219 7.37908 
1000 531 4.66217 4.88936 0.550886 3.64482 
1000 532 6.76468 7.99581 3.00369 7.05972 
1000 533 6.35868 3.6326 1.52183 4.22978 
1000 534 3.68975 6.67734 0.780011 6.15932 
1000 535 8.31503 8.45785 5.26061 6.39506 
1000 536 5.64841 5.18661 2.56418 5.13553 
1000 537 3.98015 5.18473 0.60374 4.29595 
1000 538 5.50973 5.31185 3.85894 2.03096 
1000 539 5.48194 6.61055 2.74522 6.40963 
1000 540 5.2257 2.612 5.31093 5.53266 
1000 541 3.00354 3.86872 1.28302 4.06035 
1000 542 8.04305 6.30271 5.4252 6.53393 
1000 543 2.40317 4.0239 4.14071 5.76973 
1000 544 3.96683 5.04891 0.582627 4.20477 
1000 545 6.63398 8.04544 2.80925 8.32219 
1000 546 5.06449 3.76296 2.55992 3.34896 
1000 547 3.99908 3.99994 0.499511 3.50099 
1000 548 4.27464 3.89052 0.548385 3.59274 
1000 549 2.23111 5.64012 6.7161 7.3773 
1000 550 4.03944 0.847063 7.42036 1.43841 
1000 551 9.17071 5.91894 5.6173 4.71075 
1000 552 7.54659 3.28591 2.09494 4.39444 
1000 553 3.00645 3.81213 4.73255 4.59732 
1000 554 4.46989 8.57627 0.893534 3.79687 
1000 555 2.86057 3.91668 2.01591 4.1641 
1000 556 9.63621 2.74606 5.4831 9.72395 
1000 557 3.99904 4.00067 0.499803 3.49921 
1000 558 3.24252 5.59319 3.20639 2.3605 
1000 559 9.53448 3.2074 7.90337 8.06153 
1000 560 5.31384 3.94133 4.03301 3.79647 
1000 561 6.84468 8.14777 3.01588 7.17447 
1000 562 5.3438 3.98159 1.26823 3.09491 
1000 563 2.45849 4.04872 7.04024 2.25077 
1000 564 5.18883 7.03516 4.26534 2.80622 
1000 565 4.589 5.63051 2.63961 5.84614 
1000 566 3.99949 3.99941 0.500633 3.5009 
1000 567 7.48919 2.35252 3.104 2.79271 
1000 568 2.64561 5.5477 2.32392 2.6151 
1000 569 5.19293 6.55163 4.78858 4.43013 
1000 570 6.49559 4.06777 0.814201 7.73342 
1000 571 4.39755 4.78217 5.12567 7.30474 
1000 572 3.74447 4.97122 4.71699 1.52798 
1000 573 6.11044 8.78037 0.872618 7.18926 
1000 574 2.33335 4.69567 4.66261 8.66455 
1000 575 8.5879 8.19307 7.23653 4.15583 
1000 576 5.52573 8.04484 4.21831 1.54394 
1000 577 2.21064 6.57625 8.54496 8.41268 
1000 578 7.73458 6.14457 2.88659 1.95663 
1000 579 2.19011 7.50288 4.87568 8.72932 
1000 580 5.99416 8.47966 6.7454 3.07011 
1000 581 8.59599 8.5988 9.02676 5.32595 
1000 582 5.55797 3.48539 0.993691 3.95776 
1000 583 4.44913 6.33297 2.77674 6.98057 
1000 584 5.60782 6.74574 2.74355 6.50285 
1000 585 6.85015 4.06272 0.858638 8.22468 
1000 586 8.07753 2.45398 7.38747 4.90811 
1000 587 6.71923 8.19295 2.36086 4.29108 
1000 588 3.93657 8.58748 3.11295 6.67629 
1000 589 4.45622 8.56414 0.914614 3.80618 
1000 590 5.79202 4.75358 5.3697 9.67816 
1000 591 1.71035 5.28758 6.11605 3.55694 
1000 592 7.64229 5.39394 1.60228 5.17884 
1000 593 9.06805 8.10741 4.18072 2.02458 
1000 594 3.06067 10.1362 4.21861 8.03862 
1000 595 4.1905 2.85732 4.59484 7.9867 
1000 596 1.23778 0.917459 2.27312 1.32958 
1000 597 5.52579 7.22775 4.73547 2.81051 
1000 598 4.53494 3.81719 0.5741 3.68862 
1000 599 4.96525 4.34396 5.06159 3.64644 
1000 600 3.48693 5.03586 2.64737 4.71881 
1000 601 4.09293 3.93431 0.73118 3.66701 
1000 602 4.8776 3.84311 7.83111 8.38215 
1000 603 5.68595 4.72722 3.15633 7.04512 
1000 604 4.29371 6.9427 3.62645 7.7337 
1000 605 1.62286 1.26365 7.45948 1.33551 
1000 606 8.80744 1.32125 6.34812 4.34035 
1000 607 3.97827 4.03683 0.59877 3.43056 
1000 608 6.17234 7.76808 5.14673 7.85735 
1000 609 4.52778 9.51211 7.46271 3.48141 
1000 610 4.69938 2.84048 3.80881 4.80171 
1000 611 8.21956 8.16168 8.491 5.07904 
1000 612 3.75467 5.4615 1.40524 8.19477 
1000 613 5.13984 3.5217 0.734467 3.99176 
1000 614 7.99511 8.05875 4.28204 3.69413 
1000 615 4.19718 8.14788 3.20781 6.0894 
1000 616 9.46016 5.45321 1.48734 7.68438 
1000 617 4.04093 4.39149 1.90846 4.67867 
1000 618 7.12849 2.33293 5.05831 1.27922 
1000 619 4.40086 5.42428 2.32856 2.54625 
1000 620 2.85553 5.34848 0.593439 3.90138 
1000 621 4.87703 1.64753 6.01659 6.48548 
1000 622 6.01879 8.50441 0.866129 6.95624 
1000 623 1.62792 1.65777 6.29948 0.986641 
1000 624 7.94744 9.75538 3.67409 8.47488 
1000 625 7.73 9.24256 1.21876 7.1894 
1000 626 4.45341 6.38034 2.79175 7.05377 
1000 627 6.75252 7.18495 0.973074 1.76553 
1000 628 9.55206 5.57511 1.57539 7.80461 
1000 629 8.74666 6.44589 8.84424 3.37172 
1000 630 1.62589 1.267 7.45274 1.3317 
1000 631 4.85091 3.83739 1.9526 3.22567 
1000 632 6.39114 5.47145 7.56812 7.80314 
1000 633 5.22468 5.60782 6.92949 7.54403 
1000 634 4.0012 4.00015 0.499969 3.50125 
1000 635 9.43222 3.54569 3.34834 4.18121 
1000 636 8.24219 4.54345 1.97097 5.24875 
1000 637 4.80418 2.65379 4.24774 4.99967 
1000 638 8.89927 3.58147 7.69839 5.07308 
1000 639 8.62872 9.85431 2.10307 7.86107 
1000 640 8.29336 6.75795 3.62382 1.94595 
1000 641 4.14127 4.00413 0.677894 3.3269 
1000 642 1.39522 0.979063 2.66006 1.23647 
1000 643 3.84963 3.32085 0.60954 6.2795 
1000 644 3.17591 4.30125 7.12791 5.73813 
1000 645 1.59114 1.75217 5.35914 0.830348 
1000 646 5.08818 4.15395 0.534742 4.39715 
1000 647 4.14147 6.8404 2.83027 2.2165 
1000 648 6.2932 4.04278 4.88965 4.09269 
1000 649 3.74341 4.84166 2.39376 4.77031 
1000 650 5.42672 3.23568 0.778707 4.37103 
1000 651 8.31173 3.23684 1.59017 8.90247 
1000 652 4.63649 7.19993 1.06243 3.36864 
1000 653 3.99959 4.00072 0.500395 3.50026 
1000 654 7.82741 7.77081 6.90327 3.93986 
1000 655 3.94238 4.3502 0.520142 3.80791 
1000 656 2.39588 4.03486 7.91695 8.98353 
1000 657 9.43391 10.6025 6.57257 4.07583 
1000 658 2.83048 9.20662 6.61179 5.25379 
1000 659 1.8242 7.00897 3.16738 2.53823 
1000 660 1.68274 1.35194 7.27523 1.23581 
1000 661 6.827 2.06204 1.77339 8.20917 
1000 662 5.36464 7.21396 4.35632 6.74756 
1000 663 5.82977 4.58561 4.73067 9.13714 
1000 664 8.8208 6.81329 6.83464 7.34869 
1000 665 4.59696 3.92195 1.38315 3.11326 
1000 666 2.42683 3.99343 4.42141 6.04057 
1000 667 5.28715 5.10536 2.35448 4.83397 
1000 668 7.82231 3.78772 4.24569 2.29195 
1000 669 1.65147 1.29722 7.39545 1.29645 
1000 670 4.16992 3.8754 0.949778 3.83568 
1000 671 4.23192 9.06674 3.74608 2.11814 
1000 672 3.23091 9.74939 3.80092 7.69901 
1000 673 2.28235 3.39771 4.5766 6.57968 
1000 674 5.70681 3.0571 0.896889 1.94491 
1000 675 3.72057 4.23219 1.27139 2.97666 
1000 676 4.54372 6.40215 5.6479 3.57375 
1000 677 2.81698 5.06101 7.29723 5.17442 
1000 678 5.71389 2.73487 8.09412 1.83212 
1000 679 1.25073 1.14064 5.40644 2.86642 
1000 680 5.06913 3.80521 3.66292 3.70981 
1000 681 8.10508 6.19386 4.49968 7.32826 
1000 682 8.87554 7.4906 4.52513 1.85642 
1000 683 3.47601 6.92766 4.86319 1.88769 
1000 684 5.86444 6.99732 0.756212 5.4962 
1000 685 4.56365 8.68119 3.82661 6.48793 
1000 686 3.18092 4.60016 1.17714 7.04407 
1000 687 1.58888 1.75257 5.33652 0.828185 
1000 688 7.85437 9.52933 1.47911 7.41514 
1000 689 6.39872 7.69593 2.74215 7.69839 
1000 690 8.75837 3.35354 4.07248 5.99154 
1000 691 5.34596 2.64509 5.55203 5.67099 
1000 692 4.2412 7.772 3.48813 3.48809 
1000 693 7.73972 2.36143 2.8278 5.23114 
1000 694 2.1767 6.1557 6.11064 1.94995 
1000 695 2.64581 5.98289 5.18307 1.78074 
1000 696 6.84824 8.20339 3.01547 7.23308 
1000 697 2.70353 8.33259 6.009 2.01866 
1000 698 5.81899 4.45808 7.16236 3.24831 
1000 699 2.38562 4.28743 6.38233 9.45832 
1000 700 8.3766 4.04283 4.77879 2.11485 
1000 701 4.68312 2.87601 3.72986 4.77156 
1000 702 4.11474 3.92407 0.712293 3.66859 
1000 703 7.37152 1.63856 7.13783 8.77258 
1000 704 6.33977 2.45054 3.72454 6.80832 
1000 705 4.57699 3.929 1.34661 3.10974 
1000 706 2.3142 7.96834 7.22639 8.00103 
1000 707 8.96631 5.63974 5.39932 4.70941 
1000 708 5.88274 4.5445 3.82148 8.13897 
1000 709 3.73987 6.58281 0.766873 6.01465 
1000 710 5.92941 8.17896 0.856464 6.67557 
1000 711 7.93282 3.87372 4.07857 4.8902 
1000 712 5.23935 2.61463 5.34165 5.54837 
1000 713 3.83733 6.39579 0.751537 5.70648 
1000 714 2.18871 7.49782 4.87301 8.73544 
1000 715 6.9931 8.14233 2.75702 8.80428 
1000 716 9.52706 4.66143 2.5904 6.86182 
1000 717 5.02847 3.76986 2.86485 3.51495 
1000 718 3.95694 4.06529 0.521081 3.69944 
1000 719 8.07957 6.32739 5.46083 6.59842 
1000 720 4.96821 7.67168 2.95235 8.93325 
1000 721 4.99555 2.58587 4.7971 5.25302 
1000 722 5.50155 6.33318 0.908778 2.10607 
1000 723 6.21876 8.94354 7.7243 3.2801 
1000 724 3.33869 4.26136 3.91317 7.54406 
1000 725 3.29121 5.78056 3.47859 2.29514 
1000 726 5.00751 6.45574 4.99256 5.12327 
1000 727 9.01134 3.16298 7.23075 7.63943 
1000 728 2.91291 3.71253 4.24845 4.47945 
1000 729 7.11563 8.55725 3.05884 2.55884 
1000 730 3.99191 4.03608 0.601044 3.42717 
1000 731 3.32475 7.39898 0.924821 7.08865 
1000 732 6.4773 2.20016 1.0258 6.07066 
1000 733 4.90217 7.52163 2.92834 8.70446 
1000 734 8.14761 1.99653 3.00409 3.42859 
1000 735 1.50008 4.86029 7.81365 8.01706 
1000 736 3.99017 4.01236 0.503585 3.53381 
1000 737 6.00271 4.42359 7.43541 3.26922 
1000 738 1.81592 5.24962 5.86458 3.52106 
1000 739 5.4862 6.86083 5.10458 4.55264 
1000 740 6.60022 8.41587 3.00163 8.63636 
1000 741 4.5673 8.30719 7.20621 6.45646 
1000 742 3.63106 3.782 7.49638 5.33096 
1000 743 2.46232 4.00026 6.73513 7.93105 
1000 744 4.12307 7.63809 4.77707 8.2544 
1000 745 5.04184 5.10959 6.09911 7.42401 
1000 746 3.1295 5.12541 2.35155 2.5327 
1000 747 6.07549 7.27024 4.83503 2.63115 
1000 748 6.35639 5.45969 3.06733 5.67936 
1000 749 7.64408 5.39514 1.60174 5.17852 
1000 750 1.66607 7.54669 3.42357 2.40402 
1000 751 7.21295 3.68984 3.86927 2.53095 
1000 752 5.52044 3.1652 0.929285 4.5676 
1000 753 1.64745 1.5257 6.64168 1.10467 
1000 754 1.83506 5.26624 5.87222 3.52493 
1000 755 7.50933 7.60339 7.82328 4.71101 
1000 756 3.59957 4.31997 1.44334 2.87065 
1000 757 3.99924 3.99983 0.499884 3.49987 
1000 758 2.79487 4.87588 1.09629 7.52989 
1000 759 4.88254 6.48765 8.14826 7.70338 
1000 760 2.96454 4.73212 7.33903 4.99619 
1000 761 3.32066 4.65496 1.74468 2.69102 
1000 762 7.73974 2.36275 2.82599 5.2312 
1000 763 4.05976 4.32591 1.79284 4.6203 
1000 764 9.28477 10.5319 6.34791 4.19713 
1000 765 4.27158 7.77817 2.69183 5.80593 
1000 766 6.92002 5.9967 0.887524 3.02782 
1000 767 6.45215 2.97618 1.88212 3.77468 
1000 768 8.02338 3.73553 4.23211 2.20552 
1000 769 9.50156 6.18287 6.30673 6.78265 
1000 770 4.70551 2.8275 3.83827 4.81303 
1000 771 4.00061 3.9998 0.500577 3.49932 
1000 772 3.55156 4.35637 1.5073 2.83234 
1000 773 4.30341 4.45086 1.75848 7.24366 
1000 774 3.99943 4.00053 0.501061 3.49998 
1000 775 6.48924 5.50934 3.18088 5.776 
1000 776 4.04384 4.38353 1.89753 4.67513 
1000 777 7.08482 2.37468 4.18363 7.21212 
1000 778 7.93261 5.91012 7.9193 3.28951 
1000 779 7.80515 3.23823 4.56423 5.20486 
1000 780 2.43007 8.33064 7.79082 8.51617 
1000 781 6.45884 2.12557 5.62743 3.22262 
1000 782 3.85534 3.91463 1.59371 6.06322 
1000 783 3.16543 4.20477 5.9568 4.89812 
1000 784 8.37923 2.22787 1.27772 7.25569 
1000 785 5.86439 2.88109 0.813478 4.87206 
1000 786 6.47571 2.19952 1.02481 6.06732 
1000 787 6.95564 8.06589 5.44001 2.60954 
1000 788 4.452 6.28525 2.75625 6.90488 
1000 789 7.30872 3.38267 3.05471 4.80239 
1000 790 7.45367 6.11131 0.912621 3.34099 
1000 791 3.30872 8.30664 6.31076 5.74479 
1000 792 6.36031 5.44944 7.60851 7.84431 
1000 793 8.15721 3.00857 2.13748 4.67034 
1000 794 2.21526 5.76464 6.9363 7.48117 
1000 795 4.06477 4.30043 1.73925 4.58886 
1000 796 9.20829 7.76443 5.10479 1.75471 
1000 797 4.37046 4.03342 1.01784 3.16097 
1000 798 5.55641 3.11932 0.794003 4.5274 
1000 799 3.99958 4.00099 0.499879 3.49973 
1000 800 6.34055 2.45224 3.72572 6.80917 
1000 801 8.71296 4.83086 5.81167 9.02458 
1000 802 4.00039 3.99961 0.49991 3.50086 
1000 803 6.35002 6.01166 5.67482 8.32628 
1000 804 8.82515 9.24663 2.44063 5.81162 
1000 805 7.43919 8.3289 1.52117 5.92317 
1000 806 3.99979 3.99899 0.499994 3.49862 
1000 807 8.25984 8.24779 8.63558 5.25873 
1000 808 6.75901 5.90044 7.57154 3.19979 
1000 809 7.68929 3.58115 5.67897 3.67243 
1000 810 5.05902 3.94367 3.96203 3.75039 
1000 811 3.25776 8.55584 6.67959 6.04088 
1000 812 3.99984 3.99942 0.500839 3.49959 
1000 813 5.95254 7.20412 4.69718 2.68775 
1000 814 1.6495 1.61324 6.38535 1.01998 
1000 815 4.60863 6.90589 2.88129 7.80966 
1000 816 6.04335 7.25324 4.80468 2.64204 
1000 817 8.31668 9.81563 1.88354 7.74225 
1000 818 5.02097 4.05443 4.23853 3.74928 
1000 819 4.79661 5.0157 5.66786 7.36426 
1000 820 7.06646 5.45334 7.15298 9.42968 
1000 821 4.31708 3.02782 1.82444 3.80123 
1000 822 3.94236 4.08489 0.538958 3.84251 
1000 823 6.01788 4.33093 0.68103 6.23303 
1000 824 3.16347 4.23328 6.02354 4.9108 
1000 825 3.90595 4.01031 1.31294 5.47899 
1000 826 5.565 3.13783 1.02239 4.66715 
1000 827 0.933362 1.53166 4.37641 2.39961 
1000 828 6.47612 2.1999 1.02439 6.0661 
1000 829 2.48182 4.51735 5.45307 8.83229 
1000 830 5.01364 6.96426 4.05353 2.80973 
1000 831 4.00039 4.00028 0.500048 3.50027 
1000 832 5.36756 8.36096 5.38296 7.29124 
1000 833 6.71088 5.37798 6.77186 3.35169 
1000 834 0.998934 0.998793 0.499887 1.49931 
1000 835 12.9545 12.7861 12.8535 7.54393 
1000 836 2.19732 6.36945 8.12124 8.11557 
1000 837 9.63943 4.06504 6.00588 5.46251 
1000 838 8.32729 6.80411 3.65807 1.96346 
1000 839 7.03935 3.45823 1.90464 4.42178 
1000 840 1.41205 0.986786 2.70107 1.22654 
1000 841 0.999579 0.99946 0.501615 1.49956 
1000 842 8.84822 6.85669 6.96817 7.48654 
1000 843 1.5254 4.78264 7.60114 6.94328 
1000 844 2.80484 3.9181 2.46991 4.12284 
1000 845 6.23525 7.98499 5.33473 8.13462 
1000 846 7.50958 7.60329 7.8229 4.71129 
1000 847 4.55994 3.93717 1.31704 3.11191 
1000 848 6.89267 4.44341 2.11891 4.66418 
1000 849 2.05426 2.70093 5.16105 7.69219 
1000 850 1.43037 0.999169 2.7493 1.21456 
1000 851 5.4455 2.67619 5.73887 5.78235 
1000 852 4.08454 6.35182 1.17602 4.80023 
1000 853 5.35081 5.13967 5.79212 7.79838 
1000 854 2.35822 7.05433 5.88228 6.90678 
1000 855 4.65095 6.99578 2.88444 7.93529 
1000 856 4.33965 4.12446 1.06955 3.04224 
1000 857 6.61984 5.55811 3.29677 5.8691 
1000 858 3.96243 5.00018 0.575519 4.17284 
1000 859 7.31183 8.89259 1.24052 6.8497 
1000 860 3.14224 8.47179 8.89681 4.7684 
1000 861 4.07402 5.94379 0.88338 4.7316 
1000 862 9.56004 2.09079 4.66511 8.8086 
1000 863 8.78354 9.60153 6.60799 6.96324 
1000 864 4.65184 5.70941 2.6717 5.8786 
1000 865 4.20492 8.06773 7.83295 4.39646 
1000 866 7.37112 1.63785 7.13661 8.77304 
1000 867 7.85323 2.64038 3.3917 10.3585 
1000 868 0.972657 0.938836 1.18519 1.50422 
1000 869 3.99932 3.99992 0.49919 3.50069 
1000 870 8.18855 6.1007 8.2226 3.34337 
1000 871 5.92584 8.85838 9.04243 4.42909 
1000 872 4.00035 3.99899 0.499033 3.49886 
1000 873 6.41519 4.32441 1.97496 4.40226 
1000 874 4.45431 3.95957 0.836014 3.38343 
1000 875 5.68603 4.80347 5.48508 9.75847 
1000 876 7.26683 3.70287 7.36021 1.43529 
1000 877 1.7057 8.56877 7.31983 1.38568 
1000 878 4.23961 8.22233 3.30275 6.14898 
1000 879 4.58322 9.43143 5.85485 3.99641 
1000 880 3.99939 4.0002 0.501177 3.5006 
1000 881 8.31051 3.91805 1.89207 5.9479 
1000 882 4.06175 4.29973 1.7406 4.58761 
1000 883 4.99769 3.78266 2.42125 3.34224 
1000 884 2.70329 1.19962 4.87353 1.14453 
1000 885 7.07875 6.0446 0.877673 3.3009 
1000 886 5.06256 3.89443 3.84856 3.74051 
1000 887 6.35923 3.63267 1.52248 4.23034 
1000 888 7.91871 3.74928 6.62931 4.99993 
1000 889 1.81403 9.46143 7.53542 2.6412 
1000 890 7.98626 3.20984 2.33646 4.32825 
1000 891 9.8737 5.29835 1.1176 8.32653 
1000 892 5.92616 8.8568 9.04606 4.4273 
1000 893 4.3411 2.97826 1.91558 3.81862 
1000 894 2.16493 1.65271 5.69539 8.23939 
1000 895 3.92982 9.62771 3.6849 7.56805 
1000 896 7.64239 5.39387 1.60297 5.17961 
1000 897 4.40753 4.92489 2.00429 2.64149 
1000 898 5.92626 8.85875 9.04253 4.42873 
1000 899 4.17671 3.81681 0.653212 3.58499 
1000 900 9.34503 4.90966 6.9717 9.94252 
1000 901 8.68299 6.40587 2.07492 5.91507 
1000 902 7.39537 5.78223 3.97288 6.48226 
1000 903 9.53822 6.04947 5.38092 8.46799 
1000 904 2.56843 8.51468 6.19868 2.09039 
1000 905 7.46707 2.33546 0.898381 5.6878 
1000 906 6.14981 2.1244 7.30462 6.73759 
1000 907 2.52696 3.97659 3.57818 5.22809 
1000 908 4.31758 2.97441 1.90898 3.80002 
1000 909 8.41987 3.05244 6.39363 6.97456 
1000 910 7.10651 8.40303 3.21382 7.27069 
1000 911 3.96969 6.1047 0.766525 5.17504 
1000 912 12.3702 11.9584 11.5543 12.3217 
1000 913 3.58729 5.02116 2.42368 4.90011 
1000 914 2.43015 8.33079 7.79093 8.51624 
1000 915 3.81629 8.30363 3.13251 1.92918 
1000 916 2.24304 5.48606 6.46701 7.27695 
1000 917 5.54717 5.47662 0.687403 3.61553 
1000 918 8.73432 9.25283 2.4382 5.95481 
1000 919 4.49943 4.37326 2.0139 4.57809 
1000 920 11.0629 11.1722 12.7661 12.1308 
1000 921 7.83566 6.18838 9.31708 2.58022 
1000 922 2.46104 3.99131 6.99725 2.22106 
1000 923 5.304 8.88267 5.47008 7.6548 
1000 924 3.93575 4.03511 0.975194 5.29341 
1000 925 4.00078 3.99924 0.498424 3.50033 
1000 926 4.72552 6.84035 3.64485 2.80001 
1000 927 2.67912 4.99794 1.0668 7.6906 
1000 928 3.90866 4.11613 1.3178 6.02048 
1000 929 2.44195 8.60645 8.01039 8.95381 
1000 930 4.25254 7.46053 4.76249 8.47876 
1000 931 2.20633 2.6695 6.25028 5.68449 
1000 932 5.91881 9.76801 8.44226 11.3851 
1000 933 5.07107 4.46676 5.74443 3.41309 
1000 934 7.64422 5.39486 1.60179 5.17925 
1000 935 9.74191 3.21496 8.18941 8.23496 
1000 936 3.43991 6.66241 4.50225 1.99497 
1000 937 6.1673 2.85611 4.72887 3.00011 
1000 938 3.98831 4.0148 0.504377 3.54143 
1000 939 4.41745 4.61319 1.79457 7.47243 
1000 940 4.4741 6.16453 2.79068 2.43494 
1000 941 2.1534 6.97021 7.79461 3.94697 
1000 942 5.68362 8.06508 3.95963 1.62013 
1000 943 7.13429 5.47409 7.22375 9.46458 
1000 944 2.42101 1.64886 3.88614 6.13075 
1000 945 6.44328 4.08506 0.803601 7.5112 
1000 946 6.19739 7.3328 4.93258 2.59765 
1000 947 4.05301 4.3528 1.84752 4.6519 
1000 948 3.75466 5.4615 1.40525 8.19477 
1000 949 6.1671 8.9947 7.68573 3.21367 
1000 950 9.43724 4.67219 2.55339 6.85638 
1000 951 6.72296 4.3796 2.09028 4.54286 
1000 952 2.31438 7.9689 7.22657 8.00244 
1000 953 1.89914 5.37633 4.60814 3.8534 
1000 954 4.0705 7.04298 2.85292 2.14253 
1000 955 7.98863 3.14407 5.62617 6.06324 
1000 956 4.26575 7.80617 2.73506 5.83091 
1000 957 3.1861 8.79168 7.01702 6.34223 
1000 958 2.82853 5.76193 8.15183 5.56684 
1000 959 6.65767 2.24045 1.19749 6.64332 
1000 960 8.2286 9.15155 4.86283 3.80072 
1000 961 4.06922 8.74718 3.44661 2.03678 
1000 962 4.00816 3.99992 0.509617 3.49044 
1000 963 1.5572 5.61504 7.39375 3.57018 
1000 964 3.93554 7.89369 3.01559 1.98606 
1000 965 9.72793 7.72307 7.20266 8.65883 
1000 966 4.85214 7.42205 2.91729 8.55467 
1000 967 4.47837 4.64136 2.20351 4.9237 
1000 968 2.84572 4.82519 1.11032 7.46665 
1000 969 4.00081 3.99904 0.500549 3.4991 
1000 970 2.26645 4.779 5.418 6.77712 
1000 971 5.96461 2.65814 7.35607 1.99802 
1000 972 3.318 7.48911 5.26425 5.19004 
1000 973 5.29352 4.74476 2.92734 6.4226 
1000 974 6.90863 5.87356 2.02613 2.2203 
1000 975 8.53275 3.07845 6.59383 7.16349 
1000 976 7.80199 4.90734 4.71416 8.16635 
1000 977 3.99512 4.03678 0.602747 3.43134 
1000 978 5.28122 5.48162 7.06926 10.6887 
1000 979 7.43017 3.42541 3.28562 4.84542 
1000 980 3.89271 4.06246 0.665408 4.65421 
1000 981 7.63421 7.93426 1.03409 2.88147 
1000 982 6.73548 2.21188 1.37734 7.17106 
1000 983 4.32097 3.94065 1.54867 4.19082 
1000 984 8.83793 3.35936 2.89196 4.12863 
1000 985 6.76295 5.06662 7.06165 9.0843 
1000 986 8.14529 6.54587 3.43961 1.92543 
1000 987 6.99129 2.24615 5.24371 7.90124 
1000 988 3.99965 3.99935 0.500952 3.50026 
1000 989 3.05166 3.94715 1.28512 4.01956 
1000 990 7.06932 2.37523 4.17926 7.20565 
1000 991 5.97598 3.3378 1.32087 3.9637 
1000 992 4.4705 4.47857 2.09677 4.72291 
1000 993 5.95056 3.5195 3.85912 2.92216 
1000 994 5.24593 7.05028 4.31944 2.79782 
1000 995 4.00003 4.00015 0.500119 3.50071 
1000 996 3.62471 4.05285 0.672472 3.73054 
1000 997 4.06112 4.29892 1.74195 4.5912 
1000 998 5.53208 6.19296 2.178 9.2771 
1000 999 6.46428 7.7647 2.74517 7.84133 
1000 1000 5.36544 7.21424 4.3568 6.74723 
1000 1001 5.81787 6.43305 5.92752 1.82088 
1000 1002 4.09262 3.93362 0.731518 3.66706 
1000 1003 3.3893 8.22117 7.98898 1.49602 
1000 1004 3.44566 4.18137 3.75596 7.43222 
1000 1005 9.22892 6.36917 5.06565 8.33582 
1000 1006 7.85794 5.83939 7.82326 3.26557 
1000 1007 5.27604 3.38248 0.751631 4.17187 
1000 1008 5.59873 5.49734 0.694841 3.60566 
1000 1009 3.37748 6.14978 3.95629 2.16145 
1000 1010 7.2135 8.62214 3.12019 2.51675 
1000 1011 7.11354 4.84589 4.14383 7.91272 
1000 1012 2.57389 8.52512 1.05104 8.72635 
1000 1013 3.43869 3.94941 7.23736 5.2951 
1000 1014 7.7531 9.33156 1.51646 7.28089 
1000 1015 3.71177 4.18739 3.79998 7.27885 
1000 1016 5.94397 8.07274 6.17995 3.03632 
1000 1017 1.94883 3.84299 2.34391 5.41196 
1000 1018 8.24223 4.54337 1.971 5.24875 
1000 1019 5.68477 6.64376 0.712414 5.18614 
1000 1020 3.80941 3.73611 2.33169 6.7544 
1000 1021 6.0863 7.83826 2.46546 3.04587 
1000 1022 0.991238 0.997037 0.550686 1.50345 
1000 1023 5.64763 2.78673 6.14127 6.01072 
1000 1024 5.4985 6.77115 6.84906 5.79818 
1000 1025 5.95594 7.20537 4.69973 2.68615 
1000 1026 2.87645 3.91356 1.92582 4.14603 
1000 1027 1.54851 2.95468 7.49561 5.97097 
1000 1028 6.59535 8.67316 3.18137 8.81594 
1000 1029 3.45626 3.83873 4.62505 8.56074 
1000 1030 5.6932 3.00656 0.802086 4.6804 
1000 1031 5.82439 7.56877 2.31368 3.18202 
1000 1032 2.9318 5.95383 1.73513 2.50396 
1000 1033 3.99912 4.00054 0.500347 3.50063 
1000 1034 4.49121 4.64581 2.21962 4.95151 
1000 1035 5.36453 7.21394 4.35627 6.74769 
1000 1036 5.678 4.07261 4.43853 3.85511 
1000 1037 7.28506 8.31585 2.76846 9.22158 
1000 1038 8.12368 1.48123 4.22932 5.36746 
1000 1039 7.64433 5.39493 1.60193 5.17821 
1000 1040 4.77432 2.70463 4.1322 4.93992 
1000 1041 3.87986 4.35539 4.19072 7.28342 
1000 1042 8.4832 7.12493 4.98086 8.06933 
1000 1043 3.3429 4.25861 3.90867 7.54036 
1000 1044 7.23396 8.5098 5.72602 2.50871 
1000 1045 5.97387 2.65452 7.30021 2.01651 
1000 1046 7.60569 3.38681 3.74921 4.96805 
1000 1047 5.56423 6.36305 0.69565 4.88724 
1000 1048 5.12341 3.53602 0.732061 3.97453 
1000 1049 5.24355 4.75128 2.89322 6.34476 
1000 1050 5.7714 2.89892 6.40965 6.15837 
1000 1051 6.0827 4.71294 0.627537 6.23019 
1000 1052 7.98047 7.24313 3.87885 3.73426 
1000 1053 4.75558 3.86844 1.7154 3.1697 
1000 1054 4.47342 5.2245 2.23622 5.63651 
1000 1055 3.99975 4.00082 0.499736 3.49982 
1000 1056 2.49628 2.37845 2.73666 5.16633 
1000 1057 3.75667 5.46272 1.4015 8.19526 
1000 1058 6.59423 7.89099 2.74251 8.12606 
1000 1059 8.25712 3.96379 1.93503 5.88211 
1000 1060 3.29509 5.79642 3.50183 2.28936 
1000 1061 4.68766 2.86658 3.75146 4.77984 
1000 1062 6.3443 7.35966 2.08542 4.07586 
1000 1063 9.43783 4.67119 2.55261 6.85591 
1000 1064 2.066 6.50556 7.37376 3.84513 
1000 1065 2.99175 9.00768 6.50162 5.22905 
1000 1066 4.57483 9.40107 6.02322 3.92099 
1000 1067 6.73799 2.20905 1.38697 7.19783 
1000 1068 8.52135 7.06504 1.50685 7.04828 
1000 1069 4.37004 4.03345 1.01885 3.16142 
1000 1070 4.00014 3.99963 0.500164 3.4976 
1000 1071 3.33694 7.24362 5.06643 1.88382 
1000 1072 4.71403 2.46756 2.81843 4.01547 
1000 1073 2.94182 8.05943 1.19028 7.74856 
1000 1074 1.50201 1.04652 2.92951 1.17001 
1000 1075 2.28525 8.86767 6.61714 2.25032 
1000 1076 3.9489 4.07651 0.529805 3.77155 
1000 1077 0.998964 1.00008 0.50101 1.49972 
1000 1078 2.83867 3.80164 3.2268 4.28794 
1000 1079 2.85528 3.91223 2.1116 4.17096 
1000 1080 7.83762 5.44079 1.62063 5.27277 
1000 1081 8.28593 3.23383 2.53905 4.24809 
1000 1082 3.85254 3.73051 1.89148 6.46862 
1000 1083 5.99018 5.64884 4.98659 7.59809 
1000 1084 5.20966 4.65433 6.55216 3.05448 
1000 1085 3.99862 4.00028 0.500365 3.49935 
1000 1086 8.82813 7.45711 4.41627 1.87922 
1000 1087 7.94087 6.67657 6.02001 7.28158 
1000 1088 7.89711 7.14171 6.73551 7.94635 
1000 1089 6.37283 3.09706 7.18074 6.6833 
1000 1090 8.07698 2.45403 7.38736 4.90781 
1000 1091 4.43125 6.41678 2.85155 7.13427 
1000 1092 5.66507 2.81492 6.18733 6.03224 
1000 1093 2.85153 5.84715 4.64213 1.97077 
1000 1094 4.22423 8.09062 3.12699 6.04757 
1000 1095 5.23784 3.91125 3.94925 3.77482 
1000 1096 6.18821 4.19081 0.743261 6.75816 
1000 1097 6.76697 2.15604 1.52787 7.57961 
1000 1098 7.64988 7.96968 4.30083 5.89528 
1000 1099 4.42047 5.95526 2.65878 2.47929 
1000 1100 2.00641 6.33033 7.21142 3.8109 
1000 1101 7.5095 7.60332 7.82301 4.7112 
1000 1102 4.87235 4.03413 0.536741 4.07375 
1000 1103 7.47561 2.7909 1.11033 6.45691 
1000 1104 5.50269 2.70479 5.8497 5.84667 
1000 1105 7.56454 6.10752 2.6983 1.99826 
1000 1106 4.33589 8.80959 3.8791 4.29722 
1000 1107 4.28297 4.7012 4.95456 7.29824 
1000 1108 6.8026 3.49513 2.04189 4.45837 
1000 1109 7.57206 6.10016 2.69996 1.9955 
1000 1110 2.77908 3.43293 4.52779 4.64643 
1000 1111 3.81766 3.73612 2.25311 6.70445 
1000 1112 2.20172 6.16997 2.8143 2.70235 
1000 1113 4.06423 4.30026 1.73779 4.58909 
1000 1114 4.47276 5.22211 2.23475 5.63682 
1000 1115 5.69448 4.34757 0.610269 5.51379 
1000 1116 5.94008 2.79557 6.22123 2.43635 
1000 1117 4.92025 3.81116 2.17721 3.28722 
1000 1118 4.6795 7.61233 6.24982 6.0509 
1000 1119 3.91078 4.1063 0.897678 3.22624 
1000 1120 4.46002 4.82373 2.04061 2.61052 
1000 1121 10.0017 3.33931 8.39645 8.4071 
1000 1122 8.76328 7.40871 4.29208 1.90342 
1000 1123 1.82937 5.81257 6.75077 3.70664 
1000 1124 7.82878 5.82337 4.25134 6.91085 
1000 1125 6.61694 4.01847 0.626667 3.4812 
1000 1126 3.82897 7.28676 1.87667 4.79638 
1000 1127 5.10297 3.77411 3.39964 3.66683 
1000 1128 6.75321 5.43164 6.88378 3.32641 
1000 1129 8.99238 8.05104 1.20122 8.07151 
1000 1130 4.38158 6.2921 2.83941 2.48878 
1000 1131 5.69648 5.2101 2.58737 5.16986 
1000 1132 3.15821 4.11501 5.72809 4.85114 
1000 1133 6.58105 8.23106 2.74869 2.78631 
1000 1134 3.12988 5.12607 2.35449 2.53219 
1000 1135 9.89751 6.20379 6.77381 7.10437 
1000 1136 3.46377 7.57922 6.79648 1.54438 
1000 1137 2.05773 9.56923 2.83496 9.1789 
1000 1138 3.62257 3.25675 0.7299 6.50563 
1000 1139 3.34229 0.93537 6.34884 1.4348 
1000 1140 5.25502 7.06162 4.3424 2.80202 
1000 1141 2.46898 9.5333 8.77958 9.84274 
1000 1142 3.88232 8.1626 3.08563 1.95612 
1000 1143 4.41922 3.95132 0.766033 3.42109 
1000 1144 3.50271 5.11313 2.43199 4.97099 
1000 1145 2.67483 3.92527 3.08235 3.69587 
1000 1146 7.70016 2.52438 3.13862 10.1711 
1000 1147 5.41961 3.60417 0.740981 3.85304 
1000 1148 6.04298 3.49347 8.02815 6.40384 
1000 1149 6.66162 4.81206 3.75555 7.79969 
1000 1150 4.45882 4.38682 2.03012 4.62057 
1000 1151 9.93184 3.70265 3.97359 4.41058 
1000 1152 7.64251 5.3942 1.60189 5.1787 
1000 1153 6.21573 3.17557 1.58513 3.89541 
1000 1154 7.80006 9.3004 1.14999 7.20605 
1000 1155 7.9794 5.65965 8.32815 5.99653 
1000 1156 5.90838 4.0209 4.56306 3.93231 
1000 1157 7.79487 7.79665 6.56343 3.64076 
1000 1158 4.44986 9.19419 4.72189 4.20032 
1000 1159 2.89302 9.09426 6.50113 5.25118 
1000 1160 3.93579 4.03611 0.975787 5.29308 
1000 1161 7.18451 4.72924 6.42272 5.04527 
1000 1162 9.43804 4.67123 2.5528 6.85589 
1000 1163 8.48321 6.31536 2.00669 5.92472 
1000 1164 7.09717 7.57265 3.66043 5.53365 
1000 1165 4.37198 4.03339 1.01839 3.16126 
1000 1166 4.19869 8.14514 3.20417 6.08754 
1000 1167 5.85336 6.94482 0.751195 5.44032 
1000 1168 3.07586 4.4892 6.56151 4.99757 
1000 1169 1.5326 2.27017 7.678 1.28583 
1000 1170 7.51009 7.60267 7.82486 4.71415 
1000 1171 8.66411 7.39179 5.12856 8.29294 
1000 1172 0.999927 1.0009 0.498879 1.49968 
1000 1173 2.63029 3.99148 3.14369 4.80143 
1000 1174 7.06159 5.92549 2.15525 2.15556 
1000 1175 2.65127 1.06694 4.99589 1.16395 
1000 1176 3.38189 4.53699 1.71156 2.72749 
1000 1177 7.83428 8.64767 1.87153 6.20351 
1000 1178 4.77681 6.85138 3.73922 2.79225 
1000 1179 8.17019 3.74728 6.91901 5.04529 
1000 1180 8.9252 6.12701 4.63287 7.73952 
1000 1181 7.64323 5.39473 1.60267 5.18034 
1000 1182 2.66883 3.8939 5.6197 2.15615 
1000 1183 3.99903 3.99976 0.500253 3.50029 
1000 1184 5.05453 3.95261 1.14278 3.18784 
1000 1185 3.99979 3.99961 0.49993 3.49857 
1000 1186 4.42261 6.45359 2.89076 7.21816 
1000 1187 3.91393 2.78794 2.01286 2.8507 
1000 1188 4.00066 3.99982 0.499099 3.49994 
1000 1189 2.31543 2.18615 3.69063 8.88719 
1000 1190 2.11787 2.86834 5.00501 7.44724 
1000 1191 7.7198 4.90645 4.65921 8.14022 
1000 1192 6.7878 5.50474 8.12385 8.10715 
1000 1193 2.33414 4.17925 4.53387 6.12025 
1000 1194 3.9411 2.95152 0.598422 7.61602 
1000 1195 5.92148 3.7823 0.667183 3.69537 
1000 1196 4.37544 4.2293 1.22976 2.95273 
1000 1197 4.41355 6.47429 2.92582 7.24365 
1000 1198 2.34765 1.16865 4.59095 1.05152 
1000 1199 4.00003 4.00007 0.501108 3.49954 
1000 1200 5.32955 6.62112 5.98072 5.43541 
1000 1201 2.26351 4.9142 5.60701 6.88739 
1000 1202 5.99615 7.40793 5.69441 4.93899 
1000 1203 4.40236 3.95705 0.796472 3.38774 
1000 1204 2.79771 4.87296 1.09707 7.52623 
1000 1205 6.47838 3.90335 4.92652 3.99034 
1000 1206 2.81119 8.17725 5.86073 1.97296 
1000 1207 6.13371 3.97204 4.69986 3.97405 
1000 1208 8.73867 6.76386 6.64554 7.29107 
1000 1209 0.999609 1.00001 0.499993 1.50064 
1000 1210 7.7333 8.52049 1.05443 2.68791 
1000 1211 8.42824 4.9113 5.36395 8.60299 
1000 1212 4.0006 3.99794 0.500132 3.50058 
1000 1213 8.41121 8.89592 7.83376 9.83483 
1000 1214 5.0261 3.77844 2.95187 3.54189 
1000 1215 6.45826 3.61136 1.58883 4.26585 
1000 1216 4.59356 9.39887 6.58028 3.74981 
1000 1217 4.68219 2.71914 6.0008 3.98553 
1000 1218 4.67771 2.68348 6.03654 4.00525 
1000 1219 7.37337 5.58268 7.33477 3.24488 
1000 1220 0.99056 0.996961 0.552964 1.50389 
1000 1221 6.56141 2.22782 1.0954 6.29917 
1000 1222 3.94764 4.7769 0.548341 4.03487 
1000 1223 5.63743 3.1033 1.23965 4.86498 
1000 1224 4.44032 6.52533 2.90266 7.3029 
1000 1225 6.10104 3.97172 4.67181 3.97007 
1000 1226 6.50562 4.32727 2.01538 4.42334 
1000 1227 6.17889 9.08625 7.81694 3.18815 
1000 1228 4.98753 7.72913 2.96456 9.01896 
1000 1229 6.79711 1.76758 7.03022 3.87999 
1000 1230 8.50887 6.58895 6.14215 6.99208 
1000 1231 4.22808 7.56739 2.40004 5.62634 
1000 1232 4.3733 4.03391 1.01718 3.1619 
1000 1233 8.83836 4.86708 1.40071 6.93165 
1000 1234 5.93393 2.808 6.14381 2.46864 
1000 1235 4.6894 5.05327 1.84832 8.0464 
1000 1236 3.61208 10.0071 7.90668 5.17754 
1000 1237 8.67009 3.10121 6.78966 7.33367 
1000 1238 6.36128 2.78514 0.781483 1.78155 
1000 1239 7.83462 8.64691 1.87045 6.20222 
1000 1240 1.63556 1.54428 4.16912 0.894774 
1000 1241 6.36057 3.63242 1.52235 4.23114 
1000 1242 9.25487 8.53756 7.69267 4.3276 
1000 1243 2.16695 6.07926 7.50843 7.74304 
1000 1244 4.29696 3.89511 1.43012 4.12261 
1000 1245 7.76357 9.54928 6.69419 3.72335 
1000 1246 1.71577 8.26965 6.36945 9.63884 
1000 1247 7.83471 8.64683 1.87033 6.20203 
1000 1248 3.09304 3.93913 5.18493 4.71795 
1000 1249 3.4498 6.59004 4.44849 2.00803 
1000 1250 4.38791 3.86042 0.557254 3.63242 
1000 1251 8.65229 8.71355 9.14403 5.43295 
1000 1252 3.79692 3.74239 2.43291 6.81121 
1000 1253 5.85425 3.13572 6.89871 6.26984 
1000 1254 5.59056 6.40623 0.699542 4.92647 
1000 1255 3.3048 7.4443 0.936919 7.13668 
1000 1256 6.31577 4.14853 1.63516 2.80783 
1000 1257 6.00904 5.48867 1.46872 2.61606 
1000 1258 4.89071 3.944 1.06147 3.24381 
1000 1259 5.38092 3.59379 0.742819 3.85839 
1000 1260 7.64315 5.39436 1.60204 5.17968 
1000 1261 7.95765 3.31485 3.55589 5.34717 
1000 1262 4.96398 4.32565 4.97818 3.66954 
1000 1263 9.36875 5.14065 1.24997 7.68557 
1000 1264 6.19803 5.72324 0.772064 3.44766 
1000 1265 7.84353 4.93982 7.27508 5.3102 
1000 1266 3.94616 4.749 0.5454 4.01818 
1000 1267 3.99986 4.00009 0.501483 3.49964 
1000 1268 5.71487 5.16232 4.07227 1.83152 
1000 1269 5.50057 3.16754 0.78668 4.4635 
1000 1270 4.58486 9.42549 6.01045 3.94399 
1000 1271 2.89353 3.68813 4.19834 4.47307 
1000 1272 3.02541 5.74282 1.84313 2.44047 
1000 1273 5.42531 6.0178 0.679395 4.49591 
1000 1274 5.30411 6.61517 5.89915 5.42531 
1000 1275 5.79573 2.70155 6.39514 6.17949 
1000 1276 5.28643 2.62536 5.4339 5.60271 
1000 1277 7.84392 9.63093 6.73543 3.83121 
1000 1278 3.99983 4.00088 0.500558 3.50143 
1000 1279 4.64048 6.75587 3.51134 2.75808 
1000 1280 5.77664 2.90683 6.42871 6.16597 
1000 1281 2.62457 6.84074 1.60488 2.43923 
1000 1282 7.59179 2.07671 3.17869 5.10315 
1000 1283 0.999126 1.0011 0.500477 1.50045 
1000 1284 4.09623 4.55575 4.64146 7.28592 
1000 1285 8.07722 2.45389 7.38789 4.90778 
1000 1286 4.91234 5.00278 5.92672 7.41663 
1000 1287 3.47998 4.42195 1.59063 2.78602 
1000 1288 1.8529 3.98196 7.27032 1.95073 
1000 1289 6.81195 5.63006 3.4762 5.99492 
1000 1290 4.20337 3.74811 0.684719 3.58689 
1000 1291 7.04046 8.54112 1.15766 6.50612 
1000 1292 6.43011 5.48715 3.12877 5.73441 
1000 1293 5.43478 6.05625 8.27687 8.36207 
1000 1294 3.84185 3.92268 0.708838 5.15016 
1000 1295 8.15881 7.00253 3.76786 3.85026 
1000 1296 3.78714 5.50402 1.41297 8.19431 
1000 1297 5.02193 5.05346 2.91933 2.29601 
1000 1298 2.43597 2.58791 2.06654 8.01114 
1000 1299 6.94143 3.444 2.31102 4.56204 
1000 1300 5.40892 3.9965 4.15566 3.80167 
1000 1301 4.31324 6.89237 3.59967 7.7413 
1000 1302 4.39016 6.56815 3.04847 7.39272 
1000 1303 6.47685 2.19996 1.02556 6.06983 
1000 1304 9.60381 6.44572 6.07128 4.79408 
1000 1305 6.26447 4.9122 0.647113 6.57062 
1000 1306 3.49304 5.12361 2.43387 4.97976 
1000 1307 5.53233 4.7207 3.08231 6.8048 
1000 1308 6.53769 3.60415 1.6359 4.2965 
1000 1309 8.72045 6.05634 4.50598 7.52772 
1000 1310 3.98255 8.44811 3.0355 6.54483 
1000 1311 4.86274 3.51576 8.36042 8.91748 
1000 1312 5.76615 6.91974 2.74705 6.62236 
1000 1313 7.36435 8.86665 3.24843 7.60888 
1000 1314 5.16095 6.54885 5.29273 5.2956 
1000 1315 5.1313 3.87421 3.83009 3.74475 
1000 1316 4.49676 2.49215 7.38091 4.05189 
1000 1317 3.99886 4.00058 0.500075 3.49934 
1000 1318 8.64053 9.10515 6.02737 6.76131 
1000 1319 2.18909 7.49861 4.87332 8.73468 
1000 1320 1.69128 4.87595 6.93036 7.60954 
1000 1321 4.45595 8.56317 0.913668 3.80578 
1000 1322 3.69463 4.05141 0.635497 3.70387 
1000 1323 4.00099 3.99975 0.501167 3.5005 
1000 1324 8.57791 5.59803 1.89009 5.35736 
1000 1325 4.97329 3.78601 2.44094 3.37256 
1000 1326 8.62532 3.51089 1.75089 9.04489 
1000 1327 4.3364 8.81085 3.87853 4.29931 
1000 1328 6.35908 3.63265 1.52201 4.22988 
1000 1329 3.39576 3.38195 3.99294 2.61152 
1000 1330 3.00761 3.8121 4.73368 4.59744 
1000 1331 3.39629 7.7048 7.21856 1.51092 
1000 1332 6.50052 4.18183 1.70237 2.75286 
1000 1333 3.54158 7.47007 6.30504 1.60901 
1000 1334 3.94913 3.08145 0.603122 7.25209 
1000 1335 3.1328 5.17876 2.45944 2.51354 
1000 1336 3.18392 4.18087 6.00806 4.92752 
1000 1337 0.93501 1.18667 3.67192 2.18431 
1000 1338 7.50141 1.50214 6.29552 2.91375 
1000 1339 4.54405 6.4081 5.63807 3.54727 
1000 1340 4.82926 7.42095 4.05564 6.42311 
1000 1341 4.06183 4.30005 1.74001 4.58789 
1000 1342 7.97321 7.56241 4.03822 3.70272 
1000 1343 1.47871 5.36166 7.10716 3.53244 
1000 1344 3.0463 4.54342 6.68141 5.00585 
1000 1345 5.03682 3.71839 3.41455 3.65971 
1000 1346 2.17245 7.48947 8.30669 4.13916 
1000 1347 8.96904 1.30837 6.49367 4.34384 
1000 1348 3.43525 6.73679 4.56498 1.97597 
1000 1349 7.54511 7.5712 1.00883 2.93978 
1000 1350 4.06276 4.29963 1.74134 4.58737 
1000 1351 5.80442 5.17265 6.02977 8.16 
1000 1352 5.19315 2.60359 5.24554 5.49388 
1000 1353 4.02404 3.99993 0.528432 3.47184 
1000 1354 7.23428 6.14825 0.908246 8.03547 
1000 1355 7.23988 4.67685 6.36406 4.95984 
1000 1356 3.23027 9.75087 3.80241 7.70028 
1000 1357 5.22909 5.53995 6.79279 7.48293 
1000 1358 6.12678 2.72783 0.834184 5.16098 
1000 1359 3.93698 4.03481 0.973486 5.29326 
1000 1360 7.82506 8.08247 4.53018 6.01879 
1000 1361 8.04114 1.59917 3.95336 5.29603 
1000 1362 7.11027 4.57346 2.11142 4.83181 
1000 1363 4.14009 3.93485 0.532905 3.54782 
1000 1364 1.69671 1.42083 7.07829 1.17151 
1000 1365 3.33703 7.58998 5.38683 5.24133 
1000 1366 3.99511 4.03671 0.602676 3.43075 
1000 1367 6.84026 8.39217 2.90117 2.6671 
1000 1368 7.5919 2.07657 3.17855 5.10318 
1000 1369 6.16707 4.72566 5.50718 3.64431 
1000 1370 7.22155 5.84164 3.02928 3.77468 
1000 1371 5.72377 5.47523 7.0206 7.56697 
1000 1372 3.13399 4.03168 5.4783 4.79093 
1000 1373 3.86033 3.98147 1.44746 5.80725 
1000 1374 4.32758 3.192 1.53576 3.76912 
1000 1375 7.41495 3.36233 3.10042 4.8965 
1000 1376 1.81446 5.25262 5.86304 3.51938 
1000 1377 4.40656 4.69541 1.83319 2.69149 
1000 1378 3.10232 9.03382 7.30643 6.58472 
1000 1379 7.45131 3.778 0.550101 3.01523 
1000 1380 6.36745 5.48943 7.56644 7.80718 
1000 1381 3.99871 4.00037 0.499568 3.50134 
1000 1382 4.5845 6.91307 6.68437 3.80149 
1000 1383 7.43779 8.32752 1.52046 5.92657 
1000 1384 5.75966 2.74474 6.34205 6.13739 
1000 1385 4.5614 6.8071 1.0171 3.35962 
1000 1386 3.99847 4.00097 0.49938 3.49899 
1000 1387 4.93477 3.82036 7.60842 8.20372 
1000 1388 4.57618 6.83796 2.88298 7.71827 
1000 1389 3.53512 4.10121 3.5798 7.33015 
1000 1390 4.95684 3.79417 2.34804 3.34155 
1000 1391 6.25905 7.99537 2.56322 2.95246 
1000 1392 8.64272 6.03104 4.48783 7.48401 
1000 1393 5.5714 6.22868 8.39809 8.53557 
1000 1394 3.25636 4.51106 1.20912 6.96856 
1000 1395 3.87224 4.03313 1.3267 5.48196 
1000 1396 3.99963 4.0006 0.500386 3.49977 
1000 1397 5.45241 5.06482 7.74606 2.60832 
1000 1398 4.51679 4.85804 5.28125 7.32271 
1000 1399 9.40272 1.30293 6.85631 4.36147 
1000 1400 5.07928 3.60058 0.734013 3.88588 
1000 1401 4.93423 3.8226 7.60958 8.20328 
1000 1402 1.65902 5.30281 6.27668 3.56992 
1000 1403 6.72428 3.52658 1.90143 4.40349 
1000 1404 5.87707 4.50129 4.07401 8.49019 
1000 1405 4.33176 2.83045 2.14443 3.8457 
1000 1406 2.37674 4.71022 4.62301 8.60937 
1000 1407 4.50976 4.67254 2.24816 5.00912 
1000 1408 2.10478 5.03306 4.71505 9.06281 
1000 1409 2.53324 4.1224 7.35962 2.2998 
1000 1410 6.67565 4.21946 1.76624 2.69255 
1000 1411 4.06471 4.30038 1.73947 4.58899 
1000 1412 5.37588 5.89613 0.672425 4.3587 
1000 1413 7.42996 3.42532 3.28527 4.84536 
1000 1414 3.99967 4.00066 0.500807 3.49916 
1000 1415 1.00107 0.999774 0.498663 1.4996 
1000 1416 4.91842 2.43651 4.72038 5.28602 
1000 1417 6.84962 2.03335 1.89597 8.48992 
1000 1418 5.99076 5.64871 4.98717 7.59864 
1000 1419 7.89308 7.19319 6.82651 8.05431 
1000 1420 3.29543 4.10046 6.8366 5.18629 
1000 1421 3.87961 8.70148 3.17764 6.77582 
1000 1422 5.19291 6.55164 4.78856 4.43011 
1000 1423 4.32689 4.48059 1.76995 7.29284 
1000 1424 4.45593 8.5631 0.91357 3.80573 
1000 1425 3.8802 3.96461 0.665383 3.45092 
1000 1426 6.35827 4.73144 2.12342 3.37134 
1000 1427 6.39207 2.43828 3.80179 6.86324 
1000 1428 4.21725 3.85645 1.10351 3.92781 
1000 1429 4.47787 6.63119 2.90534 7.44989 
1000 1430 3.03896 5.56931 1.79053 2.53813 
1000 1431 8.69031 8.60594 9.31567 5.76414 
1000 1432 6.4023 9.1021 8.16001 3.36131 
1000 1433 9.39333 3.26671 8.30698 5.09439 
1000 1434 4.0004 4.00038 0.500382 3.49886 
1000 1435 2.72496 6.04112 2.46875 5.67836 
1000 1436 6.9948 4.50061 2.12116 4.74289 
1000 1437 8.08885 8.74794 1.94297 6.05772 
1000 1438 3.99917 3.17708 3.90001 7.65762 
1000 1439 6.68948 2.77325 2.19914 3.59823 
1000 1440 6.62606 3.55792 5.76135 1.9274 
1000 1441 8.65513 7.40159 3.93936 1.99357 
1000 1442 6.86057 9.19813 7.38754 6.66044 
1000 1443 2.31516 2.18669 3.69046 8.887 
1000 1444 3.98012 3.2253 3.81419 7.61694 
1000 1445 5.52683 6.8058 6.26975 5.90992 
1000 1446 3.3837 8.54826 8.33354 1.46504 
1000 1447 5.15733 3.74205 2.66474 3.31342 
1000 1448 4.15568 3.88611 0.906682 3.80619 
1000 1449 6.35991 3.6326 1.52254 4.23056 
1000 1450 5.1475 4.76709 2.82291 6.19326 
1000 1451 3.99902 3.99993 0.499511 3.50102 
1000 1452 7.46147 9.00607 6.1431 3.32303 
1000 1453 0.955496 0.975562 0.89584 1.52177 
1000 1454 2.53868 8.55982 6.24027 2.10301 
1000 1455 4.08727 6.27105 1.11659 4.78904 
1000 1456 4.25647 7.69434 2.57574 5.73692 
1000 1457 6.05419 4.61265 5.29928 3.69457 
1000 1458 6.73984 1.81539 3.15442 7.93008 
1000 1459 6.60292 4.29098 8.32072 3.4005 
1000 1460 3.93568 4.03504 0.975284 5.29344 
1000 1461 8.18356 4.39544 2.32788 2.28392 
1000 1462 2.81799 3.88344 2.72276 4.25024 
1000 1463 5.77775 4.72325 3.21582 7.21291 
1000 1464 3.26736 4.79098 1.77813 2.65831 
1000 1465 9.18151 9.27028 9.75202 5.62451 
1000 1466 3.99989 3.99805 0.500259 3.50072 
1000 1467 6.41695 4.32206 1.97005 4.40386 
1000 1468 4.24901 7.53215 3.41055 3.31807 
1000 1469 10.5554 9.59875 6.52942 2.00195 
1000 1470 4.00012 4.00065 0.500961 3.49966 
1000 1471 6.11524 4.01591 4.71997 4.01287 
1000 1472 6.58763 4.22658 5.30382 4.35331 
1000 1473 3.32095 5.91108 3.658 2.24804 
1000 1474 5.10691 6.21768 2.75372 6.15215 
1000 1475 6.96015 8.07185 5.44556 2.61306 
1000 1476 5.11731 6.22808 2.75372 6.15817 
1000 1477 7.8154 2.914 1.30837 6.98161 
1000 1478 2.18876 7.49811 4.87363 8.73488 
1000 1479 5.33008 3.53663 0.860302 3.92665 
1000 1480 4.00052 3.99974 0.49871 3.49892 
1000 1481 5.36516 7.21419 4.35669 6.74735 
1000 1482 6.64918 2.59766 0.917747 5.72933 
1000 1483 5.42144 5.42301 0.669639 3.63869 
1000 1484 5.2024 4.75796 2.86347 6.27982 
1000 1485 3.99947 3.99971 0.499734 3.49802 
1000 1486 8.48629 8.55994 5.47669 6.52231 
1000 1487 1.30855 9.13381 4.42435 1.93485 
1000 1488 10.2062 7.03186 6.7652 5.16559 
1000 1489 8.04167 7.90066 6.95649 3.99907 
1000 1490 9.13225 7.7031 4.20799 4.47016 
1000 1491 4.56762 5.55588 2.55481 5.82452 
1000 1492 5.10041 5.59163 1.61331 8.5494 
1000 1493 6.41209 3.92467 4.88985 3.99827 
1000 1494 1.52107 4.78343 7.60921 6.94968 
1000 1495 6.71041 5.4923 0.746445 7.36339 
1000 1496 8.15086 10.1415 7.58798 3.91431 
1000 1497 6.18586 7.3262 4.92555 2.5998 
1000 1498 4.40191 5.12614 2.14374 2.60013 
1000 1499 4.50099 6.67575 2.89365 7.50345 
1000 1500 7.15477 3.42228 1.93738 4.39872 
1000 1501 5.77379 7.15947 5.37316 4.69135 
1000 1502 3.1603 5.82615 3.89558 2.19055 
1000 1503 5.62081 7.303 2.1816 3.26401 
1000 1504 3.90933 2.78956 2.01611 2.85215 
1000 1505 2.26379 4.89666 5.58177 6.87399 
1000 1506 4.09732 4.00132 0.619396 3.38101 
1000 1507 6.34087 2.45032 3.72524 6.80795 
1000 1508 5.04381 5.25227 0.612916 3.72781 
1000 1509 0.913474 1.29461 3.72987 2.18912 
1000 1510 2.46795 4.00341 6.62027 7.82687 
1000 1511 7.34611 6.03509 2.45295 2.06259 
1000 1512 7.64278 5.395 1.60287 5.17989 
1000 1513 8.58565 2.30591 4.60071 7.91229 
1000 1514 8.25811 3.9629 1.9338 5.88242 
1000 1515 5.92579 8.85854 9.04251 4.42906 
1000 1516 4.14318 3.93346 0.533549 3.54885 
1000 1517 4.37079 4.03348 1.01759 3.16101 
1000 1518 3.3049 7.4441 0.936867 7.13646 
1000 1519 4.93428 3.82241 7.60944 8.20329 
1000 1520 5.06421 5.11989 6.11554 7.42039 
1000 1521 7.07929 3.67803 6.63408 1.63774 
1000 1522 3.8878 4.05136 0.672621 4.71134 
1000 1523 1.52786 5.55797 5.79512 3.36643 
1000 1524 8.06893 3.73449 1.36657 8.90994 
1000 1525 4.47307 5.22354 2.23757 5.63802 
1000 1526 9.5806 8.35793 5.82651 9.10653 
1000 1527 3.30303 8.7234 6.39225 5.2205 
1000 1528 4.56076 3.14625 3.08313 4.57263 
1000 1529 3.93593 4.03524 0.975166 5.29316 
1000 1530 3.40388 4.01006 8.10185 5.75026 
1000 1531 4.54427 6.40765 5.63849 3.54744 
1000 1532 8.51989 1.74918 7.20993 9.13835 
1000 1533 3.08451 5.84896 4.09422 2.16012 
1000 1534 2.13091 7.38907 8.22886 4.02547 
1000 1535 6.01277 2.78933 0.826709 5.04129 
1000 1536 4.35013 4.14497 1.10481 3.02086 
1000 1537 3.23085 9.74902 3.80061 7.69877 
1000 1538 6.90805 3.66802 3.7628 2.64989 
1000 1539 6.92519 4.87781 7.63592 9.35334 
1000 1540 8.78097 6.46187 8.87238 3.35503 
1000 1541 8.64808 6.67398 6.40034 7.11159 
1000 1542 8.5117 3.31645 3.88912 5.82295 
1000 1543 6.76402 5.67024 7.23753 3.26074 
1000 1544 4.51675 4.79152 0.537379 3.61578 
1000 1545 6.8615 1.72382 7.25803 3.99292 
1000 1546 4.55404 5.51082 2.5079 5.80942 
1000 1547 4.04632 5.26385 3.18974 4.59915 
1000 1548 6.41523 4.3246 1.9755 4.40223 
1000 1549 7.94093 8.17853 4.71028 6.1122 
1000 1550 1.5868 1.75274 5.65526 0.853247 
1000 1551 8.82577 7.75765 1.29561 7.74395 
1000 1552 6.11906 2.19826 7.24084 6.661 
1000 1553 4.55071 6.12992 0.841298 3.44777 
1000 1554 7.5919 2.07654 3.17851 5.10315 
1000 1555 1.92778 2.30478 7.25739 6.48867 
1000 1556 3.05097 8.92885 4.7679 6.99018 
1000 1557 3.17061 4.23607 6.08134 4.92934 
1000 1558 3.74587 4.21534 1.22924 3.0043 
1000 1559 9.23293 3.33942 8.11865 5.06774 
1000 1560 6.68824 5.58355 3.35903 5.91539 
1000 1561 3.81171 3.73537 2.31435 6.74419 
1000 1562 3.87853 3.96666 0.663634 3.45023 
1000 1563 8.33462 5.98519 4.43343 7.31474 
1000 1564 4.00022 4.00033 0.499489 3.50039 
1000 1565 7.31744 2.41299 2.90202 2.98329 
1000 1566 8.56138 8.89196 5.81867 6.66188 
1000 1567 2.81542 3.88289 2.73604 4.25523 
1000 1568 6.72282 3.52718 1.89884 4.40246 
1000 1569 4.54394 4.821 1.82079 7.73379 
1000 1570 7.18745 4.68665 6.33923 4.97913 
1000 1571 5.08887 4.15298 0.535332 4.39999 
1000 1572 4.96863 3.78812 2.41271 3.36297 
1000 1573 2.46767 4.00515 7.02524 8.20579 
1000 1574 0.999826 1.00009 0.500103 1.49987 
1000 1575 4.27963 7.02433 3.78163 7.82039 
1000 1576 3.99975 4.00089 0.500397 3.49956 
1000 1577 5.67089 4.21721 4.58209 3.80773 
1000 1578 4.48165 4.42709 2.05783 4.65247 
1000 1579 3.68479 4.0515 0.641005 3.70779 
1000 1580 3.9947 4.03585 0.602494 3.42807 
1000 1581 8.57275 5.01608 4.93349 4.72816 
1000 1582 4.89644 9.08334 8.44445 7.01885 
1000 1583 7.93886 4.91446 4.83228 8.22787 
1000 1584 4.60496 4.89139 2.30794 2.50714 
1000 1585 4.96091 4.90862 6.17085 7.48591 
1000 1586 3.44961 4.40856 1.23988 6.71829 
1000 1587 8.6209 9.14134 2.30439 5.91692 
1000 1588 4.35416 2.62924 5.1487 8.24791 
1000 1589 7.08898 8.30169 5.58579 2.76564 
1000 1590 4.68191 6.77669 3.57138 2.76143 
1000 1591 4.43296 6.37813 2.97678 2.58597 
1000 1592 9.1853 6.31511 4.99324 8.22652 
1000 1593 2.81923 3.87553 2.78209 4.25579 
1000 1594 3.51854 4.05139 0.738501 3.77637 
1000 1595 0.999944 0.999803 0.499699 1.49855 
1000 1596 6.58171 5.27231 6.63755 8.89234 
1000 1597 4.00056 3.9992 0.500082 3.49907 
1000 1598 3.75767 3.29069 0.66917 6.3965 
1000 1599 5.93387 7.19676 4.68249 2.69621 
1000 1600 8.85932 7.70965 9.36327 2.84523 
1000 1601 2.42715 1.90271 3.40058 5.67763 
1000 1602 2.95792 3.75304 4.49039 4.53701 
1000 1603 3.97825 4.03688 0.598684 3.43055 
1000 1604 3.90453 4.01277 1.31799 5.47878 
1000 1605 7.78045 7.75039 6.97057 4.00521 
1000 1606 8.97015 1.30831 6.49463 4.34386 
1000 1607 3.90933 2.78954 2.01625 2.85217 
1000 1608 2.89202 3.87154 1.34501 4.15059 
1000 1609 5.08185 4.47976 5.80958 3.38419 
1000 1610 3.4595 4.17009 3.73368 7.41862 
1000 1611 3.29638 7.21067 4.95804 5.09952 
1000 1612 5.82097 7.5403 4.81678 7.33223 
1000 1613 6.01046 5.48599 1.46893 2.61786 
1000 1614 3.99967 4.00033 0.499878 3.50017 
1000 1615 7.47492 6.12543 3.2249 3.81301 
1000 1616 4.40283 3.95656 0.797125 3.38695 
1000 1617 2.44069 4.00377 7.32322 8.46393 
1000 1618 4.41873 3.95087 0.765262 3.42325 
1000 1619 9.449 8.05917 5.65291 8.89885 
1000 1620 5.53367 2.71924 5.90912 5.88132 
1000 1621 6.92434 2.22361 5.0396 7.7059 
1000 1622 4.45124 3.17663 8.53876 5.45552 
1000 1623 2.70574 9.17062 8.62859 9.71689 
1000 1624 5.05016 3.77627 3.02996 3.56767 
1000 1625 3.75814 3.78852 2.71781 6.95212 
1000 1626 4.03056 7.86828 5.0003 8.25728 
1000 1627 4.19729 4.63911 4.82352 7.29038 
1000 1628 4.03631 4.00018 0.54336 3.45663 
1000 1629 8.04214 5.70091 1.77263 5.53477 
1000 1630 2.80283 3.90675 2.65817 4.27606 
1000 1631 6.56028 10.1469 6.03276 8.61878 
1000 1632 9.17346 6.48996 9.15731 3.52274 
1000 1633 8.28267 6.16222 8.33142 3.36104 
1000 1634 7.86361 6.53344 3.49106 3.83024 
1000 1635 7.3717 1.6382 7.13859 8.77046 
1000 1636 3.39102 5.23955 2.46162 5.08829 
1000 1637 3.17231 6.25971 3.9893 4.8459 
1000 1638 4.37046 4.03353 1.01716 3.1609 
1000 1639 3.57301 4.33925 1.48032 2.84808 
1000 1640 9.54543 5.27755 1.28818 7.89531 
1000 1641 4.60026 9.44291 6.10961 3.92833 
1000 1642 3.49804 5.06743 2.66904 4.72549 
1000 1643 4.09521 3.93081 0.737218 3.66788 
1000 1644 6.85614 3.4734 2.14235 4.49809 
1000 1645 1.57156 1.75249 5.18207 0.802647 
1000 1646 4.76577 7.23396 2.8983 8.27532 
1000 1647 3.89505 2.86594 3.02416 2.66923 
1000 1648 4.28544 6.76062 3.72987 8.90211 
1000 1649 2.4532 8.3838 7.83707 8.61983 
1000 1650 5.69759 4.70912 3.18921 7.09397 
1000 1651 3.44075 3.94598 7.19416 5.27412 
1000 1652 5.9267 8.07426 0.837743 6.59621 
1000 1653 1.49969 4.8353 8.17858 8.27615 
1000 1654 4.05216 8.3083 2.988 6.3998 
1000 1655 3.94642 7.67795 2.96696 2.00495 
1000 1656 0.999681 1.00048 0.500852 1.50092 
1000 1657 3.24577 8.54578 6.21832 5.2397 
1000 1658 7.86308 1.54994 9.12468 5.67692 
1000 1659 4.29062 4.194 1.90343 7.34915 
1000 1660 4.08811 6.25552 1.10482 4.7876 
1000 1661 3.48709 4.14473 3.67409 7.38252 
1000 1662 7.64673 7.97335 4.29995 5.89474 
1000 1663 8.53532 1.21929 4.92707 5.61779 
1000 1664 4.29652 3.89495 1.42839 4.12187 
1000 1665 9.77347 1.37162 7.98789 7.0946 
1000 1666 1.74848 8.63226 7.2522 1.45642 
1000 1667 7.28009 3.4323 8.94954 8.77916 
1000 1668 5.17784 3.92789 3.93768 3.76406 
1000 1669 4.00147 3.99901 0.499129 3.49951 
1000 1670 3.86998 4.0059 1.37744 5.65667 
1000 1671 6.81599 2.61562 0.958699 5.90315 
1000 1672 4.79583 3.54136 1.54455 2.57468 
1000 1673 2.94614 7.98144 5.67538 1.92181 
1000 1674 4.10067 7.2529 5.07334 8.60499 
1000 1675 4.59653 6.91187 6.54772 3.7642 
1000 1676 4.41486 6.19785 2.81104 2.50365 
1000 1677 4.66733 2.90998 3.6514 4.74348 
1000 1678 1.43953 1.18247 6.22084 3.26096 
1000 1679 6.9084 10.5368 6.43083 9.01492 
1000 1680 9.55546 3.19738 8.45595 5.13405 
1000 1681 3.99966 4.00044 0.500217 3.50106 
1000 1682 4.00227 8.46711 3.23027 2.0073 
1000 1683 5.6861 2.8319 6.23195 6.05687 
1000 1684 4.89178 3.83591 7.77302 8.3377 
1000 1685 3.99988 3.99791 0.50025 3.50073 
1000 1686 3.31544 7.43079 0.937107 7.11699 
1000 1687 3.59748 6.84838 0.808765 6.40643 
1000 1688 3.86316 3.99989 1.4058 5.72274 
1000 1689 4.20502 4.01246 0.77137 3.2486 
1000 1690 3.05793 3.95212 1.27379 4.0147 
1000 1691 4.00057 3.9993 0.499914 3.49812 
1000 1692 9.64057 0.74847 7.1704 6.4138 
1000 1693 3.3054 8.39644 6.45212 5.85937 
1000 1694 6.92611 3.44859 2.2798 4.55066 
1000 1695 3.23259 4.01424 0.987437 3.9178 
1000 1696 2.67006 3.89501 5.61978 2.1571 
1000 1697 4.35265 4.02348 1.67128 4.27512 
1000 1698 7.54578 5.6001 7.77 9.89423 
1000 1699 6.73417 2.21317 1.37264 7.1579 
1000 1700 6.78305 7.75182 5.31289 2.56941 
1000 1701 7.11949 6.19284 8.5648 2.89195 
1000 1702 4.08669 6.32037 1.15247 4.79671 
1000 1703 3.89886 4.66096 2.22672 4.74722 
1000 1704 5.16816 5.81646 7.23324 7.61061 
1000 1705 3.4911 6.9426 4.91468 1.87246 
1000 1706 1.81598 5.24951 5.86473 3.52113 
1000 1707 3.12369 5.66568 2.73313 5.72422 
1000 1708 3.27118 8.55121 0.996805 8.45048 
1000 1709 6.8091 7.29998 3.36826 5.35803 
1000 1710 5.44985 6.83568 7.91918 5.84133 
1000 1711 2.90385 6.55721 2.02367 2.06169 
1000 1712 3.29794 7.20348 4.96216 5.09799 
1000 1713 5.37143 4.97032 7.47669 2.71639 
1000 1714 4.00189 3.99918 0.500512 3.50015 
1000 1715 6.78611 7.77516 5.31035 2.56818 
1000 1716 2.5146 3.96981 3.62247 5.27241 
1000 1717 8.24123 4.5444 1.97052 5.24881 
1000 1718 7.22236 7.68466 3.79287 5.61305 
1000 1719 6.1126 7.62619 5.77397 5.06588 
1000 1720 2.90745 9.03534 3.1302 4.71011 
1000 1721 6.83669 5.29978 3.2849 8.82823 
1000 1722 4.40243 3.95668 0.796078 3.38801 
1000 1723 7.61071 7.81254 1.02035 2.90467 
1000 1724 4.3359 8.8096 3.87916 4.29723 
1000 1725 8.35118 6.22654 1.14461 3.58609 
1000 1726 5.92645 8.85693 9.04372 4.42854 
1000 1727 1.4737 1.03753 2.87328 1.18347 
1000 1728 2.85388 5.35063 0.593496 3.90147 
1000 1729 6.45244 7.652 2.2922 4.13669 
1000 1730 8.03503 4.5104 1.71401 5.76174 
1000 1731 0.916981 1.43134 3.98693 2.28121 
1000 1732 4.6707 7.23042 4.53891 10.0691 
1000 1733 4.77535 4.61157 2.14204 4.66832 
1000 1734 8.19131 8.49942 3.19391 9.83125 
1000 1735 8.19117 4.37044 4.43426 4.79641 
1000 1736 3.46989 6.78981 4.68598 1.93661 
1000 1737 6.75206 6.55578 6.87494 9.47227 
1000 1738 6.34105 2.45051 3.72518 6.80793 
1000 1739 8.71726 7.5331 1.36732 7.51283 
1000 1740 6.5526 1.98421 6.03265 3.36973 
1000 1741 3.99992 4.00037 0.50099 3.50099 
1000 1742 7.86782 1.42349 5.4602 4.31739 
1000 1743 5.70914 2.85038 6.28082 6.08363 
1000 1744 3.99872 4.00009 0.500404 3.49973 
1000 1745 4.50748 4.75891 1.81416 7.65778 
1000 1746 2.5634 4.65664 4.70973 8.41731 
1000 1747 2.43544 4.26706 6.25023 9.32952 
1000 1748 7.91252 6.26169 3.12655 1.93315 
1000 1749 3.6293 9.13416 6.59081 8.50253 
1000 1750 4.29966 3.89677 1.44141 4.12778 
1000 1751 3.93815 4.08791 0.82264 3.27712 
1000 1752 3.19981 5.41954 2.9142 2.42344 
1000 1753 3.77894 3.582 7.76011 5.28757 
1000 1754 6.73185 2.21517 1.36491 7.1361 
1000 1755 8.25532 5.96544 1.89671 5.70872 
1000 1756 9.08631 7.73268 5.37697 8.60984 
1000 1757 3.19354 8.62209 6.26184 5.23851 
1000 1758 8.98566 6.13282 4.48842 2.13775 
1000 1759 6.00461 8.21873 6.40665 3.069 
1000 1760 5.3893 3.52385 0.894197 3.93546 
1000 1761 9.30794 4.61967 5.87626 1.87664 
1000 1762 2.16198 6.26117 7.88855 7.97871 
1000 1763 9.27099 7.12408 8.48436 8.48475 
1000 1764 4.00071 3.99975 0.500787 3.4991 
1000 1765 4.00111 3.99918 0.500002 3.50029 
1000 1766 9.33407 7.84641 5.2873 1.73588 
1000 1767 3.97234 4.44696 4.40042 7.28268 
1000 1768 4.12286 7.63702 4.77697 8.25436 
1000 1769 6.72825 4.32253 5.51436 4.48316 
1000 1770 7.65761 3.33453 3.9136 5.02763 
1000 1771 8.82623 6.84057 6.87614 7.42341 
1000 1772 7.97474 2.72179 6.34916 5.24665 
1000 1773 5.9957 9.662 8.19668 11.446 
1000 1774 6.41928 5.14033 0.677612 6.86672 
1000 1775 6.41107 4.32633 1.97648 4.40247 
1000 1776 9.30358 5.30512 1.47825 7.54237 
1000 1777 3.41683 7.19129 0.876171 6.85484 
1000 1778 4.98518 4.17253 4.51227 3.74531 
1000 1779 4.00185 3.99937 0.499478 3.4994 
1000 1780 4.505 4.84458 5.24768 7.33177 
1000 1781 4.52835 6.04311 4.21246 4.67435 
1000 1782 7.63227 6.12664 2.7751 1.97973 
1000 1783 5.01288 5.19073 0.606225 3.67253 
1000 1784 6.42736 2.62074 0.874442 5.49222 
1000 1785 4.93203 5.84376 0.815846 2.37958 
1000 1786 1.97725 7.84592 7.33023 7.49193 
1000 1787 6.91824 5.99715 0.888667 3.02993 
1000 1788 8.51403 3.076 6.5639 7.13689 
1000 1789 7.39851 3.32871 2.0363 4.39309 
1000 1790 6.6513 5.15914 6.82561 8.96074 
1000 1791 2.83882 8.3402 1.34636 7.96566 
1000 1792 7.59207 7.64143 1.01875 2.9672 
1000 1793 3.42082 7.18278 0.873228 6.84576 
1000 1794 2.22789 3.20489 4.74379 6.88924 
1000 1795 5.89464 2.7072 7.00656 2.14283 
1000 1796 5.15267 5.85625 7.27285 7.61054 
1000 1797 4.04043 5.66922 0.739952 4.6116 
1000 1798 3.76882 4.81498 2.3615 4.77473 
1000 1799 5.64299 3.64062 3.18418 3.09524 
1000 1800 6.76689 8.0458 2.73513 8.4916 
1000 1801 1.00034 1.00036 0.498494 1.49972 
1000 1802 6.8016 4.25796 8.53968 3.46843 
1000 1803 3.90919 4.11764 1.31477 6.01894 
1000 1804 2.47554 7.30611 1.56729 2.40908 
1000 1805 4.91315 5.11481 0.590286 3.66926 
1000 1806 1.7156 1.09158 7.92815 4.22146 
1000 1807 4.19931 4.31744 0.498577 3.54043 
1000 1808 2.57099 3.91206 3.73885 3.20894 
1000 1809 3.2414 8.51948 0.988633 8.41079 
1000 1810 3.52546 7.26739 5.61169 1.71601 
1000 1811 4.08146 8.33259 3.4531 6.21523 
1000 1812 4.26721 6.79599 3.90916 9.16538 
1000 1813 2.85855 3.72316 3.72595 4.36605 
1000 1814 4.3103 6.68789 3.36051 8.07837 
1000 1815 4.99915 3.76473 2.67522 3.44944 
1000 1816 4.14775 3.93142 0.534494 3.55043 
1000 1817 6.35867 3.63262 1.52187 4.22978 
1000 1818 4.71805 2.80196 3.89608 4.83648 
1000 1819 7.80353 2.59453 3.29547 10.2913 
1000 1820 6.92703 3.44811 2.28172 4.55143 
1000 1821 4.51912 3.26464 2.83241 4.49904 
1000 1822 6.7911 5.62044 3.45369 5.98523 
1000 1823 8.24437 5.97711 4.41437 7.26376 
1000 1824 8.53264 6.32574 8.61284 3.38758 
1000 1825 6.56936 4.81518 3.66515 7.75554 
1000 1826 3.94267 4.65275 0.536551 3.96304 
1000 1827 4.16984 7.3643 2.11998 5.4441 
1000 1828 5.39226 6.51549 2.74709 6.34556 
1000 1829 3.45934 7.10868 0.859271 6.75367 
1000 1830 6.75738 2.3898 4.0519 7.06589 
1000 1831 6.05202 2.56433 2.75786 1.57072 
1000 1832 6.0091 5.48856 1.46872 2.61616 
1000 1833 6.10826 2.97604 4.91781 2.85527 
1000 1834 4.46446 6.23474 2.71119 6.82047 
1000 1835 9.43761 4.67034 2.55238 6.85602 
1000 1836 4.59027 6.96166 6.63312 3.77787 
1000 1837 2.10383 6.38841 8.1904 8.18581 
1000 1838 6.41101 4.32636 1.9765 4.4025 
1000 1839 1.83196 2.25541 7.75 7.04397 
1000 1840 4.473 5.224 2.23576 5.63635 
1000 1841 8.42629 4.60723 1.51121 6.34521 
1000 1842 2.5714 3.9919 3.37609 5.02888 
1000 1843 4.67151 4.52583 2.10294 4.64569 
1000 1844 8.07719 6.32752 5.4612 6.59929 
1000 1845 4.00919 4.02092 0.499259 3.49535 
1000 1846 5.44606 6.84092 7.99078 5.85478 
1000 1847 11.188 11.9003 10.3914 12.7928 
1000 1848 4.68567 5.05955 1.83948 8.03414 
1000 1849 7.47821 2.79205 1.11441 6.46358 
1000 1850 4.55469 5.46533 0.666632 3.54662 
1000 1851 5.80979 4.66447 5.09596 9.44929 
1000 1852 7.54583 7.57135 1.00896 2.94062 
1000 1853 2.53302 9.16284 3.74927 4.94184 
1000 1854 2.85381 10.4361 4.80336 8.47961 
1000 1855 11.3026 12.658 11.8223 12.5103 
1000 1856 3.74587 8.82384 3.23318 6.90219 
1000 1857 5.0769 5.23388 0.616411 3.67169 
1000 1858 8.12786 2.99146 1.08766 6.77086 
1000 1859 7.72835 2.87631 1.20233 6.74296 
1000 1860 4.48398 9.54758 7.57432 3.45229 
1000 1861 4.0002 4.00035 0.500464 3.49888 
1000 1862 9.43767 4.67248 2.55322 6.85692 
1000 1863 3.94663 4.76042 0.546448 4.02475 
1000 1864 3.60918 3.25281 0.736132 6.51671 
1000 1865 5.88334 4.56112 3.69778 7.97962 
1000 1866 8.04318 6.50179 5.7533 6.95916 
1000 1867 5.59878 2.76444 6.044 5.95569 
1000 1868 3.87224 4.0332 1.32671 5.482 
1000 1869 1.05871 0.896957 1.7849 1.4461 
1000 1870 4.63078 6.77654 3.48686 2.78006 
1000 1871 1.00096 1.00008 0.500629 1.50013 
1000 1872 3.81382 3.63617 3.226 7.26525 
1000 1873 0.889269 1.2176 3.44271 2.10244 
1000 1874 3.71374 8.78052 6.11606 8.37227 
1000 1875 1.45274 1.08105 8.08886 1.57606 
1000 1876 3.90946 2.78992 2.0152 2.85159 
1000 1877 9.03952 8.14051 1.18297 8.16817 
1000 1878 3.99872 4.00076 0.499964 3.49938 
1000 1879 4.16238 3.15671 8.73169 6.19444 
1000 1880 5.23144 5.61613 7.42753 10.8383 
1000 1881 4.00005 4.0005 0.500911 3.50042 
1000 1882 5.59911 9.13986 5.88903 7.59795 
1000 1883 5.99009 5.64875 4.98666 7.59811 
1000 1884 5.64936 9.27128 5.96852 7.65929 
1000 1885 8.34933 4.09887 4.69946 2.13852 
1000 1886 6.2107 8.93765 7.70564 3.27626 
1000 1887 6.57968 8.79003 3.26847 8.90275 
1000 1888 2.46805 9.53252 8.77843 9.84189 
1000 1889 2.64829 6.56507 4.8055 6.55196 
1000 1890 3.94669 4.07847 0.532812 3.79494 
1000 1891 2.43644 3.98349 6.95589 2.21355 
1000 1892 3.44007 3.94663 7.24842 5.29997 
1000 1893 4.85143 4.80487 2.59466 5.71768 
1000 1894 7.02249 3.42075 2.47493 4.62156 
1000 1895 7.9195 2.81758 6.04961 5.28762 
1000 1896 2.88752 3.8632 1.34114 4.15493 
1000 1897 9.53986 8.81955 8.07984 1.35595 
1000 1898 6.23695 2.56737 5.0089 3.09116 
1000 1899 3.95682 2.75541 2.41629 2.80077 
1000 1900 5.07379 3.90819 3.89956 3.74117 
1000 1901 4.23614 3.66122 0.811172 3.63529 
1000 1902 7.09895 8.5749 1.16765 6.52123 
1000 1903 10.2864 9.95132 10.5432 5.89438 
1000 1904 3.37189 5.25371 2.43457 5.08573 
1000 1905 0.952456 0.989883 3.278 2.07407 
1000 1906 8.31832 8.47058 5.27538 6.4017 
1000 1907 3.91899 4.09416 0.589705 4.18557 
1000 1908 4.37269 6.17794 2.73976 2.44294 
1000 1909 5.03955 4.46022 5.66862 3.42773 
1000 1910 3.94237 8.56098 3.09875 6.65436 
1000 1911 4.49213 7.29986 7.22955 4.0062 
1000 1912 1.96533 2.1174 8.03982 7.28468 
1000 1913 4.34735 3.86932 0.554832 3.61743 
1000 1914 6.37045 7.42827 5.04077 2.56429 
1000 1915 5.44685 6.07179 0.681962 4.55753 
1000 1916 2.25275 9.08936 6.66895 2.16158 
1000 1917 4.06043 4.00048 0.572817 3.42678 
1000 1918 1.62425 1.26515 7.45642 1.33383 
1000 1919 4.88345 5.98566 2.74887 6.01411 
1000 1920 3.46119 4.05268 4.16181 7.96986 
1000 1921 9.28855 3.30316 8.20405 5.09223 
1000 1922 8.55062 1.75305 7.34107 9.08235 
1000 1923 3.9995 3.9989 0.50065 3.49983 
1000 1924 2.01932 6.59896 2.93203 2.94618 
1000 1925 2.76017 3.94421 2.7164 4.38124 
1000 1926 8.58899 8.58944 9.01065 5.32756 
1000 1927 2.47615 4.56618 5.30301 8.75397 
1000 1928 8.12053 6.92408 3.72416 3.84433 
1000 1929 4.37224 4.03342 1.01835 3.16132 
1000 1930 4.00027 3.999 0.500543 3.49948 
1000 1931 3.99832 4.0007 0.500051 3.49922 
1000 1932 5.62134 7.30441 2.18147 3.26502 
1000 1933 3.92916 4.04195 1.01603 5.39777 
1000 1934 3.9994 4.00083 0.499979 3.49973 
1000 1935 7.17728 4.5042 2.09812 4.85224 
1000 1936 5.9598 8.07403 6.19495 3.03604 
1000 1937 6.02206 4.41875 7.46647 3.2706 
1000 1938 3.24467 5.65614 3.34233 2.32975 
1000 1939 5.93207 8.85145 9.04451 4.43058 
1000 1940 2.92846 2.90425 1.32577 7.4508 
1000 1941 7.83168 4.94178 7.26235 5.31229 
1000 1942 3.97881 4.03655 0.600346 3.43138 
1000 1943 4.34143 4.54835 0.513847 3.5761 
1000 1944 9.25355 4.60852 5.71262 1.96735 
1000 1945 6.36337 4.73754 2.12896 3.37448 
1000 1946 4.00011 4.00005 0.500741 3.49898 
1000 1947 2.31429 7.96839 7.22606 8.00191 
1000 1948 9.02881 10.3102 5.95468 4.04122 
1000 1949 6.96107 2.57763 2.51433 3.36219 
1000 1950 6.75192 6.72199 6.83917 9.5333 
1000 1951 2.62699 9.33133 3.55023 4.78347 
1000 1952 2.86346 3.70651 3.83989 4.38916 
1000 1953 4.29655 3.89496 1.42852 4.12192 
1000 1954 0.94425 0.983374 3.22717 2.0557 
1000 1955 8.2657 9.27698 4.92802 3.82645 
1000 1956 4.33722 2.65867 2.41226 3.85181 
1000 1957 3.82586 7.29112 1.88093 4.79476 
1000 1958 1.71035 5.28757 6.11605 3.55694 
1000 1959 8.93475 3.14419 7.11848 7.57485 
1000 1960 4.00061 3.99953 0.499773 3.49802 
1000 1961 6.69471 2.3344 4.37145 7.26349 
1000 1962 4.14902 8.04314 5.31078 9.16526 
1000 1963 3.9769 4.03012 0.510027 3.59468 
1000 1964 6.98479 8.4762 2.98183 2.6072 
1000 1965 3.45781 3.9293 7.23955 5.28726 
1000 1966 6.52696 5.52332 3.21324 5.80455 
1000 1967 4.37164 4.03331 1.01865 3.16118 
1000 1968 7.12549 3.39728 2.68427 4.69381 
1000 1969 4.54438 6.40575 5.63829 3.54679 
1000 1970 3.1071 4.425 6.48272 4.9979 
1000 1971 3.91137 2.78969 2.01623 2.85059 
1000 1972 5.74331 6.90234 2.74184 6.62969 
1000 1973 8.93082 2.43595 8.57991 4.37567 
1000 1974 3.8552 3.89805 1.63803 6.12654 
1000 1975 4.04912 5.75389 0.769446 4.66877 
1000 1976 6.87457 1.71214 7.31351 3.97585 
1000 1977 7.89444 7.10954 6.68492 7.89878 
1000 1978 6.47558 2.19945 1.02481 6.0673 
1000 1979 3.90792 4.65322 2.22241 4.7449 
1000 1980 9.85898 7.67955 7.25633 8.69067 
1000 1981 4.04518 7.13173 2.86599 2.11617 
1000 1982 7.9275 7.85693 8.11265 4.80643 
1000 1983 2.98635 4.61467 7.91257 6.57446 
1000 1984 3.99883 3.99998 0.500115 3.49949 
1000 1985 2.84668 3.76377 3.45606 4.3207 
1000 1986 5.20714 3.89979 3.91931 3.76741 
1000 1987 6.57201 1.96035 6.1123 3.38337 
1000 1988 4.38342 9.04119 4.17906 4.2943 
1000 1989 3.12256 3.03917 1.06645 7.05206 
1000 1990 5.05409 5.06466 5.69712 7.56679 
1000 1991 4.30584 6.68692 3.36393 8.08658 
1000 1992 2.18933 2.6529 6.30179 5.71879 
1000 1993 5.87865 7.21104 0.773855 5.73866 
1000 1994 4.04811 5.76632 0.769406 4.68542 
1000 1995 3.67636 8.99842 4.10042 6.4346 
1000 1996 4.59397 9.41323 6.80704 3.6803 
1000 1997 4.78184 3.85999 1.7778 3.18377 
1000 1998 3.44611 3.87554 7.44558 5.34507 
1000 1999 4.70952 2.26269 6.60918 4.15177 
1000 2000 3.99547 4.03595 0.601458 3.42831 
1000 2001 10.2576 9.54868 5.48348 2.4245 
1000 2002 3.14984 6.05576 3.77391 4.79251 
1000 2003 3.99916 3.99855 0.499661 3.50001 
1000 2004 4.70759 7.74017 1.26942 3.06293 
1000 2005 6.73621 3.38402 7.67294 7.55499 
1000 2006 4.87066 5.01211 5.81203 7.39857 
1000 2007 3.48406 6.84705 4.7842 1.90618 
1000 2008 7.12134 2.16959 5.53302 8.01612 
1000 2009 5.48415 6.76261 7.38842 5.77965 
1000 2010 7.04018 8.54102 1.1579 6.50598 
1000 2011 4.00034 3.9998 0.500193 3.50004 
1000 2012 5.60563 5.62118 0.795911 3.64973 
1000 2013 8.44559 2.14381 1.29659 7.33176 
1000 2014 4.35761 2.23799 3.16479 3.77722 
1000 2015 2.46358 8.68601 6.34463 2.12612 
1000 2016 7.92456 4.9629 7.37812 5.33506 
1000 2017 4.79372 3.89012 8.19725 8.66695 
1000 2018 7.82947 5.82283 4.25156 6.91143 
1000 2019 2.31523 2.18639 3.69074 8.88748 
1000 2020 4.54406 6.40174 5.64814 3.57322 
1000 2021 6.43646 7.68337 0.955346 5.83499 
1000 2022 5.76353 2.9096 6.42865 6.15189 
1000 2023 3.90685 4.01016 1.31465 5.48012 
1000 2024 3.22702 5.5314 3.10748 2.38251 
1000 2025 3.55584 0.909549 7.28813 1.46159 
1000 2026 7.17489 10.5852 8.9655 8.55922 
1000 2027 4.00091 3.99914 0.500442 3.49888 
1000 2028 5.62022 7.30234 2.18299 3.26351 
1000 2029 3.84994 9.03408 3.34569 7.06346 
1000 2030 5.76269 3.68732 0.682637 3.73935 
1000 2031 7.25736 8.28397 2.76849 9.17273 
1000 2032 3.51645 6.99975 0.837535 6.61285 
1000 2033 4.39926 4.36344 1.40888 2.86701 
1000 2034 4.86758 6.90469 3.86763 2.80728 
1000 2035 5.9325 7.19637 4.68355 2.69519 
1000 2036 2.82072 3.92238 2.35405 4.22284 
1000 2037 4.59696 9.4033 6.67492 3.72047 
1000 2038 6.65414 5.33038 6.69632 9.00008 
1000 2039 4.5279 7.06117 7.29182 3.96506 
1000 2040 10.0146 6.76921 6.61351 4.92721 
1000 2041 3.66735 6.71818 0.786362 6.2202 
1000 2042 4.00064 4.00091 0.500014 3.49983 
1000 2043 7.46916 2.3559 3.03956 2.84464 
1000 2044 2.22651 4.8374 4.65872 8.82517 
1000 2045 6.91993 5.99587 0.886826 3.0278 
1000 2046 6.172 4.19967 0.737421 6.71154 
1000 2047 3.99943 3.99984 0.500889 3.50104 
1000 2048 6.93599 5.39932 7.00757 9.27169 
1000 2049 3.97823 4.03826 0.597588 3.43001 
1000 2050 3.4356 7.63347 6.99398 1.52759 
1000 2051 3.09139 3.92304 5.14152 4.71158 
1000 2052 5.25269 4.74979 2.89984 6.35944 
1000 2053 5.04689 2.0238 7.37886 9.61622 
1000 2054 8.31896 4.5734 2.04471 5.24379 
1000 2055 1.81158 3.98015 2.51993 5.67281 
1000 2056 4.55374 5.54129 0.68726 3.53299 
1000 2057 3.9992 4.00092 0.500341 3.50183 
1000 2058 5.26993 3.55096 0.827858 3.91794 
1000 2059 1.2712 0.921112 2.34849 1.3133 
1000 2060 11.992 12.6709 11.8749 11.1159 
1000 2061 3.29632 4.0293 0.9209 3.88394 
1000 2062 9.08393 8.45435 7.56249 4.29999 
1000 2063 5.90033 3.55176 3.68244 2.96304 
1000 2064 3.97015 5.08769 0.588045 4.22995 
1000 2065 6.18333 7.32547 4.92355 2.60067 
1000 2066 5.16065 7.05311 3.38415 1.99862 
1000 2067 4.47046 8.57589 0.895077 3.79902 
1000 2068 5.84727 5.98757 5.17517 1.84559 
1000 2069 7.14527 2.43201 2.43013 3.47012 
1000 2070 7.34048 8.66903 5.80923 2.39346 
1000 2071 3.84956 3.32082 0.609469 6.27943 
1000 2072 5.28822 6.60631 5.80914 5.42993 
1000 2073 8.08636 4.96329 7.50304 5.32597 
1000 2074 9.21042 8.51893 7.66845 4.32877 
1000 2075 4.47352 5.22457 2.2352 5.63625 
1000 2076 3.75657 4.04951 0.604474 3.68143 
1000 2077 6.21303 7.34056 4.94259 2.59409 
1000 2078 5.45498 6.08473 0.683302 4.56913 
1000 2079 9.85831 7.67904 7.25739 8.69211 
1000 2080 7.82833 5.82345 4.25161 6.91101 
1000 2081 7.45656 7.84538 4.06301 5.76451 
1000 2082 5.99065 5.64888 4.98684 7.59839 
1000 2083 3.62077 6.9916 0.837902 5.85979 
1000 2084 4.00031 3.99889 0.500649 3.49977 
1000 2085 2.93095 3.91538 1.63351 4.0953 
1000 2086 6.53442 3.59794 1.6336 4.28997 
1000 2087 6.3957 3.62472 1.5447 4.24294 
1000 2088 4.8371 3.28744 8.65879 9.30513 
1000 2089 6.3577 3.63229 1.52308 4.23184 
1000 2090 7.71868 3.30977 4.14153 5.0893 
1000 2091 4.65418 6.76625 3.53834 2.76303 
1000 2092 3.85021 3.31948 0.610318 6.2793 
1000 2093 4.21091 1.88059 4.48454 4.64923 
1000 2094 3.50004 3.87896 7.55762 5.40459 
1000 2095 7.09563 7.69442 5.58624 2.67198 
1000 2096 7.14799 3.63492 6.68088 1.59152 
1000 2097 5.22897 5.54037 6.79324 7.48285 
1000 2098 7.54448 3.48873 3.50061 4.87436 
1000 2099 4.66745 7.70936 1.21704 3.07325 
1000 2100 3.64056 3.26083 0.722281 6.49085 
1000 2101 7.71772 9.47936 6.63191 3.68443 
1000 2102 4.6895 5.99621 3.05285 5.99204 
1000 2103 8.43848 6.97593 3.77091 1.99748 
1000 2104 4.00203 3.99951 0.500965 3.50027 
1000 2105 9.28941 2.12468 5.2357 8.28861 
1000 2106 1.92266 2.67677 5.36922 8.22517 
1000 2107 6.25691 9.0249 7.86085 3.29417 
1000 2108 3.29464 5.7944 3.49915 2.29007 
1000 2109 5.53491 4.7218 3.08209 6.80488 
1000 2110 6.73069 4.32707 5.52237 4.49004 
1000 2111 5.04449 3.75149 3.13659 3.59534 
1000 2112 4.81054 3.62401 1.7082 2.56073 
1000 2113 6.30978 7.60045 2.74344 7.51146 
1000 2114 4.60568 9.42155 6.86186 3.65996 
1000 2115 6.96168 3.4381 2.35005 4.57709 
1000 2116 3.29681 7.05108 4.80339 5.08155 
1000 2117 6.64023 7.56244 5.22059 2.5519 
1000 2118 3.23188 4.1747 6.55054 5.09421 
1000 2119 4.69103 2.85849 3.76925 4.78594 
1000 2120 4.72613 6.48191 4.14585 6.14011 
1000 2121 4.27244 3.49781 1.0578 3.68643 
1000 2122 2.35845 5.96021 2.59846 2.74804 
1000 2123 7.88786 2.92941 5.71689 5.30848 
1000 2124 6.16705 2.85699 4.72831 2.99983 
1000 2125 6.26831 4.0117 4.84234 4.05756 
1000 2126 2.42794 1.90564 3.39463 5.67209 
1000 2127 2.31502 2.18837 3.69099 8.88893 
1000 2128 2.18079 1.94554 4.09486 9.35777 
1000 2129 6.50613 4.32611 2.01582 4.42226 
1000 2130 4.24092 8.02896 3.03351 6.00739 
1000 2131 5.42918 4.5705 6.74388 3.13658 
1000 2132 6.22463 2.80206 0.801853 1.75945 
1000 2133 5.65384 3.63354 3.21725 3.08902 
1000 2134 2.8663 5.78749 8.12447 5.50826 
1000 2135 3.97567 5.14174 0.59668 4.26665 
1000 2136 8.68448 6.5904 6.34678 6.78146 
1000 2137 7.68887 3.32431 4.07814 5.06904 
1000 2138 4.22206 0.830487 7.80337 1.39915 
1000 2139 9.8022 3.22478 8.27741 8.27906 
1000 2140 4.33653 8.81031 3.87964 4.29777 
1000 2141 6.1031 7.28522 4.86163 2.62197 
1000 2142 3.91766 4.18462 1.37423 6.288 
1000 2143 4.02283 3.13299 3.98955 7.70175 
1000 2144 3.00969 4.61545 6.73619 5.03316 
1000 2145 1.53017 4.78397 7.59798 6.93875 
1000 2146 2.64074 6.17286 2.52011 5.70635 
1000 2147 1.56678 1.78149 6.85546 1.0217 
1000 2148 5.82003 3.98867 4.46538 3.88258 
1000 2149 3.48411 3.8722 7.59701 5.41655 
1000 2150 4.75175 2.86851 5.67775 4.01589 
1000 2151 4.17541 3.92142 0.538347 3.55963 
1000 2152 8.58655 5.02016 7.90006 5.39478 
1000 2153 4.06167 4.18121 0.500331 3.42165 
1000 2154 2.17608 3.03448 4.87836 7.15432 
1000 2155 4.49088 7.06981 7.43788 4.02887 
1000 2156 4.45452 4.4114 2.04918 4.65219 
1000 2157 5.87993 4.55993 3.66151 7.9484 
1000 2158 8.25713 3.96382 1.93488 5.88233 
1000 2159 2.82765 10.1076 8.5233 7.56047 
1000 2160 8.34078 3.24125 2.57543 4.23951 
1000 2161 7.83654 3.20252 4.77591 5.28182 
1000 2162 3.20745 3.09391 0.977094 6.95121 
1000 2163 3.90595 4.01027 1.31297 5.47902 
1000 2164 4.90514 7.97965 5.41089 10.6428 
1000 2165 6.15112 6.58541 2.84661 5.04581 
1000 2166 1.51869 1.082 3.00678 1.15029 
1000 2167 1.62652 1.66999 6.17324 0.961192 
1000 2168 4.56008 5.05087 0.579051 3.60147 
1000 2169 8.13367 6.06594 8.16012 3.33343 
1000 2170 3.95911 4.08601 0.515623 3.67335 
1000 2171 9.18333 9.11104 7.80741 8.93251 
1000 2172 5.8482 4.74591 3.22388 7.31471 
1000 2173 7.39563 5.78166 3.97275 6.48227 
1000 2174 6.59185 2.03861 3.61069 4.15875 
1000 2175 2.84417 3.67205 1.55642 4.20167 
1000 2176 7.72436 8.82174 3.50282 7.36367 
1000 2177 6.14474 7.41107 2.74953 7.18079 
1000 2178 5.42493 5.25897 6.6441 10.5034 
1000 2179 5.08246 5.22623 6.25729 7.45488 
1000 2180 6.74623 5.5714 3.72181 9.0502 
1000 2181 4.13625 8.32582 5.48036 9.3028 
1000 2182 4.00084 3.9998 0.500776 3.49917 
1000 2183 4.88915 1.737 5.68017 6.20393 
1000 2184 2.04578 6.48686 2.94208 2.56402 
1000 2185 4.24223 7.87623 2.761 5.92032 
1000 2186 5.23449 3.98496 1.23802 3.14566 
1000 2187 4.41882 4.26796 1.93533 4.51105 
1000 2188 3.2961 7.01998 4.77477 5.07546 
1000 2189 4.89133 3.83677 7.77478 8.33844 
1000 2190 8.76731 7.47535 5.18441 8.37111 
1000 2191 7.59147 2.07751 3.17962 5.10368 
1000 2192 7.68772 8.26968 1.04298 2.77615 
1000 2193 3.99944 4.0004 0.49969 3.4995 
1000 2194 4.97766 4.66693 5.81257 3.68051 
1000 2195 5.78644 3.01677 1.69134 5.26939 
1000 2196 5.95587 2.57084 2.69501 1.62336 
1000 2197 6.21895 5.58995 1.54867 2.54261 
1000 2198 4.1585 4.00105 0.697272 3.30649 
1000 2199 3.58687 5.02161 2.42373 4.90046 
1000 2200 8.16779 2.33456 4.46779 7.70731 
1000 2201 3.40011 3.9874 7.11972 5.2608 
1000 2202 3.71946 3.84102 2.90995 7.04532 
1000 2203 3.93253 0.821511 7.49503 1.39636 
1000 2204 6.05061 3.37553 4.20504 2.88298 
1000 2205 5.43199 3.23105 0.781362 4.37901 
1000 2206 7.78284 3.26215 4.42454 5.16858 
1000 2207 2.19225 7.38458 6.52244 7.15341 
1000 2208 7.48399 8.79938 3.26028 2.4385 
1000 2209 4.03105 5.60283 0.714361 4.57382 
1000 2210 9.20214 8.51465 7.66077 4.32707 
1000 2211 6.4137 4.32735 1.97733 4.40128 
1000 2212 4.86814 3.6805 0.654869 3.81712 
1000 2213 5.95837 7.12012 0.782574 5.56749 
1000 2214 7.59116 2.07702 3.17876 5.10264 
1000 2215 5.44457 3.22036 0.788691 4.39836 
1000 2216 3.8789 3.96588 0.663858 3.45054 
1000 2217 3.59002 6.86225 0.811358 6.42547 
1000 2218 6.19885 5.83015 5.36241 7.98909 
1000 2219 2.23354 7.04632 4.79986 5.30093 
1000 2220 3.99992 3.9983 0.500229 3.50064 
1000 2221 3.97089 4.03562 0.51284 3.6143 
1000 2222 3.91755 4.09472 0.593362 4.21014 
1000 2223 5.91735 7.05171 0.769424 5.51932 
1000 2224 8.21105 8.36194 1.17995 3.62556 
1000 2225 8.13044 3.05919 1.63498 7.94832 
1000 2226 7.65533 9.35196 6.46329 3.57963 
1000 2227 3.16371 4.15362 5.83035 4.87302 
1000 2228 5.3039 7.6277 4.77392 6.9657 
1000 2229 6.34188 2.4512 3.72406 6.80851 
1000 2230 6.27174 2.36684 2.84762 6.8076 
1000 2231 6.61794 4.20612 1.74284 2.70848 
1000 2232 4.00697 4.91154 3.63623 1.85392 
1000 2233 3.49954 10.1638 8.08067 5.09759 
1000 2234 4.79166 2.68573 4.19399 4.9683 
1000 2235 4.06996 3.00889 4.20576 7.80848 
1000 2236 4.00016 4.0001 0.50143 3.50002 
1000 2237 4.31987 3.09644 1.65633 3.77066 
1000 2238 2.02536 7.14411 1.17351 4.11829 
1000 2239 2.14849 1.64299 5.65368 8.20753 
1000 2240 8.54819 7.1894 3.86575 1.9967 
1000 2241 9.65375 9.868 10.9114 7.49952 
1000 2242 1.00005 0.998523 0.500226 1.50003 
1000 2243 3.13072 8.97776 7.24757 6.54383 
1000 2244 4.40195 5.20969 2.1968 2.58445 
1000 2245 4.87783 7.88021 1.10778 3.36996 
1000 2246 8.84418 3.37804 4.16667 6.03181 
1000 2247 4.24511 7.57317 3.42248 3.34764 
1000 2248 5.24346 1.3944 8.29199 7.91515 
1000 2249 8.24092 5.97723 4.41546 7.2628 
1000 2250 5.05442 5.06511 5.69675 7.56698 
1000 2251 7.95078 2.36026 4.40139 7.62023 
1000 2252 5.664 9.25697 5.94507 7.66299 
1000 2253 9.12558 8.47565 7.59561 4.31013 
1000 2254 2.80578 2.80953 1.36114 7.66848 
1000 2255 8.91467 6.92481 7.24158 7.68542 
1000 2256 3.17382 4.08971 5.74838 4.8717 
1000 2257 7.14821 8.41487 5.67148 2.85791 
1000 2258 3.93411 4.03237 0.97209 5.29368 
1000 2259 0.849106 1.10693 2.68352 1.83207 
1000 2260 4.41908 3.95028 0.767242 3.4238 
1000 2261 4.40064 5.39768 2.31191 2.55129 
1000 2262 6.51638 7.80334 2.32928 4.20261 
1000 2263 6.65112 5.17603 6.42123 3.41155 
1000 2264 8.12665 6.3592 5.53137 6.65618 
1000 2265 4.79602 3.71103 0.633441 3.78962 
1000 2266 4.00033 3.99906 0.499147 3.50045 
1000 2267 1.00006 1.00029 0.498483 1.5001 
1000 2268 7.93023 3.10464 2.11511 4.53402 
1000 2269 2.14809 1.64284 5.65331 8.20747 
1000 2270 2.1429 4.9355 5.87296 7.02721 
1000 2271 8.53313 6.00342 4.47137 7.4212 
1000 2272 8.00504 7.88432 6.89716 3.94581 
1000 2273 7.96939 2.98704 1.47107 7.42653 
1000 2274 3.99979 3.99998 0.500857 3.49901 
1000 2275 9.14332 2.74036 4.77248 8.96843 
1000 2276 6.60042 3.63567 3.64618 2.75974 
1000 2277 4.58904 5.62945 2.6377 5.84602 
1000 2278 3.56819 7.38949 5.88071 1.6714 
1000 2279 4.73566 4.80175 2.4972 5.51722 
1000 2280 0.998747 1.00014 0.500089 1.50005 
1000 2281 6.68063 8.29719 2.80706 2.73871 
1000 2282 5.94499 8.88816 9.09389 4.44258 
1000 2283 2.78002 9.28625 3.39746 4.73874 
1000 2284 3.99855 4.00055 0.50028 3.49926 
1000 2285 8.87139 9.87217 6.96548 6.93041 
1000 2286 7.96281 5.60277 1.68624 5.48411 
1000 2287 4.96877 3.23901 1.95323 2.35263 
1000 2288 5.97887 2.8621 2.30016 5.80472 
1000 2289 9.43546 6.24163 5.89918 4.79033 
1000 2290 3.99859 4.00074 0.500132 3.49921 
1000 2291 3.61276 4.30878 1.4279 2.87905 
1000 2292 3.99079 4.01157 0.503335 3.53139 
1000 2293 3.94571 4.2154 0.517337 3.74342 
1000 2294 10.0601 6.24605 1.70319 8.35836 
1000 2295 7.62223 7.60027 8.19709 4.88275 
1000 2296 7.11062 8.34793 5.6223 2.81108 
1000 2297 2.48149 8.64052 6.3223 2.13288 
1000 2298 3.90991 4.12219 1.31208 6.02868 
1000 2299 3.75957 3.78203 2.66532 6.92808 
1000 2300 4.05327 4.34901 1.84021 4.64931 
1000 2301 8.09948 1.98268 6.72781 8.79075 
1000 2302 2.31283 1.18378 4.5636 1.0433 
1000 2303 3.99094 3.04084 0.599318 7.56632 
1000 2304 6.62269 5.40441 0.738729 7.20489 
1000 2305 3.99979 4.00026 0.498534 3.49972 
1000 2306 5.36654 3.52858 0.880888 3.93211 
1000 2307 4.91328 4.79884 2.64358 5.81884 
1000 2308 7.3714 1.63869 7.1374 8.7734 
1000 2309 5.11738 3.41655 1.22332 2.3327 
1000 2310 6.47696 2.20003 1.02555 6.06984 
1000 2311 6.69224 5.15484 2.49897 3.57094 
1000 2312 7.17283 2.40449 0.883953 5.69129 
1000 2313 8.95819 9.3232 2.53443 5.77199 
1000 2314 7.0548 8.23911 5.54273 2.72179 
1000 2315 7.5396 5.87499 4.15742 6.24926 
1000 2316 4.55901 6.60521 0.962579 3.39063 
1000 2317 5.00008 4.41249 5.41138 3.52647 
1000 2318 6.71793 5.59489 3.38723 5.93597 
1000 2319 2.73179 4.59657 4.41093 8.17196 
1000 2320 7.16177 5.42072 8.5412 8.33062 
1000 2321 3.88398 3.1406 0.619899 6.94693 
1000 2322 2.67094 3.8966 5.61979 2.15885 
1000 2323 9.23184 8.64307 1.13871 8.70123 
1000 2324 4.82368 1.56133 6.87129 7.13966 
1000 2325 3.90853 4.65226 2.22135 4.74478 
1000 2326 2.69063 3.98117 2.92885 4.58716 
1000 2327 5.76564 2.8153 2.33875 1.81924 
1000 2328 6.31361 8.07016 2.60346 2.91961 
1000 2329 2.16516 1.65195 5.69722 8.23977 
1000 2330 5.99048 5.64895 4.98662 7.5982 
1000 2331 8.44807 2.41306 7.91229 4.71963 
1000 2332 7.23361 3.3872 2.90091 4.75849 
1000 2333 7.4376 8.32784 1.52056 5.92655 
1000 2334 2.95323 4.67993 7.47122 4.94118 
1000 2335 6.89991 2.04788 1.45062 7.73559 
1000 2336 3.90774 4.11697 1.3195 6.02561 
1000 2337 1.63928 1.50945 4.06688 0.913168 
1000 2338 4.54227 7.22396 7.30691 3.92795 
1000 2339 8.16487 4.51926 1.63376 5.94724 
1000 2340 3.75835 7.17549 5.58533 8.96307 
1000 2341 4.00105 3.99993 0.500778 3.50044 
1000 2342 5.83138 6.91068 0.745547 5.41542 
1000 2343 7.39587 2.36944 4.28145 7.34798 
1000 2344 2.94648 7.98093 5.67491 1.92171 
1000 2345 3.79732 8.75143 3.89081 6.38823 
1000 2346 6.70473 1.83532 6.68213 3.69384 
1000 2347 5.80338 2.98527 6.58954 6.20743 
1000 2348 9.25954 7.06283 8.47616 8.47707 
1000 2349 4.48392 4.68863 0.524766 3.60935 
1000 2350 3.99944 4.00185 0.498821 3.49913 
1000 2351 9.84471 5.80687 7.42411 10.4102 
1000 2352 6.09202 3.24038 4.37379 2.90256 
1000 2353 8.71858 4.93647 8.16093 5.42553 
1000 2354 4.9339 3.80526 2.23208 3.30378 
1000 2355 7.43986 9.02888 1.29802 6.97356 
1000 2356 4.39913 6.91492 4.10212 9.54223 
1000 2357 4.81785 2.64409 4.29144 5.01827 
1000 2358 7.82262 9.57004 4.28626 6.44553 
1000 2359 3.87847 3.96694 0.663669 3.45001 
1000 2360 4.33599 8.81017 3.87755 4.29853 
1000 2361 4.68183 4.53265 2.10772 4.6496 
1000 2362 4.9678 4.34961 5.09002 3.63695 
1000 2363 4.47351 5.22487 2.23565 5.63689 
1000 2364 4.00126 4.00113 0.500492 3.50018 
1000 2365 6.8518 3.49803 8.03993 7.91485 
1000 2366 1.8159 5.24964 5.86458 3.52104 
1000 2367 4.78646 3.8854 8.32132 8.76276 
1000 2368 7.67016 7.76563 6.32928 3.3936 
1000 2369 6.0326 7.43388 5.71998 4.9686 
1000 2370 7.32888 1.57179 4.8679 4.30593 
1000 2371 2.80494 6.71951 3.12269 8.23196 
1000 2372 3.97916 4.03858 0.600116 3.42907 
1000 2373 6.19167 7.39169 0.864873 5.68967 
1000 2374 3.92108 4.05443 1.06533 5.51572 
1000 2375 3.99873 4.00068 0.500103 3.49925 
1000 2376 3.78539 5.50082 1.41369 8.19657 
1000 2377 7.90602 9.68303 4.41378 6.52031 
1000 2378 5.55725 6.34936 0.694521 4.87362 
1000 2379 8.50641 8.61761 1.24851 1.42381 
1000 2380 5.22901 5.54022 6.79308 7.48288 
1000 2381 7.98433 9.92147 7.22545 3.8877 
1000 2382 4.99877 3.77512 2.60622 3.42945 
1000 2383 4.00102 3.99958 0.50101 3.50087 
1000 2384 2.42675 4.00393 6.73157 2.22906 
1000 2385 7.89381 6.84139 6.28793 7.54345 
1000 2386 8.24845 6.39655 1.68213 6.37789 
1000 2387 6.50084 2.41746 3.89715 6.93347 
1000 2388 0.999461 1.00164 0.500596 1.50107 
1000 2389 4.64191 2.53881 5.42981 8.35402 
1000 2390 4.79564 3.85549 1.81239 3.19239 
1000 2391 7.32293 5.95927 3.11277 3.79377 
1000 2392 4.00049 4.0005 0.500698 3.50006 
1000 2393 1.00109 0.999998 0.500457 1.50013 
1000 2394 5.90044 2.92853 2.04467 5.59927 
1000 2395 7.32124 6.21349 1.00162 8.25408 
1000 2396 4.00072 4.0004 0.501032 3.49928 
1000 2397 8.86415 7.81403 1.28005 7.80532 
1000 2398 5.95595 7.20537 4.69974 2.68614 
1000 2399 3.8717 7.17499 1.79762 4.80627 
1000 2400 2.82 3.89444 2.60222 4.22247 
1000 2401 8.19264 2.47071 9.22348 7.0462 
1000 2402 5.95475 7.20491 4.69885 2.68665 
1000 2403 3.99934 4.00136 0.500429 3.49972 
1000 2404 2.94687 7.98035 5.67437 1.92159 
1000 2405 4.97271 7.70786 2.9625 8.98295 
1000 2406 1.38641 1.1836 6.31679 3.25643 
1000 2407 6.55608 5.10819 6.27623 3.46462 
1000 2408 7.22764 8.50929 5.70873 2.52781 
1000 2409 6.32798 2.36768 5.19872 3.1183 
1000 2410 9.19572 8.52795 1.16822 8.56602 
1000 2411 2.26855 4.73256 5.35395 6.73465 
1000 2412 7.25991 4.35792 2.00377 2.5367 
1000 2413 6.78903 5.63024 0.763323 7.49866 
1000 2414 4.96783 4.76876 6.46181 7.5952 
1000 2415 1.00118 1.00044 0.501269 1.50097 
1000 2416 5.42708 4.57209 6.74418 3.13445 
1000 2417 8.4829 4.87197 4.82461 4.73317 
1000 2418 5.86357 6.26167 5.64641 1.83003 
1000 2419 5.84573 4.19739 1.588 3.08931 
1000 2420 4.47277 5.22199 2.23463 5.63679 
1000 2421 7.80557 2.05706 2.57929 3.45067 
1000 2422 4.63012 7.20895 4.54167 10.0489 
1000 2423 6.02459 3.41516 4.11944 2.89156 
1000 2424 5.89293 6.36656 9.5605 9.36323 
1000 2425 5.53217 5.1349 2.49118 5.05026 
1000 2426 6.51944 3.41158 5.07484 2.18838 
1000 2427 4.90059 2.1138 4.99809 5.59105 
1000 2428 3.99841 4.00093 0.500493 3.49876 
1000 2429 1.56777 1.78216 6.85404 1.02085 
1000 2430 5.0573 5.08806 2.98593 2.28349 
1000 2431 3.39477 7.25045 0.891223 6.9199 
1000 2432 8.25807 3.96258 1.9325 5.88387 
1000 2433 3.99428 5.30269 0.629381 4.37611 
1000 2434 4.00012 3.99858 0.500563 3.49969 
1000 2435 3.59848 7.90336 2.27302 4.73549 
1000 2436 4.00029 4.00053 0.50108 3.49929 
1000 2437 3.05135 9.13383 7.4103 6.65731 
1000 2438 10.1926 4.25425 4.23873 3.82403 
1000 2439 7.07281 4.85688 4.09405 7.89694 
1000 2440 3.94146 6.97821 1.65327 4.8166 
1000 2441 0.983214 0.925142 1.31748 1.49722 
1000 2442 6.08061 2.68743 2.54926 6.17757 
1000 2443 9.1741 2.79773 4.79421 9.06607 
1000 2444 4.78529 5.87761 2.73323 5.95606 
1000 2445 4.37027 4.03351 1.01726 3.16089 
1000 2446 2.3761 5.34706 1.08934 8.32322 
1000 2447 9.58941 8.09597 5.79173 1.65091 
1000 2448 2.17199 6.14189 7.63925 7.82686 
1000 2449 4.61004 9.43096 6.93242 3.63528 
1000 2450 3.6543 4.94688 2.4095 4.84877 
1000 2451 1.96404 6.73154 2.99045 2.95745 
1000 2452 5.46142 6.77439 7.43054 5.76513 
1000 2453 4.3366 8.80972 3.87785 4.29719 
1000 2454 3.87718 4.01562 1.33958 5.56683 
1000 2455 7.89441 7.10929 6.68453 7.89845 
1000 2456 7.91577 2.94757 1.39497 7.21096 
1000 2457 2.35193 3.56009 1.80456 4.7614 
1000 2458 6.98683 7.68053 5.49542 2.60855 
1000 2459 1.38013 0.97021 2.61958 1.24659 
1000 2460 4.00115 3.9997 0.499976 3.50117 
1000 2461 7.1897 2.36767 4.22474 7.27005 
1000 2462 5.546 4.72351 3.08532 6.81928 
1000 2463 5.62193 7.30449 2.18178 3.26519 
1000 2464 5.33826 4.82755 7.2041 2.80476 
1000 2465 6.34426 5.26188 6.40168 8.65906 
1000 2466 3.99872 4.00003 0.498708 3.50136 
1000 2467 2.80972 4.86073 1.10036 7.511 
1000 2468 2.96954 7.9402 0.968659 7.79117 
1000 2469 3.54896 4.05073 0.722029 3.76399 
1000 2470 7.05343 2.10107 2.30604 9.24856 
1000 2471 3.76936 6.52699 0.760987 5.92496 
1000 2472 4.11411 3.92422 0.712923 3.67005 
1000 2473 4.22705 3.69205 0.77064 3.6226 
1000 2474 8.63001 3.29759 2.76283 4.1745 
1000 2475 4.09288 3.93383 0.731473 3.6667 
1000 2476 1.60325 1.71868 5.92434 0.901633 
1000 2477 3.75591 5.46287 1.40371 8.19619 
1000 2478 5.88276 2.94656 1.99471 5.54371 
1000 2479 4.00037 4.0006 0.500797 3.49983 
1000 2480 4.21177 2.82907 4.64732 8.00363 
1000 2481 3.66865 4.92831 2.41398 4.82869 
1000 2482 5.36261 7.30005 4.45943 6.79739 
1000 2483 4.52025 3.25671 2.84729 4.50325 
1000 2484 5.90523 4.32075 0.665144 6.00815 
1000 2485 8.28471 6.7438 3.61271 1.94627 
1000 2486 9.4763 8.0078 5.6293 8.87496 
1000 2487 4.00168 3.99876 0.500663 3.49989 
1000 2488 5.60072 3.47588 1.02029 3.96315 
1000 2489 5.8919 4.62679 3.47686 7.69158 
1000 2490 4.40253 3.95675 0.796383 3.38795 
1000 2491 6.77532 4.39762 2.10361 4.57855 
1000 2492 4.03858 4.0002 0.546099 3.45385 
1000 2493 4.47277 5.22211 2.23489 5.63684 
1000 2494 7.82882 5.82313 4.25151 6.91107 
1000 2495 1.87959 2.32309 7.36825 6.73238 
1000 2496 4.86137 1.57202 6.42589 6.81599 
1000 2497 6.36061 3.63248 1.52236 4.23109 
1000 2498 1.00023 1.00141 0.500522 1.49987 
1000 2499 4.11383 3.92332 0.713358 3.66891 
1000 2500 6.39044 3.02896 1.80939 3.80629 
1000 2501 4.57819 6.58881 5.96926 3.61755 
1000 2502 2.61765 9.88565 8.21912 7.06537 
1000 2503 2.45543 4.00461 7.52855 8.69241 
1000 2504 4.36238 4.17828 1.15635 2.99137 
1000 2505 4.79888 4.80433 2.5508 5.62757 
1000 2506 2.66995 3.8952 5.62008 2.15735 
1000 2507 4.82878 7.4226 4.05463 6.42249 
1000 2508 9.43246 10.627 6.55706 4.21702 
1000 2509 3.98308 4.01921 0.506548 3.55555 
1000 2510 5.00339 5.18403 0.604695 3.6725 
1000 2511 2.35306 8.86044 6.50977 2.17066 
1000 2512 2.31748 2.78928 5.9477 5.4604 
1000 2513 2.31523 2.18782 3.69171 8.8891 
1000 2514 3.99938 3.99885 0.500159 3.49984 
1000 2515 5.93335 8.85285 9.04498 4.42759 
1000 2516 3.99629 4.03573 0.602091 3.43047 
1000 2517 2.27087 9.59521 5.8967 7.67603 
1000 2518 5.09085 3.79116 3.21455 3.61824 
1000 2519 6.52925 4.18717 1.70826 2.73387 
1000 2520 5.37544 2.65121 5.60592 5.70365 
1000 2521 6.97895 7.68104 5.48856 2.60401 
1000 2522 3.93406 4.0326 0.972179 5.29326 
1000 2523 2.57273 3.11428 5.15058 4.98993 
1000 2524 1.83581 5.26628 5.872 3.5247 
1000 2525 4.37231 3.7569 1.8595 4.2519 
1000 2526 3.99897 4.00169 0.499388 3.49901 
1000 2527 4.96533 4.76171 2.22126 4.73651 
1000 2528 1.92351 6.24056 6.3849 2.05332 
1000 2529 6.3245 2.42093 5.13591 3.09317 
1000 2530 4.26788 7.33545 4.48037 8.25644 
1000 2531 4.40875 6.34567 2.91873 2.53597 
1000 2532 2.49749 9.5106 8.83778 9.92743 
1000 2533 1.4865 5.39838 7.22007 3.49704 
1000 2534 0.847986 1.11304 2.66317 1.81879 
1000 2535 2.25278 5.33544 6.23372 7.182 
1000 2536 6.67836 3.07363 7.53089 6.71395 
1000 2537 6.0954 5.5195 1.49366 2.60233 
1000 2538 7.70359 4.90235 4.62776 8.12376 
1000 2539 7.65294 5.40372 1.60197 5.17223 
1000 2540 3.99642 0.831523 7.41531 1.42082 
1000 2541 2.56976 7.01644 1.57396 2.44506 
1000 2542 2.90738 4.71421 8.24071 6.86856 
1000 2543 4.81817 3.84825 1.86718 3.20486 
1000 2544 4.57174 3.93075 1.3372 3.1087 
1000 2545 4.82226 1.58599 7.00892 7.21032 
1000 2546 6.3284 7.90175 6.16232 5.37741 
1000 2547 5.26609 3.71444 2.7832 3.26636 
1000 2548 6.532 5.27307 0.705919 7.04596 
1000 2549 4.06357 8.74211 3.43707 2.0306 
1000 2550 5.32082 5.51048 6.98057 10.5295 
1000 2551 8.29061 4.89478 5.17809 8.48004 
1000 2552 8.47758 7.09041 4.96481 8.04352 
1000 2553 7.82896 5.82287 4.25173 6.91143 
1000 2554 4.48154 5.91636 4.06317 4.60935 
1000 2555 7.0556 7.56246 3.61419 5.51103 
1000 2556 2.53192 3.95533 6.18384 2.20334 
1000 2557 3.8803 3.9646 0.665548 3.45102 
1000 2558 8.83516 6.56182 0.995063 3.55869 
1000 2559 4.71983 4.96588 5.51777 7.36931 
1000 2560 10.4996 5.10055 8.93403 10.8644 
1000 2561 3.99841 4.00066 0.499729 3.49902 
1000 2562 1.0004 0.999268 0.498492 1.50016 
1000 2563 7.92409 4.96251 7.37834 5.33539 
1000 2564 1.87548 5.95104 6.8733 3.73387 
1000 2565 7.53656 6.19073 3.26722 3.81548 
1000 2566 4.00175 3.17589 3.90439 7.66058 
1000 2567 3.67351 9.91222 7.69957 9.01726 
1000 2568 6.71022 8.14728 2.51906 4.2444 
1000 2569 5.85359 4.69911 3.30135 7.42201 
1000 2570 7.80728 6.16222 0.960486 3.40439 
1000 2571 4.5829 6.91251 6.66717 3.80356 
1000 2572 8.64069 2.61142 6.29727 6.88404 
1000 2573 7.54589 7.57136 1.00897 2.94068 
1000 2574 3.87408 3.48828 3.44045 7.40193 
1000 2575 4.00005 4.00184 0.500123 3.4982 
1000 2576 5.74543 4.05177 4.47028 3.87126 
1000 2577 1.47088 1.11589 7.84059 1.50666 
1000 2578 2.85381 5.35056 0.593501 3.90162 
1000 2579 4.15822 4.30829 1.66008 6.91946 
1000 2580 5.97823 4.53767 5.15878 3.72289 
1000 2581 3.90922 2.79063 2.01577 2.85096 
1000 2582 9.19738 6.84539 7.31569 6.84538 
1000 2583 1.26939 1.33242 5.83617 3.03123 
1000 2584 1.63088 1.64959 6.3475 0.999012 
1000 2585 4.40208 3.95566 0.796065 3.38801 
1000 2586 1.64872 1.13834 7.59961 4.01567 
1000 2587 3.41663 3.94398 7.24526 5.29187 
1000 2588 5.49293 5.14462 2.46593 5.00664 
1000 2589 4.36971 4.85136 2.2516 2.48673 
1000 2590 0.998293 1.00019 0.499593 1.49958 
1000 2591 6.02454 7.20411 0.802252 5.61194 
1000 2592 5.42662 6.68742 6.5862 5.60088 
1000 2593 9.1227 6.2669 4.90163 8.10155 
1000 2594 6.45735 7.42642 8.44801 8.49496 
1000 2595 3.90135 9.14667 1.54366 8.09629 
1000 2596 9.61456 2.87938 7.76404 2.60856 
1000 2597 6.14111 2.21935 7.06289 6.60698 
1000 2598 4.27312 9.18191 3.83283 2.10565 
1000 2599 4.00063 4.0001 0.500782 3.49958 
1000 2600 7.50973 7.60295 7.82493 4.71319 
1000 2601 3.99954 4.0007 0.500186 3.50056 
1000 2602 6.17581 4.89856 3.2546 7.8803 
1000 2603 6.86056 2.02338 1.94564 8.59918 
1000 2604 6.31189 7.51815 0.920202 5.73287 
1000 2605 8.67105 5.19442 5.0632 4.70662 
1000 2606 5.22251 5.51361 0.646444 3.93301 
1000 2607 8.96966 2.40802 6.61944 7.11932 
1000 2608 9.72775 7.72247 7.2034 8.65869 
1000 2609 4.91083 3.6642 0.66997 3.83103 
1000 2610 8.07707 2.45379 7.38831 4.90754 
1000 2611 4.58282 3.79866 0.583 3.7071 
1000 2612 6.94968 1.66292 7.55791 4.22073 
1000 2613 2.45526 1.88714 3.44948 5.69336 
1000 2614 8.07727 2.45387 7.38796 4.90779 
1000 2615 4.21392 4.01747 0.788258 3.23618 
1000 2616 3.03548 6.98915 8.97221 9.79236 
1000 2617 9.94917 7.67355 7.31544 8.72749 
1000 2618 7.54081 7.89138 4.16038 5.81841 
1000 2619 3.9991 4.00095 0.500505 3.50001 
1000 2620 7.1637 5.96883 2.26694 2.12474 
1000 2621 6.6464 10.2922 6.18004 8.73794 
1000 2622 8.13389 6.17516 3.36664 1.94313 
1000 2623 4.43095 2.68445 2.38977 3.89357 
1000 2624 4.52953 9.51207 7.47153 3.47605 
1000 2625 7.88422 7.88436 8.19136 4.91501 
1000 2626 2.51208 2.99488 5.41323 5.12454 
1000 2627 4.42048 5.95051 2.65584 2.47936 
1000 2628 6.76311 7.33816 3.32298 5.34932 
1000 2629 4.52051 4.84275 0.54526 3.61094 
1000 2630 7.64266 5.39445 1.60236 5.17974 
1000 2631 3.00581 4.61104 6.8351 5.00565 
1000 2632 4.33636 8.81072 3.87901 4.29889 
1000 2633 0.969978 0.916584 1.89777 1.5637 
1000 2634 1.68326 1.35244 7.27404 1.23555 
1000 2635 4.12748 3.90669 0.816484 3.74309 
1000 2636 4.61503 3.94391 0.914279 3.34079 
1000 2637 2.9618 2.92925 1.27485 7.36856 
1000 2638 5.84412 2.89483 0.811505 4.84825 
1000 2639 3.38014 8.1487 7.927 1.50618 
1000 2640 4.3171 3.00119 1.86742 3.80736 
1000 2641 5.90932 4.45203 5.01824 3.75515 
1000 2642 4.0011 4.00004 0.501061 3.50028 
1000 2643 2.13109 2.91964 4.98307 7.36006 
1000 2644 5.74528 7.57664 8.03003 1.7202 
1000 2645 6.16794 4.19178 0.739026 6.71548 
1000 2646 7.87009 6.25932 3.0622 1.97761 
1000 2647 6.17071 6.93652 1.79509 3.96574 
1000 2648 9.281 4.8594 6.89663 9.94688 
1000 2649 3.87382 4.03222 1.32668 5.48258 
1000 2650 3.30584 7.77387 5.50887 5.20519 
1000 2651 5.73893 6.8963 2.7466 6.6017 
1000 2652 2.31431 7.96859 7.22634 8.00195 
1000 2653 6.27136 4.01774 4.85289 4.06403 
1000 2654 8.97519 7.57233 4.69636 1.82652 
1000 2655 4.96978 4.7649 2.22315 4.73843 
1000 2656 3.85952 3.3178 0.613033 6.28209 
1000 2657 8.43505 6.86576 3.73151 2.11678 
1000 2658 4.58045 5.58926 2.58766 5.83485 
1000 2659 6.55533 2.2262 1.08981 6.28031 
1000 2660 7.43779 8.32748 1.52044 5.9266 
1000 2661 8.78322 9.70415 6.77805 7.04087 
1000 2662 6.48064 5.20852 6.5861 8.77686 
1000 2663 6.92182 7.16897 7.5702 10.1704 
1000 2664 6.54195 8.32888 6.60506 5.73265 
1000 2665 6.12371 7.36905 2.74433 7.12384 
1000 2666 4.47944 5.23552 2.25201 5.65948 
1000 2667 5.46295 6.09017 0.683132 4.57203 
1000 2668 2.39582 3.99966 7.87961 8.92823 
1000 2669 6.57614 4.09986 0.831118 8.07691 
1000 2670 9.54585 4.71831 6.05592 1.84509 
1000 2671 3.93765 6.18275 0.755705 5.32894 
1000 2672 2.28511 7.99637 7.2744 8.02727 
1000 2673 5.04645 2.59082 4.92087 5.31955 
1000 2674 5.9257 7.11826 2.74645 6.80959 
1000 2675 5.46772 6.73812 7.02307 5.70764 
1000 2676 8.25256 5.40246 7.92656 2.90181 
1000 2677 7.56511 7.60861 1.01245 2.94689 
1000 2678 3.8131 3.14966 2.18831 7.07361 
1000 2679 2.82848 3.91052 2.38484 4.20253 
1000 2680 6.4561 3.18578 7.25681 6.93752 
1000 2681 5.69212 3.07323 1.40303 5.00924 
1000 2682 5.63234 3.08855 0.895274 1.97841 
1000 2683 7.66257 8.10782 1.0248 2.81811 
1000 2684 3.13219 5.12403 2.35503 2.53203 
1000 2685 7.54551 7.75378 6.10643 3.15356 
1000 2686 2.31743 2.18485 3.69065 8.88804 
1000 2687 9.43828 4.67178 2.55303 6.85596 
1000 2688 4.40101 5.15323 2.16005 2.59625 
1000 2689 7.27586 3.04692 8.36414 6.77325 
1000 2690 3.84896 3.56966 1.99605 6.62316 
1000 2691 4.96539 4.62629 6.63394 7.68845 
1000 2692 6.50676 3.63511 3.57679 2.7951 
1000 2693 4.40274 3.6549 2.06293 4.30036 
1000 2694 4.30517 4.06566 0.961714 3.10953 
1000 2695 7.62789 3.26145 2.11752 4.40746 
1000 2696 1.91933 2.66819 5.38264 8.23001 
1000 2697 3.99974 3.9994 0.500926 3.50016 
1000 2698 6.09572 5.51991 1.49391 2.60309 
1000 2699 6.87182 3.46772 2.17199 4.50957 
1000 2700 9.31678 8.44375 4.37877 2.1011 
1000 2701 2.45062 8.38347 7.83673 8.62055 
1000 2702 3.33842 7.24058 5.0581 1.87533 
1000 2703 6.85827 5.50722 8.22722 8.16374 
1000 2704 5.58775 3.09518 0.816933 4.57664 
1000 2705 7.92526 3.21587 2.30138 4.33801 
1000 2706 2.08827 6.58042 7.44556 3.86583 
1000 2707 8.42369 5.23155 9.89694 9.12012 
1000 2708 5.37577 3.52615 0.885834 3.93329 
1000 2709 6.77388 4.39719 2.10342 4.57751 
1000 2710 4.00079 3.99837 0.500453 3.49959 
1000 2711 7.85635 2.35525 4.39066 7.56404 
1000 2712 9.00397 3.12377 7.23106 7.62105 
1000 2713 8.1518 3.20744 2.43565 4.29538 
1000 2714 2.21389 4.70508 4.72802 8.82091 
1000 2715 5.05746 3.60745 0.724467 3.88065 
1000 2716 6.80416 1.8359 5.89151 3.12965 
1000 2717 5.75769 5.24033 2.62375 5.21349 
1000 2718 4.02175 4.44272 1.97473 4.69738 
1000 2719 3.13227 4.03006 5.4675 4.7909 
1000 2720 3.48833 6.95658 4.94283 1.86578 
1000 2721 8.07704 2.45378 7.38837 4.9075 
1000 2722 5.70461 5.4668 6.98929 7.55431 
1000 2723 3.43348 3.19722 0.82035 6.67099 
1000 2724 4.00013 3.99909 0.5007 3.50064 
1000 2725 5.11294 4.55209 6.11333 3.23204 
1000 2726 6.73916 7.75558 5.27908 2.5721 
1000 2727 10.1979 4.96136 7.569 1.73438 
1000 2728 3.21126 7.62391 0.983242 7.32927 
1000 2729 3.99506 4.03668 0.602675 3.43056 
1000 2730 5.69906 2.76751 6.22905 6.06648 
1000 2731 0.999667 0.999986 0.501969 1.50053 
1000 2732 8.39559 2.90408 2.14695 4.84814 
1000 2733 0.999761 0.999805 0.499742 1.49932 
1000 2734 7.06337 7.68844 5.55894 2.65251 
1000 2735 5.8566 6.81218 9.12441 9.15085 
1000 2736 9.63448 8.0245 5.72852 1.66366 
1000 2737 3.86141 3.98169 0.702911 4.99893 
1000 2738 2.4048 9.17823 2.19769 8.63244 
1000 2739 5.33001 4.81776 7.18005 2.80602 
1000 2740 7.12181 4.51749 2.10118 4.8327 
1000 2741 8.63131 3.6174 7.43217 5.06754 
1000 2742 7.90505 2.85643 5.93533 5.29723 
1000 2743 8.47675 8.14957 7.46844 8.50583 
1000 2744 4.4015 5.13098 2.14656 2.59971 
1000 2745 1.63197 1.64603 6.31343 0.995151 
1000 2746 5.47843 6.84864 5.09315 4.54245 
1000 2747 5.19108 6.55218 4.78742 4.42919 
1000 2748 4.92388 3.80953 2.19198 3.29166 
1000 2749 4.96894 4.29332 4.88695 3.68404 
1000 2750 7.09331 3.44332 8.93359 8.77003 
1000 2751 4.4647 4.05846 2.20427 7.83694 
1000 2752 7.91877 3.74918 6.62933 4.99987 
1000 2753 3.99997 3.99962 0.498797 3.49925 
1000 2754 4.24169 7.62427 3.43799 3.38438 
1000 2755 3.2847 4.11447 6.77505 5.16769 
1000 2756 4.9732 4.67471 5.81417 3.68895 
1000 2757 4.00071 3.99873 0.50064 3.49855 
1000 2758 3.8498 3.62081 1.95965 6.58567 
1000 2759 5.97255 7.73165 2.40059 3.10625 
1000 2760 4.56916 9.31811 4.33292 4.43527 
1000 2761 5.65925 7.45502 5.13326 2.87433 
1000 2762 4.85885 2.63232 4.41848 5.07124 
1000 2763 8.00562 1.46817 1.11981 8.98921 
1000 2764 8.72727 9.19606 2.37513 5.85961 
1000 2765 2.29955 5.43342 3.93526 4.11269 
1000 2766 3.4222 7.18008 0.872785 6.84246 
1000 2767 9.18396 4.94304 8.67655 5.58064 
1000 2768 4.00108 3.99907 0.500637 3.50022 
1000 2769 5.60166 3.47567 1.02089 3.96326 
1000 2770 5.39342 4.92632 7.51054 2.69744 
1000 2771 4.36326 4.53279 1.77984 7.36463 
1000 2772 4.99333 4.40308 5.35025 3.54981 
1000 2773 4.14303 4.29393 1.64865 6.88483 
1000 2774 6.44433 8.06898 6.38867 5.53832 
1000 2775 7.94434 3.15915 5.56066 5.93506 
1000 2776 4.02091 4.04787 0.498014 3.49056 
1000 2777 1.51694 6.69773 7.71315 2.072 
1000 2778 3.87846 3.96707 0.663712 3.44989 
1000 2779 9.83546 6.77493 5.87262 9.42017 
1000 2780 6.95733 4.8595 7.66116 9.40389 
1000 2781 2.43006 8.33075 7.79088 8.51624 
1000 2782 4.66499 3.75147 1.13472 2.77458 
1000 2783 6.66815 7.67443 5.22523 2.53494 
1000 2784 6.09526 3.20924 4.45687 2.89316 
1000 2785 9.13654 5.14311 1.44387 7.33865 
1000 2786 6.37302 6.70365 3.00587 5.13421 
1000 2787 4.1489 3.90126 0.56312 3.55641 
1000 2788 4.74784 6.57311 4.59251 6.24961 
1000 2789 3.99898 3.99903 0.501756 3.50024 
1000 2790 2.58489 2.66527 2.48334 4.90295 
1000 2791 7.35401 2.13819 5.76309 8.2533 
1000 2792 11.7773 11.9245 11.1909 11.2938 
1000 2793 3.92971 4.03998 1.00793 5.37666 
1000 2794 9.65313 10.796 6.89969 4.27808 
1000 2795 9.73712 4.7337 2.68057 7.09087 
1000 2796 8.5986 6.35733 8.67454 3.38802 
1000 2797 7.73942 2.36104 2.82698 5.23155 
1000 2798 1.52297 4.77922 7.59881 6.94016 
1000 2799 2.70734 2.72555 1.7625 7.98283 
1000 2800 5.73293 3.05125 1.53366 5.12697 
1000 2801 2.50059 4.08285 7.18036 2.26643 
1000 2802 3.02369 8.25289 0.957336 8.1287 
1000 2803 3.92482 4.04817 1.04472 5.46516 
1000 2804 7.89985 3.82245 4.38192 2.26267 
1000 2805 2.91621 9.55767 9.0579 9.99502 
1000 2806 4.93528 7.59601 2.93955 8.81761 
1000 2807 5.86421 6.92804 6.89776 1.69467 
1000 2808 4.38398 4.10883 1.77592 4.35498 
1000 2809 6.39456 2.6252 0.864668 5.44359 
1000 2810 4.72639 3.74025 0.614558 3.76322 
1000 2811 3.31023 4.03199 0.907067 3.87674 
1000 2812 5.70021 10.2033 5.01748 4.70791 
1000 2813 5.11827 4.50474 5.94021 3.34069 
1000 2814 7.22659 4.04164 0.940602 8.59544 
1000 2815 4.49301 3.34787 2.65742 4.44495 
1000 2816 9.53079 8.72991 4.56194 2.11573 
1000 2817 1.87086 9.59337 7.59948 2.77547 
1000 2818 5.29285 6.61365 5.88545 5.42521 
1000 2819 8.60189 7.25608 3.968 1.97425 
1000 2820 6.12022 2.74263 2.70702 6.11133 
1000 2821 3.35757 3.99976 8.14296 5.7002 
1000 2822 1.56763 1.78315 6.85727 1.0209 
1000 2823 8.32366 4.88475 5.22437 8.52161 
1000 2824 3.99955 3.99986 0.49887 3.49977 
1000 2825 5.30222 4.82979 7.09452 2.82544 
1000 2826 2.64273 5.67916 0.732991 3.98659 
1000 2827 5.31856 7.46139 4.62772 6.89114 
1000 2828 4.41778 4.50905 1.60145 2.78802 
1000 2829 2.86314 3.70847 3.82812 4.38653 
1000 2830 2.43849 4.09755 4.25938 5.88537 
1000 2831 6.61876 8.28863 2.93165 8.53105 
1000 2832 0.973212 0.964303 0.914896 1.50419 
1000 2833 1.52905 4.78321 7.59783 6.93909 
1000 2834 5.70523 4.37306 0.605922 5.5239 
1000 2835 8.91493 2.43771 8.57349 4.41746 
1000 2836 6.36511 4.10259 0.791995 7.35562 
1000 2837 6.75936 5.88696 7.55861 3.19896 
1000 2838 7.86477 3.03709 5.37926 5.31549 
1000 2839 2.18592 7.50683 4.86868 8.73569 
1000 2840 3.83036 4.74598 2.30902 4.75743 
1000 2841 5.65745 6.58996 0.70761 5.13442 
1000 2842 4.44531 6.56024 2.91792 7.36287 
1000 2843 7.96387 2.98665 1.46732 7.40996 
1000 2844 4.00164 4.00056 0.500992 3.50026 
1000 2845 5.10359 4.77406 2.79012 6.12397 
1000 2846 1.84965 6.92427 3.13466 2.64261 
1000 2847 4.78968 7.27821 2.90299 8.34191 
1000 2848 4.11292 3.92114 0.713444 3.66973 
1000 2849 4.61944 9.63002 7.83697 3.39077 
1000 2850 4.00012 3.99903 0.500403 3.50095 
1000 2851 3.90235 7.89401 3.01547 1.97369 
1000 2852 8.01309 6.01944 4.39478 7.17234 
1000 2853 5.68169 7.04709 5.26831 4.61916 
1000 2854 6.06187 4.68872 0.629016 6.18901 
1000 2855 4.76895 6.50275 4.49149 6.34966 
1000 2856 3.99991 3.99985 0.501125 3.49932 
1000 2857 0.999721 0.999831 0.499714 1.49933 
1000 2858 7.54205 3.37157 3.58707 4.93516 
1000 2859 5.37199 5.15132 3.47342 2.0894 
1000 2860 3.16173 8.8546 7.08901 6.4007 
1000 2861 3.79009 7.39314 1.95028 4.78902 
1000 2862 5.78479 4.7377 3.19758 7.20569 
1000 2863 3.75389 5.46186 1.40504 8.19481 
1000 2864 2.4753 6.76604 4.43785 5.17348 
1000 2865 3.45524 6.58152 4.45597 2.00756 
1000 2866 5.39438 7.48397 3.71903 1.78066 
1000 2867 4.28858 7.04981 3.93781 7.92719 
1000 2868 6.73027 7.74532 5.26726 2.53482 
1000 2869 7.269 4.27896 0.893691 9.12133 
1000 2870 2.47056 4.03406 6.79339 2.25102 
1000 2871 6.35881 7.41158 5.03582 2.5649 
1000 2872 3.23158 4.18735 6.50099 5.07647 
1000 2873 3.95978 4.07339 0.515767 3.66573 
1000 2874 8.30142 5.39877 7.97263 2.89542 
1000 2875 4.00162 3.99961 0.498791 3.49986 
1000 2876 4.91292 5.00099 5.92939 7.41766 
1000 2877 2.28375 7.99583 7.27364 8.02748 
1000 2878 2.84099 3.78163 3.33296 4.30195 
1000 2879 8.19287 3.09356 5.96416 6.51555 
1000 2880 6.6391 1.89345 6.40203 3.52762 
1000 2881 1.04027 0.900843 1.721 1.45782 
1000 2882 11.9812 12.4125 10.6332 12.6902 
1000 2883 4.55748 6.75024 0.996788 3.38255 
1000 2884 3.99991 4.00005 0.500764 3.50014 
1000 2885 5.87395 4.56791 4.67278 9.06853 
1000 2886 6.00945 5.48874 1.46878 2.6162 
1000 2887 6.04047 5.25163 6.15432 8.38663 
1000 2888 5.62583 7.09041 9.05882 6.32275 
1000 2889 3.00483 1.00317 5.60283 1.31549 
1000 2890 4.54369 6.40196 5.6482 3.57389 
1000 2891 2.23474 5.44091 4.01236 4.0659 
1000 2892 7.37648 4.38584 2.04703 2.50768 
1000 2893 7.88625 6.81864 6.24404 7.52296 
1000 2894 1.9253 9.22892 7.23275 2.48548 
1000 2895 8.24222 4.5434 1.97099 5.24875 
1000 2896 4.95902 5.12334 5.9445 7.39885 
1000 2897 2.57654 3.99273 3.34885 5.00288 
1000 2898 3.43133 4.1904 3.81789 7.48868 
1000 2899 7.0168 6.1337 0.882966 3.26394 
1000 2900 3.63664 4.93787 2.50109 4.75924 
1000 2901 4.40868 4.51849 1.59844 2.78786 
1000 2902 3.01587 5.1598 1.97147 2.58176 
1000 2903 3.40239 8.71879 1.03927 8.67554 
1000 2904 3.03791 5.57658 1.79078 2.53795 
1000 2905 8.75995 3.96541 2.11412 6.1456 
1000 2906 5.33469 8.17464 5.24162 7.21522 
1000 2907 7.49333 4.82503 6.7926 5.16324 
1000 2908 3.25677 7.91819 7.841 1.48306 
1000 2909 4.55614 5.51933 0.681121 3.53709 
1000 2910 2.45902 7.36999 1.566 2.4039 
1000 2911 8.89647 2.22408 4.54111 8.15561 
1000 2912 6.08196 7.27351 4.84047 2.62925 
1000 2913 4.92746 6.3837 4.8686 5.01871 
1000 2914 2.0976 5.43812 4.21198 3.97139 
1000 2915 5.61982 6.42316 8.69369 8.92041 
1000 2916 8.01067 4.49161 1.70963 5.73142 
1000 2917 5.99146 7.24349 7.67529 7.5494 
1000 2918 6.17007 5.24718 5.16979 1.47331 
1000 2919 3.85271 3.78484 1.84874 6.39838 
1000 2920 5.52674 2.71727 5.89637 5.87372 
1000 2921 0.999343 0.999151 0.500363 1.50047 
1000 2922 9.57013 8.77479 4.59177 2.15191 
1000 2923 7.9553 6.17514 0.987234 3.4456 
1000 2924 5.09096 6.99763 4.156 2.81196 
1000 2925 4.44859 3.48829 2.36473 4.37053 
1000 2926 5.83688 6.92952 0.747384 5.4349 
1000 2927 6.58046 7.45014 8.48271 8.56501 
1000 2928 2.78459 3.92352 2.6797 4.32066 
1000 2929 2.67034 3.89492 5.62052 2.15674 
1000 2930 6.26664 9.53467 8.33014 2.93583 
1000 2931 4.18083 5.48814 3.512 4.54946 
1000 2932 5.33941 6.7004 4.95203 4.47244 
1000 2933 6.57015 9.21395 8.47654 3.40005 
1000 2934 6.56143 1.98218 3.0261 7.58863 
1000 2935 3.07947 3.91225 5.10258 4.69774 
1000 2936 7.27205 5.90501 3.07389 3.78761 
1000 2937 1.5736 1.20959 7.56844 1.39729 
1000 2938 2.4924 7.26969 1.56988 2.41724 
1000 2939 8.06268 5.88858 1.73846 5.82306 
1000 2940 3.93403 4.03243 0.97203 5.29349 
1000 2941 3.9607 4.07023 0.515684 3.66331 
1000 2942 6.67298 2.23438 1.21385 6.71015 
1000 2943 1.81436 5.25186 5.86183 3.51903 
1000 2944 3.84348 3.74339 2.00395 6.53853 
1000 2945 8.18381 4.95127 7.58835 5.32271 
1000 2946 6.69214 4.22113 1.77494 2.69365 
1000 2947 5.44672 2.68023 5.74302 5.78405 
1000 2948 4.71162 3.7463 0.611076 3.75747 
1000 2949 4.27372 7.29472 4.38631 8.19351 
1000 2950 6.36058 3.63241 1.52238 4.23117 
1000 2951 4.16367 5.46031 3.47753 4.54521 
1000 2952 8.08395 8.69145 4.59518 3.74171 
1000 2953 7.78356 1.99955 6.43896 8.6777 
1000 2954 8.68891 6.71892 6.50167 7.19435 
1000 2955 8.10037 3.05509 1.62579 7.91321 
1000 2956 4.11428 3.92401 0.712661 3.66952 
1000 2957 3.41882 3.89146 7.77294 5.49906 
1000 2958 5.3614 7.29995 4.45937 6.79732 
1000 2959 3.92995 2.29036 2.98239 7.49337 
1000 2960 4.98547 3.77905 2.52608 3.40192 
1000 2961 7.50427 3.42745 3.41789 4.8882 
1000 2962 4.03361 7.17651 2.87116 2.10341 
1000 2963 2.09975 5.55343 4.71127 4.5451 
1000 2964 4.53566 9.26208 4.29327 4.39885 
1000 2965 4.33879 2.65414 2.41917 3.88304 
1000 2966 3.99991 4.00134 0.500612 3.49975 
1000 2967 4.34644 4.51729 0.509889 3.57857 
1000 2968 4.00174 4.00358 0.49993 3.49944 
1000 2969 4.54857 4.82035 1.80547 7.72046 
1000 2970 4.35931 4.75311 5.06061 7.30944 
1000 2971 5.35622 2.64761 5.57123 5.68235 
1000 2972 8.54961 7.19286 3.86672 1.99662 
1000 2973 4.81048 1.58489 7.20815 7.34434 
1000 2974 8.00762 8.08594 1.12728 3.36167 
1000 2975 2.18909 7.49861 4.87332 8.73468 
1000 2976 6.51791 4.92609 2.30089 3.46835 
1000 2977 7.91814 3.75113 6.62937 5.00152 
1000 2978 2.66998 3.89514 5.61953 2.15735 
1000 2979 1.56933 1.75949 5.22736 0.798575 
1000 2980 7.7297 2.87655 1.20285 6.74419 
1000 2981 7.86497 5.84028 4.27531 6.96021 
1000 2982 4.14741 3.90372 0.561148 3.55557 
1000 2983 2.28071 4.67721 4.69075 8.73426 
1000 2984 8.87834 8.34719 7.41875 4.2426 
1000 2985 3.96655 4.0651 0.714551 3.35052 
1000 2986 5.87739 7.78843 0.840055 6.33922 
1000 2987 8.91215 1.31193 6.44399 4.34268 
1000 2988 7.12973 4.53808 2.10331 4.84533 
1000 2989 1.63247 1.64806 6.24701 0.983544 
1000 2990 7.43255 9.0061 3.31527 7.73023 
1000 2991 3.17099 8.83187 7.0635 6.37983 
1000 2992 2.80859 5.68099 7.99005 5.45433 
1000 2993 6.71541 2.01544 3.65928 4.15187 
1000 2994 4.00032 3.99931 0.500772 3.49931 
1000 2995 4.17579 7.3916 2.14589 5.48498 
1000 2996 4.02209 10.5659 9.10067 9.93387 
1000 2997 4.56232 6.64593 0.972706 3.38936 
1000 2998 6.4126 4.32624 1.97694 4.40193 
1000 2999 3.99919 4.00066 0.50019 3.50089 
1000 3000 1.00017 0.999817 0.500869 1.50109 
1000 3001 6.56189 5.11484 6.29129 3.46127 
1000 3002 9.00316 8.10085 1.19763 8.10595 
1000 3003 3.85536 3.8056 1.77007 6.31877 
1000 3004 6.97137 5.68877 3.6262 6.04709 
1000 3005 3.21605 4.18996 6.43811 5.05164 
1000 3006 4.6658 4.89947 0.552044 3.64506 
1000 3007 2.85304 5.34964 0.593552 3.90336 
1000 3008 4.78693 3.1631 8.33459 9.38551 
1000 3009 5.93249 7.19668 4.68484 2.69463 
1000 3010 1.96277 6.18622 7.09698 3.78754 
1000 3011 7.20006 7.66985 3.76802 5.59893 
1000 3012 8.04318 6.30249 5.42547 6.53291 
1000 3013 5.69989 4.06982 1.44154 3.02261 
1000 3014 2.45433 5.80823 2.50598 2.48034 
1000 3015 9.0553 2.41339 8.72599 4.31707 
1000 3016 2.40786 4.13016 4.86793 6.38958 
1000 3017 5.05382 5.06475 5.69631 7.56666 
1000 3018 0.999134 0.999729 0.500561 1.50128 
1000 3019 8.91409 3.94881 2.19531 6.24452 
1000 3020 7.27836 2.36788 4.24544 7.30715 
1000 3021 3.33531 0.938322 6.31413 1.42541 
1000 3022 4.33612 8.80988 3.87783 4.29782 
1000 3023 7.33654 2.28123 2.69077 9.73436 
1000 3024 3.88586 4.04641 0.678614 4.74902 
1000 3025 3.51639 6.99977 0.83752 6.61292 
1000 3026 4.5593 5.1921 0.60561 3.58489 
1000 3027 3.22876 5.53731 3.11628 2.38052 
1000 3028 7.28615 4.74886 6.53587 5.0806 
1000 3029 2.85121 3.74734 3.56322 4.3375 
1000 3030 8.49441 8.18464 7.49587 8.55574 
1000 3031 3.18401 5.03363 1.81407 2.60909 
1000 3032 5.15944 4.76504 2.832 6.21223 
1000 3033 6.00899 5.48861 1.46871 2.61608 
1000 3034 3.22943 4.1864 6.49317 5.06983 
1000 3035 3.95498 3.05566 0.599343 7.32801 
1000 3036 4.55092 3.84924 0.56408 3.71741 
1000 3037 5.9447 3.98586 4.56402 3.91509 
1000 3038 1.96514 6.73381 2.99118 2.95574 
1000 3039 6.08493 7.24673 8.03697 7.99903 
1000 3040 7.21998 4.24567 0.645572 3.31467 
1000 3041 6.87149 2.62459 0.972934 5.95838 
1000 3042 3.9243 4.0492 1.04967 5.47614 
1000 3043 5.6204 7.30212 2.18277 3.26332 
1000 3044 4.05112 5.7433 0.77298 4.64944 
1000 3045 3.33621 7.2424 5.06338 1.88386 
1000 3046 7.65106 1.57348 7.82571 9.25592 
1000 3047 3.45149 7.1267 0.86329 6.77486 
1000 3048 6.50779 5.02117 6.09973 3.4839 
1000 3049 5.036 5.04769 6.61301 4.03607 
1000 3050 9.33642 6.11248 5.79714 4.74902 
1000 3051 4.01639 8.66041 3.34431 2.01521 
1000 3052 7.91869 3.74932 6.62931 4.99995 
1000 3053 7.89233 7.17212 6.79105 8.02069 
1000 3054 5.22878 5.54103 6.79388 7.48272 
1000 3055 3.08001 3.01459 1.10558 7.13012 
1000 3056 10.6882 7.31322 7.67385 5.11943 
1000 3057 1.82601 3.96868 7.35481 1.9245 
1000 3058 8.53388 7.2072 5.02534 8.13713 
1000 3059 4.00053 3.99933 0.500233 3.4992 
1000 3060 9.20697 6.8745 7.36494 6.90485 
1000 3061 4.31258 6.67564 3.32004 7.95729 
1000 3062 8.33138 6.63053 1.64322 6.60246 
1000 3063 4.00086 3.9995 0.500268 3.49999 
1000 3064 6.64671 1.4518 8.8175 7.80034 
1000 3065 5.62333 4.91383 5.80146 9.9892 
1000 3066 7.92165 7.50774 7.2476 8.73211 
1000 3067 4.23831 8.2221 3.30254 6.14897 
1000 3068 2.28659 7.74455 1.66307 2.36798 
1000 3069 2.08016 2.78198 5.10266 7.61389 
1000 3070 3.96762 4.06415 0.711134 3.35242 
1000 3071 7.9387 4.90992 4.83641 8.23403 
1000 3072 6.9329 2.26245 4.95851 7.65288 
1000 3073 6.10728 3.15256 4.49049 2.9137 
1000 3074 6.82291 5.24804 6.64091 3.33209 
1000 3075 8.22198 6.56086 4.68513 7.61656 
1000 3076 8.3094 6.77859 4.79884 7.78964 
1000 3077 5.99992 8.40242 6.65372 3.07866 
1000 3078 4.09303 3.93437 0.731534 3.66694 
1000 3079 5.31061 3.34875 0.762918 4.22128 
1000 3080 6.30252 9.12975 0.88051 7.51085 
1000 3081 7.46763 4.32401 0.650809 3.27658 
1000 3082 7.71943 3.79855 4.18502 2.34227 
1000 3083 1.1488 0.893061 2.03047 1.38683 
1000 3084 5.2329 9.29628 5.33635 7.70152 
1000 3085 4.27621 7.80271 2.72765 5.82605 
1000 3086 2.43139 8.42692 7.8702 8.69842 
1000 3087 5.83953 2.72897 6.97304 2.16364 
1000 3088 6.80306 5.73782 7.39192 3.21182 
1000 3089 3.6617 4.93725 2.41285 4.83755 
1000 3090 2.16608 4.92072 4.69631 8.92651 
1000 3091 4.03023 5.24483 3.1559 4.6054 
1000 3092 2.79366 3.48926 4.45334 4.60716 
1000 3093 4.01553 3.14836 3.95847 7.6862 
1000 3094 9.32981 5.32883 1.48639 7.57643 
1000 3095 2.17533 6.19515 7.74933 7.88021 
1000 3096 2.37818 3.98794 6.6561 2.20377 
1000 3097 8.83322 8.69461 5.82605 6.70376 
1000 3098 4.38096 6.61519 3.07158 2.71887 
1000 3099 6.54602 8.44915 6.58618 5.82171 
1000 3100 5.79659 9.01078 5.22627 1.39231 
1000 3101 6.01314 5.48707 1.46937 2.61825 
1000 3102 6.46594 5.48416 7.67228 7.85954 
1000 3103 2.84088 8.34904 1.04789 6.24626 
1000 3104 4.04191 5.68486 0.744114 4.62342 
1000 3105 5.7214 4.84793 5.89561 10.0792 
1000 3106 5.69214 3.07324 1.40308 5.00923 
1000 3107 5.74492 7.57102 5.3582 2.90724 
1000 3108 6.05719 4.61367 5.30173 3.69399 
1000 3109 7.74339 2.23663 3.23164 2.62231 
1000 3110 1.66722 8.8803 7.4586 1.64319 
1000 3111 8.26124 6.42733 5.7319 6.74248 
1000 3112 2.60164 3.91764 5.87362 2.17461 
1000 3113 5.2719 6.38908 2.75012 6.26178 
1000 3114 4.49414 3.86397 2.61922 8.2463 
1000 3115 7.52752 3.62184 5.57411 3.72949 
1000 3116 2.97686 9.34717 7.64003 6.85477 
1000 3117 12.712 10.3645 10.3388 12.9046 
1000 3118 7.59404 2.45229 3.00115 10.0508 
1000 3119 6.36996 7.43308 2.13833 4.08721 
1000 3120 3.67989 8.99781 4.0947 6.42963 
1000 3121 3.68356 4.05151 0.641702 3.70828 
1000 3122 5.91052 4.28238 0.674409 6.07328 
1000 3123 0.968409 0.93061 1.35506 1.50891 
1000 3124 5.12298 4.16442 0.538859 4.46145 
1000 3125 4.10311 3.95038 0.525911 3.53516 
1000 3126 4.40112 5.44205 2.33959 2.54311 
1000 3127 6.30161 5.44081 3.02498 5.6384 
1000 3128 9.72671 7.72007 7.20699 8.65762 
1000 3129 4.00105 4.00126 0.500654 3.50163 
1000 3130 6.76923 8.01432 2.75572 8.44319 
1000 3131 4.98228 4.1661 4.49023 3.74706 
1000 3132 2.87563 6.81458 2.94767 8.16256 
1000 3133 3.99509 4.0367 0.602667 3.43069 
1000 3134 6.7557 2.17965 1.46918 7.42163 
1000 3135 3.9143 2.78745 2.01337 2.85105 
1000 3136 4.8635 3.79728 7.94049 8.51362 
1000 3137 6.09514 5.51905 1.49342 2.60221 
1000 3138 7.50622 2.39538 2.89296 9.94928 
1000 3139 7.3358 2.28281 2.69184 9.73547 
1000 3140 5.98644 8.37762 6.60878 3.06978 
1000 3141 4.00748 5.42668 0.657832 4.46448 
1000 3142 7.79656 2.12007 2.68729 3.42093 
1000 3143 5.92582 8.85766 9.043 4.42974 
1000 3144 5.69613 4.70844 3.18944 7.09312 
1000 3145 6.56019 10.1476 6.03422 8.61836 
1000 3146 7.73949 2.36201 2.82623 5.2315 
1000 3147 2.44472 8.38445 7.83774 8.62641 
1000 3148 2.55104 8.87692 8.30113 9.34358 
1000 3149 1.96556 2.44375 2.6843 8.51388 
1000 3150 3.30679 7.77407 5.51074 5.20433 
1000 3151 4.5774 6.92279 6.74247 3.82138 
1000 3152 6.02392 4.1031 1.53548 2.89808 
1000 3153 9.20304 7.7548 5.09564 1.7657 
1000 3154 7.09301 2.50755 2.69175 3.20457 
1000 3155 3.87822 8.94082 3.31068 6.97979 
1000 3156 3.4239 3.36926 4.3653 2.44967 
1000 3157 5.16317 3.49444 0.734089 4.02519 
1000 3158 2.96735 7.91659 0.963557 7.70652 
1000 3159 8.91799 10.1223 1.46836 7.98941 
1000 3160 7.63066 3.2605 2.11991 4.40634 
1000 3161 6.87789 2.02228 1.99087 8.69927 
1000 3162 7.56216 6.09821 2.69055 1.99926 
1000 3163 4.46827 8.58178 0.90425 3.81132 
1000 3164 2.91312 3.71666 4.29635 4.49014 
1000 3165 4.46015 8.61928 0.920151 3.79216 
1000 3166 3.46295 3.92275 7.26058 5.2924 
1000 3167 4.7509 2.73211 4.04303 4.9018 
1000 3168 3.51915 8.06724 2.37722 4.69756 
1000 3169 6.03227 7.2471 2.74223 6.97262 
1000 3170 2.93573 5.94181 1.73989 2.50426 
1000 3171 7.27434 7.71992 3.84919 5.6447 
1000 3172 4.40211 3.95646 0.795963 3.38736 
1000 3173 6.60549 2.59793 0.908121 5.6823 
1000 3174 7.79682 3.77355 3.89185 4.86756 
1000 3175 3.99889 4.00034 0.500424 3.50081 
1000 3176 7.10247 3.4016 2.63753 4.67829 
1000 3177 9.39123 6.215 6.23009 6.77796 
1000 3178 3.62968 7.82181 2.22346 4.7441 
1000 3179 3.58705 6.86777 0.8124 6.43298 
1000 3180 6.85699 5.37674 2.6808 3.65531 
1000 3181 7.46003 8.78928 3.25499 2.44483 
1000 3182 5.46581 8.71942 5.61369 7.42473 
1000 3183 2.87712 3.69462 4.0109 4.42607 
1000 3184 5.62113 7.30345 2.18183 3.26439 
1000 3185 2.31405 2.188 3.6912 8.8891 
1000 3186 5.77269 7.05501 6.84895 6.60514 
1000 3187 2.57941 5.78555 0.738402 3.97492 
1000 3188 5.77192 4.69763 3.25162 7.25184 
1000 3189 7.43802 8.32809 1.52072 5.92588 
1000 3190 2.42971 4.06405 6.84541 9.67794 
1000 3191 3.30097 4.02928 0.916361 3.88191 
1000 3192 3.40242 6.30253 4.11809 2.11226 
1000 3193 2.21945 5.7973 6.99018 7.49337 
1000 3194 6.25166 4.92793 0.6455 6.53695 
1000 3195 1.50015 1.06338 2.95117 1.16413 
1000 3196 2.81092 2.81345 1.36397 7.66036 
1000 3197 6.75764 5.99046 7.71629 3.17485 
1000 3198 5.72345 4.06399 1.44007 3.00302 
1000 3199 6.75748 5.95401 0.843881 3.31237 
1000 3200 7.98374 2.99209 1.48254 7.47947 
1000 3201 6.75877 5.81902 1.89644 2.28205 
1000 3202 8.65604 6.68501 6.42262 7.13299 
1000 3203 6.2298 9.2598 8.01446 3.21763 
1000 3204 1.80994 8.2529 7.03395 1.40048 
1000 3205 5.74163 6.90207 2.74223 6.62898 
1000 3206 7.1515 8.13309 3.6767 5.72605 
1000 3207 5.22879 5.54101 6.79387 7.48272 
1000 3208 5.67071 7.38894 2.22005 3.25461 
1000 3209 3.75822 4.20705 1.20903 3.0175 
1000 3210 4.11286 3.91799 0.775694 3.70988 
1000 3211 5.55134 3.65604 3.08789 3.13451 
1000 3212 4.06892 4.53332 4.59379 7.28513 
1000 3213 4.637 2.501 2.74397 3.99965 
1000 3214 4.38342 4.26074 1.27432 2.9301 
1000 3215 7.63497 3.25897 2.12407 4.4038 
1000 3216 4.64358 5.69681 2.66426 5.87339 
1000 3217 4.0241 3.99993 0.528501 3.47177 
1000 3218 4.40548 4.84915 1.96832 2.64687 
1000 3219 5.88749 4.56204 4.65466 9.05469 
1000 3220 3.85235 3.80497 1.83356 6.37265 
1000 3221 8.6478 4.65586 2.24677 5.25287 
1000 3222 7.97879 8.04569 1.11467 3.31057 
1000 3223 5.57217 3.64907 3.12249 3.12659 
1000 3224 5.82123 5.99175 2.63598 4.93098 
1000 3225 7.91538 5.88475 4.30977 7.02341 
1000 3226 7.89279 5.42814 7.63217 2.99569 
1000 3227 4.92156 3.30537 4.92542 3.98749 
1000 3228 3.2893 4.10821 6.8034 5.17289 
1000 3229 4.08466 4.00087 0.603012 3.39656 
1000 3230 4.13257 4.00381 0.666769 3.33763 
1000 3231 4.91071 7.53992 2.93068 8.73224 
1000 3232 3.39407 4.04206 0.833432 3.83549 
1000 3233 4.0016 3.99902 0.501018 3.49997 
1000 3234 3.99988 3.99783 0.500237 3.50073 
1000 3235 6.19521 7.94116 2.52719 2.98618 
1000 3236 5.60288 4.31436 0.596476 5.3334 
1000 3237 4.96113 4.75843 2.21939 4.73471 
1000 3238 7.89832 4.92658 4.77715 8.19276 
1000 3239 8.6813 4.84363 5.74409 8.95978 
1000 3240 5.49595 6.0895 8.14054 8.33157 
1000 3241 7.37118 1.6381 7.13672 8.77295 
1000 3242 4.05671 3.97179 0.515309 3.51924 
1000 3243 5.19182 6.55223 4.78778 4.42898 
1000 3244 5.69563 3.62595 3.26841 3.07234 
1000 3245 4.77639 6.85123 3.73879 2.79226 
1000 3246 9.18707 6.83069 7.281 6.80933 
1000 3247 8.14295 6.11792 1.73751 6.08358 
1000 3248 8.24622 8.82513 1.9895 6.03096 
1000 3249 4.00074 4.00022 0.501087 3.49965 
1000 3250 5.95578 7.20526 4.69997 2.68578 
1000 3251 6.4672 5.83512 0.806975 3.37181 
1000 3252 6.94858 5.42303 8.35885 8.25139 
1000 3253 8.65446 2.42165 8.2096 4.57117 
1000 3254 5.41771 3.68273 2.93639 3.19461 
1000 3255 4.34584 3.99122 1.62595 4.24025 
1000 3256 8.42228 1.50763 4.04723 5.27991 
1000 3257 3.23491 6.58384 4.35937 4.95234 
1000 3258 5.38593 5.23287 2.39978 4.85718 
1000 3259 6.91906 5.99772 0.888749 3.02962 
1000 3260 4.30462 3.89884 1.46458 4.13815 
1000 3261 3.99982 4.00083 0.499715 3.49982 
1000 3262 4.30796 6.6862 3.36077 8.08026 
1000 3263 4.23625 7.85485 2.7237 5.90751 
1000 3264 7.81468 2.69155 1.19989 6.79437 
1000 3265 7.22173 4.00077 0.962434 8.54235 
1000 3266 5.1005 2.58891 5.04513 5.38195 
1000 3267 3.50763 7.01634 0.840787 6.63448 
1000 3268 2.18713 7.49941 4.87614 8.73604 
1000 3269 6.53032 7.83 2.74286 7.98746 
1000 3270 5.8965 2.81308 6.24068 2.44789 
1000 3271 7.06661 8.23196 5.53387 2.60154 
1000 3272 8.00363 5.96806 8.00667 3.30849 
1000 3273 5.95568 7.20523 4.69971 2.686 
1000 3274 5.674 4.05565 1.42284 3.021 
1000 3275 3.84568 3.75309 1.97329 6.51114 
1000 3276 4.00018 4.00005 0.499427 3.49979 
1000 3277 7.88112 6.88331 6.34207 7.60633 
1000 3278 2.22427 5.66571 6.75804 7.39184 
1000 3279 4.645 2.42368 5.99299 8.71157 
1000 3280 3.9987 4.0007 0.500112 3.49923 
1000 3281 3.62234 6.80508 0.801833 6.34326 
1000 3282 6.38232 3.62806 1.53665 4.23923 
1000 3283 3.51114 7.00968 0.839491 6.62583 
1000 3284 6.90015 8.42663 2.93377 2.64195 
1000 3285 6.95258 2.37382 4.15313 7.16905 
1000 3286 0.998766 1.00012 0.500403 1.49995 
1000 3287 3.50057 4.28934 0.611863 3.87968 
1000 3288 4.41382 5.76359 2.54103 2.49577 
1000 3289 3.60579 4.33722 1.26456 6.51838 
1000 3290 5.01293 4.79597 2.24223 4.75836 
1000 3291 4.00063 3.99939 0.500359 3.49884 
1000 3292 4.11406 3.92383 0.712955 3.66977 
1000 3293 8.18148 6.4354 1.18452 2.36919 
1000 3294 4.13217 6.25277 1.0803 4.82718 
1000 3295 1.00028 0.999775 0.498587 1.5004 
1000 3296 4.47309 5.22343 2.23771 5.63756 
1000 3297 4.92797 9.16487 4.28229 6.77366 
1000 3298 3.99897 3.99929 0.500227 3.49958 
1000 3299 5.83699 7.75141 5.67433 2.96289 
1000 3300 2.29339 4.41414 4.90063 6.41154 
1000 3301 2.25824 5.17951 5.99664 7.0808 
1000 3302 4.54713 5.57545 2.51489 5.88987 
1000 3303 7.23039 1.5231 8.28964 4.87495 
1000 3304 4.19418 7.57944 2.34883 5.671 
1000 3305 8.29026 6.73624 4.77679 7.75578 
1000 3306 7.12549 1.61959 7.97165 4.42224 
1000 3307 8.25709 3.96385 1.93485 5.88241 
1000 3308 7.83428 8.64767 1.87154 6.20351 
1000 3309 7.74553 4.48875 2.17054 2.41656 
1000 3310 0.941136 0.950289 1.92494 1.57921 
1000 3311 2.62886 4.22124 8.63469 9.65721 
1000 3312 8.31226 3.91486 1.89005 5.94692 
1000 3313 4.13244 3.93759 0.531832 3.54525 
1000 3314 3.58903 8.30594 1.31157 7.53562 
1000 3315 6.09588 5.51998 1.49402 2.60347 
1000 3316 9.05629 2.24571 4.99162 8.21576 
1000 3317 5.9903 5.64892 4.98656 7.5981 
1000 3318 4.96567 3.64066 0.688159 3.85273 
1000 3319 3.08031 4.42219 4.15939 7.79324 
1000 3320 7.38169 3.72317 4.02048 2.4686 
1000 3321 4.49262 6.02778 2.61037 6.5115 
1000 3322 3.14315 5.56952 3.29847 4.67365 
1000 3323 5.53767 4.72331 3.08122 6.8059 
1000 3324 5.93242 2.90397 2.14748 5.68097 
1000 3325 2.27943 6.60509 8.68223 8.52482 
1000 3326 6.89033 5.52482 8.27469 8.18857 
1000 3327 2.84057 10.4826 4.86842 8.52715 
1000 3328 4.71527 6.79808 8.53217 7.7487 
1000 3329 9.17825 9.32044 9.92478 5.65185 
1000 3330 2.24938 1.2032 6.77895 9.20677 
1000 3331 4.46949 8.57602 0.893407 3.79707 
1000 3332 6.47541 2.19935 1.02479 6.0672 
1000 3333 7.74467 3.29336 4.21848 5.11321 
1000 3334 6.35192 7.40714 5.03222 2.56506 
1000 3335 4.08585 6.16167 1.03788 4.77073 
1000 3336 6.47244 7.77418 2.74473 7.8613 
1000 3337 0.980712 0.983042 0.695899 1.50974 
1000 3338 6.04784 7.2557 4.8088 2.64064 
1000 3339 5.33596 3.53527 0.863608 3.92747 
1000 3340 3.36517 7.31165 0.90426 6.99135 
1000 3341 2.69626 5.36375 3.48067 4.36076 
1000 3342 7.67976 2.51096 3.11049 10.1487 
1000 3343 3.60713 4.053 0.682403 3.73767 
1000 3344 4.29686 3.89507 1.42972 4.12243 
1000 3345 3.31874 3.15174 0.8862 6.79289 
1000 3346 3.08432 4.41519 4.17458 7.7889 
1000 3347 4.77668 7.23964 5.78318 5.78096 
1000 3348 6.3771 9.10309 8.1309 3.3448 
1000 3349 3.99989 3.99781 0.500236 3.50071 
1000 3350 3.91145 4.09309 0.612939 4.3266 
1000 3351 9.81061 4.79622 2.71651 7.21734 
1000 3352 4.167 3.86857 0.590564 3.56858 
1000 3353 2.47036 4.08097 5.7527 7.11229 
1000 3354 3.87443 4.03291 1.32643 5.48185 
1000 3355 6.86462 2.25754 4.94691 7.64316 
1000 3356 3.10176 5.62833 3.32349 4.71085 
1000 3357 4.95936 5.15243 0.597638 3.67207 
1000 3358 0.998817 1.0003 0.500753 1.49897 
1000 3359 2.88932 4.77847 8.4989 7.07059 
1000 3360 4.90666 2.15128 4.96645 5.55357 
1000 3361 6.41518 4.32443 1.97501 4.40224 
1000 3362 6.51226 4.07854 0.811293 7.6348 
1000 3363 4.7298 2.77741 3.94852 4.85952 
1000 3364 4.65367 3.90149 1.49212 3.12513 
1000 3365 3.57205 4.33979 1.48147 2.8473 
1000 3366 5.08375 5.22828 6.25996 7.45494 
1000 3367 4.79394 3.89041 8.19396 8.66499 
1000 3368 6.91832 5.99826 0.888949 3.03315 
1000 3369 5.06119 3.95297 3.98836 3.75038 
1000 3370 6.58659 3.86945 4.98861 3.97812 
1000 3371 4.41863 3.95095 0.766067 3.42218 
1000 3372 8.87083 6.4963 8.96266 3.32534 
1000 3373 3.4094 7.6937 7.1684 1.51291 
1000 3374 4.54446 6.40728 5.63941 3.54791 
1000 3375 3.40195 4.04318 0.826939 3.8315 
1000 3376 2.36077 1.57692 3.96982 6.22991 
1000 3377 4.40942 4.62226 1.73262 2.73214 
1000 3378 7.45786 3.3727 3.35605 4.89164 
1000 3379 9.19105 8.14852 1.14947 8.23182 
1000 3380 1.60089 1.23824 7.50955 1.36485 
1000 3381 12.2407 10.5505 12.0227 11.0736 
1000 3382 2.25652 5.09521 5.87491 7.02202 
1000 3383 4.00173 3.99993 0.499394 3.49922 
1000 3384 2.9106 6.31503 2.96073 7.17759 
1000 3385 8.66939 7.42983 3.94794 1.99181 
1000 3386 4.0004 3.99949 0.500498 3.49907 
1000 3387 5.33484 3.32533 0.776511 4.26072 
1000 3388 5.70087 7.42819 2.23954 3.24215 
1000 3389 3.95074 2.7648 2.21399 2.83831 
1000 3390 4.4806 4.62379 2.19969 4.9119 
1000 3391 7.06676 4.31005 1.92661 2.58784 
1000 3392 6.87137 2.01061 2.14545 8.99932 
1000 3393 4.73907 7.96912 1.31994 2.8505 
1000 3394 0.99948 0.999421 0.498848 1.4995 
1000 3395 6.80908 3.53825 5.65774 1.92199 
1000 3396 6.85192 2.08218 1.48173 7.70233 
1000 3397 4.33534 8.81042 3.87827 4.29971 
1000 3398 4.46951 8.57596 0.89352 3.79721 
1000 3399 7.66931 7.72658 1.03797 3.03132 
1000 3400 6.00908 5.48856 1.46872 2.61615 
1000 3401 4.9368 6.93299 3.96033 2.80873 
1000 3402 4.30759 4.06864 0.968048 3.10536 
1000 3403 3.99935 3.99898 0.499055 3.49841 
1000 3404 8.37395 8.52883 5.37041 6.4509 
1000 3405 2.57554 3.99504 3.35575 5.00936 
1000 3406 6.59033 5.88963 0.823444 3.33985 
1000 3407 1.00106 0.999987 0.500471 1.50012 
1000 3408 0.999328 0.999485 0.501134 1.50006 
1000 3409 7.01377 3.47411 1.88768 4.40805 
1000 3410 4.00051 4.00015 0.500953 3.5003 
1000 3411 7.48573 3.50679 6.44051 1.63905 
1000 3412 4.97997 6.08662 2.75328 6.07304 
1000 3413 4.94536 7.61302 2.94032 8.84355 
1000 3414 6.30422 2.6504 0.85406 5.35504 
1000 3415 7.47545 2.08962 6.04028 8.38753 
1000 3416 3.94043 4.51166 0.526794 3.88732 
1000 3417 8.10688 8.5413 3.05812 9.8212 
1000 3418 3.99968 4.00047 0.501311 3.50118 
1000 3419 1.83751 4.93389 6.59151 7.41614 
1000 3420 5.02487 5.05681 2.92457 2.29444 
1000 3421 4.45849 6.25945 2.73163 6.8611 
1000 3422 4.7419 3.73347 0.61852 3.76924 
1000 3423 3.14139 0.944618 6.12202 1.35876 
1000 3424 4.34722 4.50952 1.77623 7.3334 
1000 3425 5.45515 5.1694 6.3014 10.3137 
1000 3426 5.53745 2.72438 5.91879 5.88592 
1000 3427 8.07691 2.45404 7.38736 4.90777 
1000 3428 8.03137 1.26118 9.22526 5.80721 
1000 3429 2.44312 3.86636 3.9775 5.66414 
1000 3430 3.44586 6.64895 4.49972 1.9951 
1000 3431 6.56879 2.38039 4.13709 7.09903 
1000 3432 5.36646 6.72923 4.97985 4.48294 
1000 3433 6.97927 1.66737 7.5656 3.87694 
1000 3434 6.04353 6.6249 1.56393 3.88896 
1000 3435 3.99987 3.99947 0.50105 3.50063 
1000 3436 8.96268 6.16168 4.74456 7.86205 
1000 3437 7.08178 8.51634 2.58011 9.29673 
1000 3438 6.56029 10.1471 6.03334 8.61836 
1000 3439 4.42108 3.9502 0.767319 3.42283 
1000 3440 8.44265 8.6128 1.20336 3.63496 
1000 3441 9.00381 3.2528 2.3936 9.86653 
1000 3442 4.40082 5.25429 2.22286 2.57764 
1000 3443 6.14694 2.10042 7.2982 6.74742 
1000 3444 5.90682 3.99183 4.53476 3.91947 
1000 3445 4.56511 8.42565 7.34625 6.5137 
1000 3446 3.75784 5.46377 1.40218 8.195 
1000 3447 3.45933 4.17023 3.73427 7.41911 
1000 3448 5.97842 7.15037 0.787985 5.5871 
1000 3449 1.76531 8.00156 1.3378 4.31651 
1000 3450 3.85799 3.9717 0.704788 5.02909 
1000 3451 1.62904 7.66717 3.47884 2.47018 
1000 3452 8.33182 6.82323 4.82242 7.82564 
1000 3453 6.60544 8.66126 3.15982 8.81484 
1000 3454 8.58528 2.41495 8.11167 4.62278 
1000 3455 4.3159 4.87241 2.59055 2.31099 
1000 3456 7.32321 6.11019 0.963093 8.13119 
1000 3457 6.62578 8.01127 2.79301 8.27899 
1000 3458 9.37048 5.14049 1.24854 7.68807 
1000 3459 8.44912 2.14386 1.26371 7.33338 
1000 3460 5.25064 3.55591 0.818192 3.91498 
1000 3461 5.72809 2.86819 6.32527 6.10684 
1000 3462 3.91391 2.78799 2.01285 2.85066 
1000 3463 7.1898 8.44018 5.662 2.57936 
1000 3464 2.92309 4.69232 8.17766 6.81002 
1000 3465 4.54992 6.24595 0.87232 3.43101 
1000 3466 9.17606 2.29969 5.14139 8.38247 
1000 3467 4.00091 4.00002 0.498635 3.50143 
1000 3468 9.80497 5.98672 8.95066 6.13818 
1000 3469 2.8701 3.69997 3.92578 4.40766 
1000 3470 4.38684 6.29575 2.8496 2.49711 
1000 3471 6.65965 2.24135 1.20672 6.66378 
1000 3472 6.44354 7.74398 2.74217 7.798 
1000 3473 7.82187 3.2114 4.736 5.26921 
1000 3474 7.6917 2.85907 1.11012 6.57131 
1000 3475 5.79067 5.95057 2.60248 4.93687 
1000 3476 6.96254 8.06779 5.44214 2.61662 
1000 3477 3.93401 4.03241 0.972174 5.29358 
1000 3478 0.999396 1.00049 0.500841 1.50092 
1000 3479 4.43515 3.53534 2.27252 4.34733 
1000 3480 3.99902 3.99906 0.498667 3.49913 
1000 3481 3.82155 3.73643 2.22469 6.6868 
1000 3482 5.86877 7.36489 0.782403 5.92072 
1000 3483 4.00026 4.00095 0.50115 3.49983 
1000 3484 6.89554 7.97291 5.39411 2.61136 
1000 3485 7.86566 5.84041 4.27569 6.961 
1000 3486 11.9022 11.5486 12.1053 11.2716 
1000 3487 6.24789 9.51884 8.31176 2.97304 
1000 3488 5.26792 4.73754 6.8733 2.92072 
1000 3489 8.52832 7.20287 5.02306 8.13304 
1000 3490 7.37941 6.04676 2.48909 2.05437 
1000 3491 7.37109 1.63791 7.13667 8.77272 
1000 3492 3.23654 7.57769 0.971257 7.28 
1000 3493 4.04916 5.7538 0.769536 4.66851 
1000 3494 3.17853 5.53198 2.58599 5.47317 
1000 3495 4.26937 7.39914 3.37349 3.22086 
1000 3496 8.76192 3.96583 2.11508 6.14635 
1000 3497 3.47391 7.49636 0.913505 5.87268 
1000 3498 3.83122 4.19256 1.30711 6.21854 
1000 3499 6.91368 7.66963 5.4339 2.58069 
1000 3500 2.21076 5.43943 4.04707 4.04951 
1000 3501 2.52886 4.6363 4.91476 8.52785 
1000 3502 6.50155 5.84993 0.81149 3.36276 
1000 3503 2.20436 5.58737 1.21315 8.70158 
1000 3504 4.47287 5.22246 2.23528 5.63702 
1000 3505 5.12711 4.16636 0.539099 4.46832 
1000 3506 7.29486 6.09277 0.895989 3.31048 
1000 3507 4.81492 5.24664 1.7953 8.25244 
1000 3508 5.38162 5.9064 0.673391 4.36861 
1000 3509 4.29353 3.88493 0.549944 3.59876 
1000 3510 9.80181 4.79094 2.71218 7.20546 
1000 3511 4.59022 6.69819 6.1628 3.66311 
1000 3512 0.999767 0.999789 0.499734 1.49933 
1000 3513 8.65989 8.22562 7.26771 4.16576 
1000 3514 4.427 4.0022 1.09693 3.13646 
1000 3515 5.09347 3.59684 0.740784 3.8882 
1000 3516 4.20061 8.49493 5.4929 9.04106 
1000 3517 3.97821 4.03815 0.597638 3.43008 
1000 3518 8.7427 7.45981 5.17278 8.35574 
1000 3519 5.68917 3.00958 0.801822 4.6759 
1000 3520 2.82303 4.99629 7.2404 5.16994 
1000 3521 2.67018 3.89479 5.61984 2.15675 
1000 3522 7.24099 6.44202 0.927714 3.21649 
1000 3523 7.66236 8.11005 1.02456 2.81632 
1000 3524 8.32495 6.56146 0.94992 3.32923 
1000 3525 2.98001 9.33963 7.63233 6.84959 
1000 3526 2.51506 2.26597 2.94758 5.26024 
1000 3527 2.01612 2.4681 6.79865 6.13901 
1000 3528 4.00034 4.00131 0.501095 3.50145 
1000 3529 4.00011 3.99931 0.500092 3.49968 
1000 3530 4.0006 3.99986 0.500547 3.49922 
1000 3531 7.63118 5.14478 7.44229 5.5971 
1000 3532 9.43848 4.67328 2.55308 6.85621 
1000 3533 9.09505 7.80754 5.3993 8.67041 
1000 3534 5.91027 4.53411 0.618292 5.90275 
1000 3535 3.93616 4.41414 4.32732 7.28282 
1000 3536 7.82374 3.19931 4.75481 5.24373 
1000 3537 8.03975 10.0106 7.46918 3.87576 
1000 3538 7.46219 6.11646 3.21856 3.81182 
1000 3539 4.27484 7.29892 4.38568 8.19371 
1000 3540 4.79694 3.85504 1.81591 3.1933 
1000 3541 1.5693 1.75964 5.23247 0.798933 
1000 3542 1.94704 6.78053 3.01219 2.97633 
1000 3543 6.6555 5.57091 3.32835 5.89442 
1000 3544 7.09221 3.40445 2.61655 4.67071 
1000 3545 5.86065 3.58572 3.50696 2.99672 
1000 3546 7.05333 6.04118 0.87773 3.29987 
1000 3547 4.47494 4.63268 2.19779 4.91029 
1000 3548 4.39534 3.67814 2.01036 4.28626 
1000 3549 3.9066 4.22042 1.41449 6.44397 
1000 3550 5.20339 5.48827 0.643 3.9139 
1000 3551 3.50447 5.06764 2.65999 4.73411 
1000 3552 4.8582 3.79213 7.97512 8.51261 
1000 3553 5.69409 3.00594 0.80216 4.68132 
1000 3554 7.61999 7.63571 8.27372 4.93486 
1000 3555 9.51536 6.34911 5.98128 4.76273 
1000 3556 8.86166 3.95207 2.16688 6.21017 
1000 3557 3.70974 4.23971 1.28738 2.96659 
1000 3558 7.67906 3.58418 5.67071 3.67575 
1000 3559 5.36224 7.29859 4.45776 6.79614 
1000 3560 3.93424 2.78965 2.84938 2.6989 
1000 3561 2.96686 3.76482 4.53913 4.54896 
1000 3562 5.82781 3.04266 6.71412 6.24072 
1000 3563 4.70714 7.11265 2.88854 8.09864 
1000 3564 3.33359 4.03451 0.886933 3.8653 
1000 3565 9.27007 4.86509 6.81499 9.87058 
1000 3566 3.55378 9.40019 4.36969 6.43944 
1000 3567 7.10514 3.59573 6.21897 1.76909 
1000 3568 10.3642 9.73285 5.71827 2.45619 
1000 3569 7.56497 6.09874 2.69363 1.99869 
1000 3570 3.85665 3.8464 1.6836 6.21117 
1000 3571 7.34209 7.72646 5.83205 2.87677 
1000 3572 3.89306 9.86473 7.7087 5.31273 
1000 3573 3.37905 7.7752 7.39391 1.50733 
1000 3574 3.30479 5.87726 3.63358 2.25456 
1000 3575 4.58925 3.08458 3.24152 4.61239 
1000 3576 3.9069 4.11553 1.32247 6.02688 
1000 3577 3.90749 4.08942 0.625919 4.40707 
1000 3578 3.2542 7.54092 0.958268 7.24408 
1000 3579 8.24214 4.54359 1.97091 5.24876 
1000 3580 5.10442 6.21485 2.75309 6.15072 
1000 3581 2.82668 3.84885 2.94581 4.2635 
1000 3582 3.85218 3.78433 1.85551 6.40353 
1000 3583 1.8346 5.26563 5.87252 3.52468 
1000 3584 4.85077 3.83743 1.95222 3.22557 
1000 3585 3.95623 2.75374 2.30099 2.82501 
1000 3586 8.47967 4.84938 4.8052 4.72904 
1000 3587 6.10294 2.89539 5.10222 2.83692 
1000 3588 9.05155 3.48974 4.90702 1.74171 
1000 3589 6.86276 2.65087 2.40482 3.4525 
1000 3590 4.0297 4.42103 1.948 4.68893 
1000 3591 6.47739 2.20011 1.02615 6.07171 
1000 3592 7.28882 2.17167 5.71178 8.20592 
1000 3593 4.93415 3.82265 7.60984 8.2035 
1000 3594 4.00047 4.00048 0.500902 3.49898 
1000 3595 2.50624 7.21946 1.56654 2.42467 
1000 3596 5.97502 6.45486 1.37608 3.8492 
1000 3597 7.55458 3.36402 3.63512 4.95317 
1000 3598 5.36065 5.03759 2.40289 4.93925 
1000 3599 7.07437 3.46399 8.74468 8.59129 
1000 3600 4.54772 6.43052 5.70504 3.57447 
1000 3601 3.88726 3.46803 7.94357 5.23521 
1000 3602 0.956399 0.934718 1.31228 1.52815 
1000 3603 6.30198 7.58956 2.74279 7.48919 
1000 3604 3.70813 3.27582 0.692896 6.44619 
1000 3605 2.94706 4.73618 7.25652 5.01075 
1000 3606 7.24647 4.34762 0.877343 9.21754 
1000 3607 3.93238 4.61274 2.17772 4.74 
1000 3608 2.66051 3.92993 3.0524 3.70256 
1000 3609 5.5477 3.14909 0.992109 4.63297 
1000 3610 7.92479 9.4936 6.79226 1.86786 
1000 3611 2.15937 7.41249 6.58677 7.16595 
1000 3612 9.39153 7.16346 8.68472 8.58697 
1000 3613 6.62213 7.99189 2.78429 8.25551 
1000 3614 9.60945 9.17175 8.31725 9.41553 
1000 3615 2.49566 8.73946 8.14091 9.11681 
1000 3616 1.46831 1.11407 7.84872 1.50912 
1000 3617 2.41702 8.92755 2.07594 8.57443 
1000 3618 6.40615 9.10098 8.16952 3.3635 
1000 3619 4.41857 3.95038 0.767487 3.42344 
1000 3620 10.0516 10.1579 10.5171 5.75311 
1000 3621 5.13179 5.91648 7.34707 7.61619 
1000 3622 2.17767 5.43549 4.09804 4.02737 
1000 3623 4.13683 1.83611 3.96081 4.01898 
1000 3624 3.38605 4.54053 1.68561 2.73115 
1000 3625 8.07649 6.32749 5.46168 6.59906 
1000 3626 4.95233 6.44763 4.92328 5.08876 
1000 3627 4.56761 6.52637 5.86215 3.59975 
1000 3628 0.97398 0.963776 0.92112 1.50315 
1000 3629 1.62398 1.43876 3.87296 0.952576 
1000 3630 2.4525 8.68657 6.36338 2.14147 
1000 3631 6.35714 2.62965 0.851755 5.3838 
1000 3632 7.80011 4.90678 4.74303 8.19344 
1000 3633 0.999735 1.00109 0.500307 1.50029 
1000 3634 5.33893 8.38722 5.73859 10.7503 
1000 3635 1.73403 4.89097 6.82378 7.55592 
1000 3636 4.4003 5.26969 2.23221 2.57549 
1000 3637 5.7091 2.77545 6.25135 6.07792 
1000 3638 4.23242 4.21311 1.80975 7.15108 
1000 3639 4.43829 4.32564 1.98342 4.56356 
1000 3640 8.70746 9.26436 1.15946 4.349 
1000 3641 7.27106 2.37012 4.24524 7.30587 
1000 3642 6.36049 3.63251 1.52244 4.23098 
1000 3643 2.8541 5.35078 0.593374 3.90099 
1000 3644 3.95287 4.87234 0.558938 4.09227 
1000 3645 4.02151 3.12623 3.99836 7.70264 
1000 3646 3.86976 4.00457 0.695157 4.91457 
1000 3647 6.00891 5.48844 1.4687 2.61612 
1000 3648 3.08083 10.0796 4.12682 7.97663 
1000 3649 3.90065 4.07918 0.645896 4.52479 
1000 3650 3.64685 4.31324 1.27436 6.47611 
1000 3651 5.48684 6.61596 2.74535 6.41324 
1000 3652 3.99976 3.99875 0.500854 3.49963 
1000 3653 3.17277 4.36561 4.08391 7.69905 
1000 3654 4.17073 5.47196 3.49206 4.54666 
1000 3655 5.90279 4.74929 3.25667 7.35107 
1000 3656 3.91428 2.78745 2.01335 2.85105 
1000 3657 3.67612 3.26748 0.706862 6.47132 
1000 3658 5.70723 2.83968 6.274 6.08095 
1000 3659 4.90285 4.71714 2.19299 4.70727 
1000 3660 4.4735 5.22488 2.23564 5.63688 
1000 3661 10.0837 5.02851 2.8736 7.7545 
1000 3662 5.86695 4.20797 1.60161 3.09076 
1000 3663 4.0009 4.00106 0.498933 3.50054 
1000 3664 2.17701 6.08102 7.51788 7.75031 
1000 3665 3.84628 3.37993 2.06515 6.8401 
1000 3666 3.77385 7.43716 1.98034 4.78455 
1000 3667 9.80566 5.85781 1.65266 8.06359 
1000 3668 6.90045 5.66064 3.55952 6.0616 
1000 3669 4.42001 3.95037 0.767801 3.42208 
1000 3670 4.5438 6.40229 5.6479 3.57119 
1000 3671 2.62302 6.60392 4.90153 6.57551 
1000 3672 5.06542 3.43678 1.03249 2.34837 
1000 3673 4.35859 4.16603 1.13823 3.00137 
1000 3674 8.58588 7.25989 5.05699 8.18467 
1000 3675 3.53685 7.09243 5.2286 1.78719 
1000 3676 7.19355 5.8088 3.00588 3.76911 
1000 3677 6.24872 5.85398 5.53546 8.14586 
1000 3678 7.72212 7.76663 6.47386 3.54891 
1000 3679 4.46048 8.61938 0.919082 3.79252 
1000 3680 2.13789 5.43102 4.15547 4.0028 
1000 3681 5.75088 3.6219 3.31492 3.04663 
1000 3682 4.93423 3.82259 7.60957 8.20328 
1000 3683 4.40814 4.01276 1.06853 3.14399 
1000 3684 3.75678 5.46311 1.40128 8.19559 
1000 3685 4.37046 4.03342 1.01784 3.16097 
1000 3686 2.84486 5.36505 0.59979 3.90443 
1000 3687 5.97478 4.59682 0.622637 6.02312 
1000 3688 4.00162 3.99923 0.500141 3.49997 
1000 3689 6.05195 5.34582 2.83077 5.44912 
1000 3690 3.05526 9.13097 7.4075 6.65672 
1000 3691 4.7235 4.92154 2.42254 2.45251 
1000 3692 4.43146 6.39658 2.84269 7.10604 
1000 3693 4.53704 5.96366 4.18279 4.61854 
1000 3694 3.23112 9.7486 3.80012 7.69841 
1000 3695 7.8217 3.21144 4.73625 5.26981 
1000 3696 4.59226 3.79394 0.584649 3.7108 
1000 3697 3.99982 4.00105 0.500648 3.50139 
1000 3698 7.4233 1.6303 7.22439 8.84435 
1000 3699 7.01795 3.65706 3.73561 2.61769 
1000 3700 5.35517 8.50193 5.38765 7.37725 
1000 3701 8.98719 4.53878 6.60203 9.80515 
1000 3702 3.99803 4.00049 0.500617 3.50109 
1000 3703 7.64267 5.39445 1.60235 5.17974 
1000 3704 6.24657 7.51559 2.74082 7.37091 
1000 3705 8.42189 6.72316 0.931464 3.26426 
1000 3706 4.22852 4.3841 0.501587 3.54917 
1000 3707 7.02714 4.17328 0.629312 3.37291 
1000 3708 8.4116 6.99297 4.91125 7.96182 
1000 3709 4.14311 4.2941 1.64867 6.88499 
1000 3710 4.00114 3.99926 0.50062 3.49997 
1000 3711 4.1989 3.86049 1.04089 3.89221 
1000 3712 9.70075 3.72301 3.50499 4.21524 
1000 3713 6.10837 3.1475 4.49397 2.91503 
1000 3714 7.22497 6.10962 0.879417 7.97865 
1000 3715 5.04204 2.59042 4.91077 5.31411 
1000 3716 4.07069 5.91262 0.862453 4.72419 
1000 3717 7.73942 2.3618 2.826 5.23159 
1000 3718 2.48689 2.9754 5.48803 5.1526 
1000 3719 5.67912 4.83081 5.52028 9.78134 
1000 3720 3.99968 4.00025 0.500222 3.50059 
1000 3721 7.40667 4.88538 4.37161 8.00641 
1000 3722 4.00113 3.99971 0.498401 3.49947 
1000 3723 2.26832 4.60624 5.1887 6.62077 
1000 3724 2.09864 2.79743 5.07137 7.52709 
1000 3725 2.31086 5.42876 2.92271 5.88939 
1000 3726 4.49371 5.29409 2.30482 5.7076 
1000 3727 3.78634 5.50259 1.41322 8.19538 
1000 3728 2.67151 3.89565 5.61996 2.15733 
1000 3729 4.71325 1.76792 7.91657 7.71751 
1000 3730 3.84958 3.32088 0.609553 6.27952 
1000 3731 3.86262 3.17 0.62768 6.83195 
1000 3732 4.44447 6.56358 2.92165 7.37266 
1000 3733 5.11976 3.59019 0.753266 3.89224 
1000 3734 8.50066 7.1505 4.99472 8.09066 
1000 3735 4.17183 3.87424 0.955678 3.83938 
1000 3736 3.61678 9.90863 4.9996 6.60263 
1000 3737 5.53085 6.26904 0.692258 4.77709 
1000 3738 4.0005 3.99813 0.500272 3.49996 
1000 3739 8.25711 3.96381 1.9348 5.88243 
1000 3740 6.96306 5.55672 8.61029 8.44032 
1000 3741 6.73394 1.82016 6.76053 3.67917 
1000 3742 7.99164 4.48368 2.26382 2.42209 
1000 3743 4.89237 1.84289 5.45404 6.00669 
1000 3744 1.42373 1.12842 6.60383 3.29339 
1000 3745 4.59933 8.11861 6.89123 6.32002 
1000 3746 9.15312 2.32345 6.78784 7.25125 
1000 3747 0.998501 1.00063 0.500124 1.50016 
1000 3748 4.00092 4.00013 0.500948 3.50008 
1000 3749 7.68244 2.36272 4.34687 7.48573 
1000 3750 8.78242 3.34815 2.85997 4.14698 
1000 3751 4.8417 6.88745 3.82319 2.80076 
1000 3752 7.33745 3.7344 4.01877 2.48632 
1000 3753 9.43746 4.67201 2.55319 6.8566 
1000 3754 2.43315 1.93373 3.3469 5.62647 
1000 3755 6.76811 5.60917 7.16865 3.26895 
1000 3756 4.40346 4.97752 2.06284 2.61859 
1000 3757 3.13127 5.12489 2.35495 2.53207 
1000 3758 8.0625 4.81592 2.36687 2.18204 
1000 3759 4.08991 7.02375 1.77795 5.04787 
1000 3760 8.31185 3.9155 1.89052 5.94711 
1000 3761 7.82913 6.20984 9.38465 2.54693 
1000 3762 5.60767 2.73735 6.0469 5.96345 
1000 3763 5.3557 2.64741 5.57023 5.68176 
1000 3764 8.57703 7.00572 1.15957 2.40166 
1000 3765 3.29504 6.93162 4.72435 5.06152 
1000 3766 3.99174 4.03713 0.601352 3.42794 
1000 3767 9.32768 6.2783 6.28008 6.80792 
1000 3768 9.28675 1.28603 6.77422 4.35874 
1000 3769 4.04102 5.67272 0.741596 4.61332 
1000 3770 9.38471 9.48502 7.38509 9.07314 
1000 3771 6.40383 8.11904 2.64841 2.87632 
1000 3772 7.68668 7.76568 6.37766 3.44555 
1000 3773 6.30701 5.44076 3.02524 5.63406 
1000 3774 2.1902 7.50273 4.8754 8.72911 
1000 3775 7.7731 7.83009 1.06491 3.12765 
1000 3776 6.2605 7.75097 6.08372 5.24621 
1000 3777 6.01866 7.23866 4.77647 2.65159 
1000 3778 3.76685 3.65613 7.73371 5.40098 
1000 3779 7.89627 7.45516 7.22592 8.67874 
1000 3780 4.51134 7.61041 6.15689 5.9774 
1000 3781 3.93501 4.08737 0.553125 3.94001 
1000 3782 3.99994 3.99793 0.501486 3.50018 
1000 3783 4.00149 3.99948 0.499073 3.4987 
1000 3784 1.93237 9.24127 7.21324 2.47154 
1000 3785 3.99923 4.00016 0.498633 3.49939 
1000 3786 2.31438 7.9689 7.22657 8.00246 
1000 3787 6.1829 2.78481 4.79493 3.02256 
1000 3788 7.50937 7.60336 7.82321 4.71107 
1000 3789 3.99989 3.99806 0.50026 3.50072 
1000 3790 6.0613 2.76072 0.82854 5.09002 
1000 3791 9.5193 3.19928 7.86799 8.05234 
1000 3792 5.03944 3.60073 0.710704 3.8947 
1000 3793 7.8917 7.20656 6.84839 8.0901 
1000 3794 5.95198 8.77076 5.31108 1.43856 
1000 3795 9.8183 2.52343 8.22479 2.56012 
1000 3796 3.85337 8.65425 3.8033 6.36062 
1000 3797 2.87553 3.69328 4.06867 4.43855 
1000 3798 8.84889 2.56188 4.65675 8.47552 
1000 3799 5.8991 8.05785 6.1116 3.02541 
1000 3800 2.45758 4.03319 6.26003 7.51806 
1000 3801 7.63496 7.92313 1.03433 2.88759 
1000 3802 7.14701 5.44464 7.07189 3.25118 
1000 3803 4.20711 7.43083 2.26365 5.46133 
1000 3804 4.47035 8.57608 0.894993 3.79907 
1000 3805 3.97822 4.03815 0.597625 3.43006 
1000 3806 2.7647 6.36129 4.30983 6.39247 
1000 3807 4.85396 3.83624 1.96233 3.22855 
1000 3808 3.40937 6.35951 4.17547 2.09345 
1000 3809 7.40939 8.75877 5.93304 2.38147 
1000 3810 4.46805 6.24735 2.70358 6.84246 
1000 3811 5.47827 6.06496 8.09998 8.29714 
1000 3812 3.16691 6.1505 3.89156 4.81526 
1000 3813 5.8708 7.05792 0.761164 5.56579 
1000 3814 8.55226 7.19786 3.86871 1.99611 
1000 3815 4.31051 3.91356 1.49201 4.15542 
1000 3816 4.25473 7.95636 2.94843 5.94849 
1000 3817 7.82176 3.21139 4.73741 5.27083 
1000 3818 5.25235 7.17438 3.47332 1.93651 
1000 3819 3.99192 4.03613 0.601015 3.42718 
1000 3820 3.99927 3.99805 0.500376 3.49989 
1000 3821 7.24784 9.179 9.27653 3.61919 
1000 3822 1.82533 7.82651 2.90778 6.38319 
1000 3823 4.48809 6.54321 3.17145 2.65587 
1000 3824 2.94058 4.74494 6.94347 5.06596 
1000 3825 9.36895 5.14051 1.25049 7.68569 
1000 3826 7.54637 6.28617 9.09274 2.66057 
1000 3827 5.77906 7.69749 5.54042 2.93823 
1000 3828 8.39236 8.97373 2.16359 5.97321 
1000 3829 7.97135 6.82943 3.66229 3.79588 
1000 3830 11.073 10.5742 11.1818 10.9979 
1000 3831 0.998922 1.00053 0.499097 1.50004 
1000 3832 7.56559 7.61031 1.01255 2.9467 
1000 3833 10.207 3.17455 8.94969 8.74627 
1000 3834 3.09154 4.45013 7.4705 6.1572 
1000 3835 4.07753 6.41562 1.22453 4.80611 
1000 3836 2.86636 3.70202 3.88431 4.39852 
1000 3837 2.85899 3.72123 3.73802 4.36846 
1000 3838 2.60128 3.64165 1.66863 4.44941 
1000 3839 3.75164 3.28928 0.671965 6.40159 
1000 3840 1.00076 0.999579 0.499045 1.50112 
1000 3841 6.50599 3.22287 7.32153 7.04869 
1000 3842 5.60153 3.4757 1.02081 3.96325 
1000 3843 5.86383 7.47344 0.803464 6.03221 
1000 3844 2.31413 7.9676 7.22504 8.00178 
1000 3845 5.93357 8.85264 9.04368 4.42773 
1000 3846 9.29655 3.50622 3.22261 4.13844 
1000 3847 3.64586 9.002 6.26239 8.40676 
1000 3848 4.58989 1.63685 7.73716 7.66893 
1000 3849 6.61797 3.60987 1.67812 4.33579 
1000 3850 2.41178 1.68492 3.79268 6.0411 
1000 3851 3.77352 6.51915 0.76002 5.9127 
1000 3852 3.98938 4.01337 0.503915 3.53694 
1000 3853 2.67385 3.23302 1.94431 4.45603 
1000 3854 6.63123 2.64359 0.726598 1.74734 
1000 3855 4.91715 2.60018 4.58965 5.15276 
1000 3856 4.37062 4.0334 1.01808 3.16104 
1000 3857 4.47053 4.6031 2.17844 4.87258 
1000 3858 2.82312 9.71983 8.05671 7.14114 
1000 3859 2.48305 2.14163 3.10703 5.40136 
1000 3860 2.46481 6.89059 5.54566 6.79156 
1000 3861 4.00044 3.99958 0.500188 3.50098 
1000 3862 5.38084 3.59375 0.742847 3.8584 
1000 3863 5.49126 5.39001 2.44465 4.87356 
1000 3864 7.03283 8.13656 2.78788 8.8178 
1000 3865 5.86496 2.88131 0.813079 4.8715 
1000 3866 4.47352 5.22486 2.23565 5.6369 
1000 3867 4.54515 3.8125 0.576283 3.69204 
1000 3868 6.19815 5.82921 5.36068 7.98737 
1000 3869 2.16493 1.65246 5.6958 8.23941 
1000 3870 7.96214 8.14731 4.70395 6.10746 
1000 3871 8.49928 4.89879 4.84123 4.73284 
1000 3872 4.72002 4.96665 5.51732 7.36905 
1000 3873 8.71857 9.97355 5.53474 4.02165 
1000 3874 5.11489 4.1617 0.538055 4.44718 
1000 3875 9.64192 8.58048 5.92431 9.25873 
1000 3876 4.41925 4.26977 1.93702 4.51311 
1000 3877 4.06987 7.0451 2.85321 2.1418 
1000 3878 3.87889 3.9659 0.663848 3.45054 
1000 3879 3.28625 4.50877 1.20705 6.91764 
1000 3880 2.71126 6.632 1.62211 2.46382 
1000 3881 4.09951 3.92769 0.747444 3.68114 
1000 3882 1.00007 1.0001 0.498401 1.50021 
1000 3883 4.06308 3.96888 0.516737 3.52143 
1000 3884 2.60001 5.08626 1.05428 7.82648 
1000 3885 5.58279 9.09499 5.85913 7.57672 
1000 3886 9.5116 3.61576 3.35929 4.18 
1000 3887 7.50905 7.60338 7.8239 4.71105 
1000 3888 4.40625 4.85187 1.96895 2.64728 
1000 3889 3.73764 3.0298 3.63914 2.53759 
1000 3890 4.24378 7.59027 3.42757 3.35996 
1000 3891 5.92568 8.85831 9.04257 4.42907 
1000 3892 8.13894 5.86036 1.83753 5.69328 
1000 3893 2.25217 9.13104 6.6897 2.15076 
1000 3894 4.00102 4.0002 0.501278 3.49989 
1000 3895 4.09314 3.93395 0.731343 3.6667 
1000 3896 2.90721 3.7065 4.22623 4.47556 
1000 3897 4.02161 3.98863 0.506626 3.50719 
1000 3898 5.86646 2.75875 6.68521 2.27428 
1000 3899 5.19324 6.55151 4.78882 4.43042 
1000 3900 4.24076 6.67508 3.49044 8.43066 
1000 3901 9.36858 5.14079 1.2495 7.68549 
1000 3902 2.26827 7.81484 8.71563 4.43508 
1000 3903 5.29019 5.93723 8.04969 8.13527 
1000 3904 7.66674 7.76549 6.32075 3.38437 
1000 3905 1.8726 7.74463 2.87619 6.32254 
1000 3906 5.62093 7.30305 2.18084 3.26502 
1000 3907 5.06643 3.80208 3.66339 3.70966 
1000 3908 3.17786 4.22835 6.11271 4.94453 
1000 3909 4.069 6.48182 1.27443 4.811 
1000 3910 2.77492 3.93179 2.69456 4.34432 
1000 3911 2.4998 4.24095 8.56693 9.63747 
1000 3912 5.57121 4.52391 6.88048 3.18369 
1000 3913 3.53278 4.05119 0.730702 3.77051 
1000 3914 9.52419 8.03038 5.64867 8.90471 
1000 3915 6.47502 7.48758 5.11249 2.5362 
1000 3916 2.48278 3.96975 3.80131 5.45532 
1000 3917 6.35905 3.63266 1.52247 4.23033 
1000 3918 1.81455 5.25227 5.86292 3.51931 
1000 3919 5.99311 4.34108 1.74036 3.16781 
1000 3920 7.49784 2.79711 1.09615 6.44364 
1000 3921 4.06445 4.30013 1.74005 4.58939 
1000 3922 2.63346 3.92613 7.57737 2.16742 
1000 3923 2.67699 3.27454 4.82513 4.80823 
1000 3924 3.53771 4.05146 0.727133 3.76825 
1000 3925 1.00138 1.0004 0.500387 1.50006 
1000 3926 0.8129 1.25118 2.89098 1.86233 
1000 3927 8.26181 9.26846 4.92247 3.82461 
1000 3928 7.77078 6.43606 3.42832 3.82595 
1000 3929 7.16584 3.39087 2.76479 4.72021 
1000 3930 4.40201 3.95607 0.796281 3.38623 
1000 3931 2.84651 8.1257 5.81227 1.95938 
1000 3932 3.22174 4.91656 1.80039 2.63226 
1000 3933 6.35603 4.34283 7.97689 3.31897 
1000 3934 2.73236 7.36022 5.82114 9.26093 
1000 3935 2.71967 8.30483 5.98752 2.01535 
1000 3936 2.96838 10.2817 4.54742 8.27683 
1000 3937 5.961 3.506 3.87127 2.92517 
1000 3938 9.61011 8.04719 5.83555 1.67806 
1000 3939 1.60804 1.71389 6.05043 0.921571 
1000 3940 8.16772 3.44339 6.13251 3.40911 
1000 3941 8.71629 2.43572 4.61148 8.20394 
1000 3942 7.01031 2.37734 4.15908 7.17978 
1000 3943 4.68451 5.76824 2.71476 5.90133 
1000 3944 5.07946 3.80797 3.29377 3.64062 
1000 3945 9.07832 7.01318 7.9569 8.1742 
1000 3946 7.64669 2.37481 4.3468 7.4802 
1000 3947 4.72473 3.87822 1.64501 3.15425 
1000 3948 9.00995 8.41624 7.50725 4.28055 
1000 3949 2.66947 4.72109 1.21745 7.85283 
1000 3950 3.86034 3.98158 1.44725 5.80687 
1000 3951 6.48844 9.39339 0.851004 7.73688 
1000 3952 3.91408 2.78757 2.01316 2.85104 
1000 3953 6.25787 2.56539 4.96751 3.05971 
1000 3954 3.30728 7.66658 1.01376 7.29354 
1000 3955 6.79563 5.83597 1.93048 2.2677 
1000 3956 4.82702 3.84519 1.89208 3.21164 
1000 3957 3.99933 4.00022 0.500917 3.49954 
1000 3958 5.65362 9.79861 6.51228 7.98782 
1000 3959 6.32621 6.80158 0.978721 1.89308 
1000 3960 10.0607 6.86523 6.58421 4.78119 
1000 3961 2.83918 3.92149 2.17082 4.17655 
1000 3962 7.3952 3.65667 5.48522 3.78312 
1000 3963 6.39167 2.43855 3.80221 6.86417 
1000 3964 4.83868 8.97093 8.19041 6.90708 
1000 3965 8.20782 6.4117 5.65613 6.74119 
1000 3966 7.93013 1.74366 3.70336 5.22498 
1000 3967 6.50166 4.9064 2.28375 3.4596 
1000 3968 7.16158 3.4153 1.93601 4.39972 
1000 3969 8.18045 3.01761 1.54151 7.69179 
1000 3970 4.00311 8.46476 3.58704 6.26893 
1000 3971 1.78388 7.12388 3.22748 2.47129 
1000 3972 4.09637 6.96643 2.84323 2.16899 
1000 3973 9.72912 7.72288 7.20243 8.65954 
1000 3974 6.60728 8.3443 2.96525 8.56596 
1000 3975 1.72285 2.72616 5.77514 8.98101 
1000 3976 3.81926 8.4406 5.66466 8.29696 
1000 3977 2.49167 5.96497 0.836464 4.01975 
1000 3978 5.7857 5.56763 0.719666 3.56158 
1000 3979 7.444 1.62585 7.30435 8.89686 
1000 3980 4.90214 7.52157 2.92833 8.70437 
1000 3981 2.85841 3.72364 3.72274 4.36543 
1000 3982 3.80038 4.17935 1.1305 3.06994 
1000 3983 7.94386 3.16263 5.55915 5.94053 
1000 3984 8.06661 3.32766 3.63706 5.40591 
1000 3985 6.85383 2.64867 2.38132 3.46989 
1000 3986 7.73982 2.36153 2.82807 5.23101 
1000 3987 1.8103 8.25229 7.03302 1.40067 
1000 3988 5.18392 5.13059 7.14635 4.17186 
1000 3989 2.45401 4.02578 6.32675 7.57477 
1000 3990 6.57427 5.88269 0.82125 3.34359 
1000 3991 7.90537 2.85541 5.93834 5.29701 
1000 3992 2.84267 8.20361 1.28076 7.87495 
1000 3993 9.29823 8.55464 7.71504 4.32418 
1000 3994 7.43718 8.32794 1.52051 5.92646 
1000 3995 4.19767 3.91402 0.540897 3.56692 
1000 3996 1.77103 1.6108 8.76969 6.30687 
1000 3997 2.74591 3.95204 2.76717 4.42216 
1000 3998 9.11675 2.33389 6.74169 7.23053 
1000 3999 3.45288 3.86523 4.44135 8.3367 
1000 4000 3.6016 9.41772 6.96317 8.66002 
1000 4001 6.79587 5.29443 2.61366 3.62455 
1000 4002 4.41432 4.60837 1.794 7.46636 
1000 4003 4.0004 3.99972 0.500993 3.49982 
1000 4004 8.74574 1.81173 3.47087 3.4082 
1000 4005 4.92219 3.30754 4.92323 3.987 
1000 4006 7.82176 3.21134 4.7363 5.26941 
1000 4007 5.18066 7.02035 4.23141 2.79858 
1000 4008 6.83979 4.26002 8.65068 3.32415 
1000 4009 4.93405 3.82448 7.60989 8.20197 
1000 4010 4.00079 3.99936 0.499915 3.49864 
1000 4011 0.968646 0.954208 1.04348 1.51175 
1000 4012 8.64843 9.12423 6.04709 6.76791 
1000 4013 7.73972 2.36198 2.82728 5.23116 
1000 4014 3.84897 3.31476 0.62159 6.30158 
1000 4015 6.59823 2.8496 2.08366 3.66406 
1000 4016 3.98067 4.21774 1.46689 6.4934 
1000 4017 3.77927 4.04824 0.594339 3.67382 
1000 4018 6.09438 8.74134 0.872513 7.15587 
1000 4019 4.09314 3.93354 0.73161 3.66673 
1000 4020 3.54828 3.23421 0.767132 6.56792 
1000 4021 3.90988 4.12047 1.31249 6.0228 
1000 4022 2.85308 5.34967 0.593537 3.90327 
1000 4023 9.92271 4.89803 2.74625 7.39232 
1000 4024 5.56979 3.13611 1.04309 4.68555 
1000 4025 4.00071 3.99941 0.498615 3.49962 
1000 4026 4.49493 6.54812 3.18374 2.6585 
1000 4027 5.74826 9.42769 6.0525 7.76706 
1000 4028 5.3878 6.51077 2.74719 6.34238 
1000 4029 3.84927 3.31903 0.609819 6.27867 
1000 4030 3.90633 4.01208 1.3141 5.47948 
1000 4031 5.93215 7.19651 4.68478 2.69452 
1000 4032 4.98245 4.79167 2.6978 5.9308 
1000 4033 2.6965 4.97894 1.0703 7.6627 
1000 4034 5.03573 3.61633 0.71605 3.87241 
1000 4035 3.00233 5.7045 1.77473 2.5274 
1000 4036 2.2037 1.34916 6.40622 8.86921 
1000 4037 7.001 4.51482 5.98237 4.75232 
1000 4038 5.6254 3.10779 1.20845 4.83358 
1000 4039 4.10639 3.9228 0.762196 3.6968 
1000 4040 8.44808 5.80267 1.54873 5.55707 
1000 4041 6.6317 2.7129 2.31344 3.72882 
1000 4042 6.25308 4.60904 2.00864 3.30846 
1000 4043 4.0178 4.45136 1.98709 4.69911 
1000 4044 2.67093 3.89391 5.63094 2.15335 
1000 4045 8.07768 6.32768 5.4617 6.59948 
1000 4046 6.18206 2.53915 2.76292 6.4882 
1000 4047 4.42053 3.95033 0.767226 3.42284 
1000 4048 8.58631 6.97792 3.84517 2.25644 
1000 4049 4.99349 3.48182 1.0592 2.4052 
1000 4050 3.99927 4.00041 0.500005 3.49952 
1000 4051 4.56583 5.11738 0.591641 3.59527 
1000 4052 5.61337 7.44349 4.65145 7.08731 
1000 4053 3.14101 5.96747 3.68616 4.7711 
1000 4054 8.78665 4.85284 5.94712 9.13019 
1000 4055 6.77965 5.8354 7.51148 3.20208 
1000 4056 3.149 3.98113 1.08758 3.96325 
1000 4057 4.06466 4.30043 1.73863 4.58847 
1000 4058 4.0777 6.41419 1.22342 4.80598 
1000 4059 4.8421 3.8404 1.92848 3.21968 
1000 4060 4.67907 4.90742 0.552971 3.64449 
1000 4061 3.99978 3.99936 0.501163 3.5001 
1000 4062 5.36232 7.30041 4.4599 6.79733 
1000 4063 3.17619 4.21457 6.05312 4.92888 
1000 4064 1.79208 5.7107 6.65228 3.68135 
1000 4065 6.518 7.81854 2.74254 7.96098 
1000 4066 5.24629 4.27018 0.525884 4.60959 
1000 4067 4.83977 6.7208 9.08261 9.82937 
1000 4068 2.61687 4.67144 4.47654 8.3133 
1000 4069 6.79237 5.62241 3.45754 5.9859 
1000 4070 3.99993 4.00033 0.501294 3.49987 
1000 4071 4.96841 4.21268 4.58658 3.74815 
1000 4072 7.73942 2.36104 2.827 5.23155 
1000 4073 7.94364 3.28434 7.06576 1.32266 
1000 4074 1.90143 5.37988 4.5911 3.85301 
1000 4075 1.75434 2.85221 7.10827 5.86413 
1000 4076 5.00109 3.77406 2.65671 3.44721 
1000 4077 8.98836 3.19529 1.29413 7.75439 
1000 4078 3.42026 4.49482 1.65297 2.74984 
1000 4079 4.78817 3.71424 0.631041 3.78679 
1000 4080 8.04087 5.70038 1.77244 5.53482 
1000 4081 2.4164 3.96648 6.46995 2.20356 
1000 4082 4.87513 5.08407 0.584428 3.66577 
1000 4083 8.05801 9.2931 3.52284 2.43318 
1000 4084 3.71349 8.77975 6.11505 8.37145 
1000 4085 6.86205 2.62299 0.970463 5.94929 
1000 4086 5.94476 8.22366 6.36962 3.05714 
1000 4087 6.33548 2.37927 5.15631 3.09337 
1000 4088 2.40767 3.81848 4.14991 5.87632 
1000 4089 8.5732 9.29881 8.38137 1.28031 
1000 4090 6.07122 2.88522 5.33072 2.74902 
1000 4091 6.61324 1.91301 6.3053 3.50563 
1000 4092 6.46277 2.11162 5.6535 3.23943 
1000 4093 4.46207 3.44239 2.46506 4.39632 
1000 4094 4.55061 9.76908 4.57666 2.25444 
1000 4095 5.28598 4.74394 6.93127 2.9077 
1000 4096 9.2006 1.29504 6.69298 4.35058 
1000 4097 8.35344 4.97001 7.75111 5.34117 
1000 4098 8.22806 5.50824 1.59516 5.42806 
1000 4099 3.93024 8.09039 5.18189 8.24145 
1000 4100 2.58565 4.69231 4.48967 8.35358 
1000 4101 2.18398 5.81865 7.00944 7.48003 
1000 4102 5.33784 5.02525 2.39009 4.92448 
1000 4103 4.81237 2.65104 4.2725 5.00905 
1000 4104 4.00145 3.9991 0.500411 3.50007 
1000 4105 4.11472 3.92408 0.712276 3.66868 
1000 4106 4.4733 5.22478 2.23607 5.63595 
1000 4107 8.31162 3.91622 1.89287 5.94708 
1000 4108 6.56882 5.48307 7.76443 7.90231 
1000 4109 1.88332 8.07469 7.66276 7.63855 
1000 4110 3.64576 9.59982 7.20206 8.80455 
1000 4111 3.5083 7.34924 5.98689 1.65429 
1000 4112 6.02056 3.02505 6.81454 6.38007 
1000 4113 9.77308 3.21997 8.23795 8.25191 
1000 4114 3.99984 3.99865 0.500103 3.49891 
1000 4115 6.63014 2.24117 1.16461 6.53065 
1000 4116 5.25041 3.40971 0.753176 4.14048 
1000 4117 3.52054 7.44564 6.29201 1.60244 
1000 4118 5.53111 7.02272 8.77423 6.15754 
1000 4119 6.28799 4.14151 1.62057 2.80744 
1000 4120 1.57187 1.17585 3.23188 1.09481 
1000 4121 7.32618 5.96672 3.11666 3.79681 
1000 4122 6.30311 4.98497 0.648822 6.65736 
1000 4123 2.43278 4.1243 5.1502 6.61927 
1000 4124 1.47745 5.33813 7.09766 3.50352 
1000 4125 2.97338 3.92718 1.48593 4.06589 
1000 4126 3.34915 7.59949 5.42054 5.27469 
1000 4127 2.14715 1.6445 5.65318 8.20869 
1000 4128 4.7225 4.79868 2.48492 5.49196 
1000 4129 2.2288 5.50853 3.04776 6.06585 
1000 4130 4.47096 8.57654 0.894144 3.79676 
1000 4131 7.87808 7.31908 7.04417 8.40463 
1000 4132 7.7704 6.43741 3.42901 3.82558 
1000 4133 6.01409 5.45399 7.19675 7.63664 
1000 4134 7.01155 3.51647 8.23369 8.16448 
1000 4135 6.03336 4.81756 3.25165 7.62502 
1000 4136 8.26243 4.46088 4.53216 4.79816 
1000 4137 3.75641 5.46234 1.40265 8.19553 
1000 4138 4.92327 6.44361 8.06984 7.7039 
1000 4139 5.58456 7.40199 4.60256 7.03416 
1000 4140 8.16268 5.88946 1.8388 5.70207 
1000 4141 2.1846 5.90194 7.17088 7.57758 
1000 4142 6.67568 7.95157 2.747 8.27864 
1000 4143 4.86358 1.58499 6.37466 6.77029 
1000 4144 6.18649 6.93698 1.76922 3.97493 
1000 4145 4.37875 6.31237 2.85194 2.51584 
1000 4146 5.32573 7.43395 4.60032 6.87612 
1000 4147 5.01193 3.56821 3.18951 9.27295 
1000 4148 3.99861 4.00036 0.499807 3.49937 
1000 4149 7.49531 8.80679 3.26452 2.43798 
1000 4150 1.0001 1.00075 0.501705 1.50035 
1000 4151 1.91791 4.94747 6.42257 7.3284 
1000 4152 4.06572 2.0646 4.44407 2.86602 
1000 4153 3.86242 3.17024 0.627755 6.83101 
1000 4154 2.92241 5.91782 4.4531 2.01605 
1000 4155 4.37319 6.64249 3.16539 7.49431 
1000 4156 7.82944 5.82152 4.251 6.91027 
1000 4157 4.0715 5.89325 0.857005 4.7073 
1000 4158 9.96038 9.81416 10.7522 6.68707 
1000 4159 3.42929 7.64794 7.04119 1.52658 
1000 4160 5.12611 5.9284 7.36232 7.61484 
1000 4161 3.78678 5.50184 1.41289 8.19493 
1000 4162 3.39925 7.70035 7.21586 1.51312 
1000 4163 10.2264 5.25829 2.89408 8.06036 
1000 4164 6.66829 7.95326 2.74383 8.27568 
1000 4165 5.80672 5.20129 4.31011 1.76246 
1000 4166 3.26511 5.67772 3.3319 2.33123 
1000 4167 6.08918 4.63882 5.35852 3.6838 
1000 4168 7.95124 8.90188 8.04214 2.00451 
1000 4169 3.92628 3.08984 0.606121 7.16709 
1000 4170 3.99944 4.0006 0.501117 3.49954 
1000 4171 5.73412 4.22333 4.64054 3.82082 
1000 4172 4.0001 4.00015 0.501255 3.49928 
1000 4173 5.05319 5.1672 6.18315 7.44367 
1000 4174 0.999055 1.00012 0.499747 1.50038 
1000 4175 2.31542 2.18618 3.69064 8.88721 
1000 4176 4.1512 5.57132 0.604562 2.55106 
1000 4177 8.98371 6.98363 7.51033 7.85029 
1000 4178 3.20315 5.468 2.54603 5.3249 
1000 4179 1.7022 5.96709 3.4916 6.67047 
1000 4180 2.8576 3.64243 4.11543 4.46584 
1000 4181 8.07762 6.32764 5.46166 6.59938 
1000 4182 1.69482 9.8125 8.0583 2.86908 
1000 4183 3.99918 4.00022 0.498371 3.49886 
1000 4184 4.06474 6.97251 1.72617 4.97993 
1000 4185 3.05959 3.88619 5.00279 4.66813 
1000 4186 6.96963 3.48434 1.88809 4.40466 
1000 4187 2.27943 7.18127 6.13152 6.98455 
1000 4188 8.40941 6.34671 5.66859 6.62926 
1000 4189 6.59097 3.28234 7.4431 7.2273 
1000 4190 8.86472 7.88265 1.26106 7.86482 
1000 4191 6.80819 8.03955 2.76398 8.50843 
1000 4192 5.56526 6.37225 0.695488 4.9 
1000 4193 6.36607 8.08167 2.62442 2.89432 
1000 4194 7.88132 6.57892 3.5186 3.82299 
1000 4195 6.07155 4.40566 7.53006 3.28159 
1000 4196 2.25014 5.42367 6.37003 7.23939 
1000 4197 4.42736 4.6711 0.524006 3.59522 
1000 4198 3.00045 5.98544 2.8695 6.3842 
1000 4199 6.50003 2.93382 1.94929 3.74167 
1000 4200 7.09311 5.93366 2.18823 2.14425 
1000 4201 8.70203 9.25269 1.18114 4.38127 
1000 4202 2.79252 5.17396 7.41043 5.23757 
1000 4203 2.86826 3.70072 3.90643 4.40362 
1000 4204 4.49978 2.48245 5.58029 8.47999 
1000 4205 7.91865 3.7494 6.62932 4.99998 
1000 4206 9.43736 4.67102 2.55287 6.85551 
1000 4207 5.99053 5.64895 4.98666 7.59824 
1000 4208 6.78927 1.77504 6.99317 3.82473 
1000 4209 4.52678 9.34654 5.25807 4.11878 
1000 4210 2.26282 1.16335 6.92656 9.34157 
1000 4211 3.45795 3.92769 7.25182 5.29088 
1000 4212 4.00112 4.00037 0.498596 3.49859 
1000 4213 5.77717 4.69311 5.18919 9.52434 
1000 4214 7.78633 1.99904 6.43841 8.67661 
1000 4215 3.25737 6.74395 4.47586 4.99024 
1000 4216 4.16851 3.87627 0.945467 3.83295 
1000 4217 2.34646 2.80694 5.90221 5.41704 
1000 4218 0.999661 0.999617 0.500279 1.50128 
1000 4219 3.59939 9.50316 7.27472 5.20278 
1000 4220 2.66591 6.53365 4.72754 6.50746 
1000 4221 1.98428 7.36156 1.24969 4.19411 
1000 4222 9.54496 7.44721 2.16815 6.51723 
1000 4223 2.57554 3.99504 3.35572 5.00934 
1000 4224 3.99916 4.0002 0.500013 3.49976 
1000 4225 2.46904 4.03947 6.135 7.41612 
1000 4226 5.10018 4.77462 2.78758 6.11859 
1000 4227 4.95729 4.3256 4.9481 3.6831 
1000 4228 4.46463 4.51384 2.12214 4.77029 
1000 4229 5.91574 4.52458 3.93507 8.27498 
1000 4230 7.4142 7.69839 1.03315 1.61402 
1000 4231 3.20252 7.63994 0.98659 7.34666 
1000 4232 7.14318 3.39473 2.71992 4.70516 
1000 4233 3.16434 8.84482 7.07784 6.38984 
1000 4234 2.54177 3.94425 6.11656 2.1971 
1000 4235 3.52076 5.09393 2.4308 4.9559 
1000 4236 5.45329 6.78648 7.8446 5.81895 
1000 4237 9.03914 7.01045 7.72997 7.99963 
1000 4238 2.60988 5.07547 1.05431 7.8095 
1000 4239 3.90554 4.01202 1.3151 5.47988 
1000 4240 1.53239 8.10614 3.76245 2.17536 
1000 4241 6.02554 4.10333 1.53605 2.89794 
1000 4242 3.56821 7.98375 2.32469 4.71305 
1000 4243 2.67436 3.22177 4.9204 4.84942 
1000 4244 5.93202 4.47423 3.76514 8.13492 
1000 4245 7.76332 3.6722 3.86687 4.90049 
1000 4246 4.51885 4.67198 2.25499 5.02364 
1000 4247 7.88034 7.3178 7.04012 8.39111 
1000 4248 6.61003 5.10074 6.28453 3.436 
1000 4249 8.44757 8.88094 7.93465 9.80567 
1000 4250 3.36025 4.03001 7.00964 5.23176 
1000 4251 1.59924 1.25096 3.4112 1.05525 
1000 4252 4.00058 4.00041 0.500465 3.50019 
1000 4253 1.31421 2.39194 7.86021 1.10228 
1000 4254 7.6022 9.26526 6.39374 3.52223 
1000 4255 6.27109 3.40418 4.60434 2.51412 
1000 4256 2.24306 5.44119 4.00075 4.07165 
1000 4257 7.79129 6.16366 0.961708 3.40002 
1000 4258 2.19042 7.50262 4.87498 8.72918 
1000 4259 7.5745 1.59751 7.60047 9.11389 
1000 4260 6.50575 4.3259 2.01571 4.42192 
1000 4261 1.00382 0.912494 1.60474 1.48666 
1000 4262 9.83275 8.22612 6.30616 1.66993 
1000 4263 4.57415 6.02909 4.24547 4.6666 
1000 4264 6.80013 4.38351 5.66711 4.57804 
1000 4265 4.47353 5.22484 2.23566 5.63692 
1000 4266 3.15282 5.79732 3.51905 4.72477 
1000 4267 4.10602 8.20516 2.93261 6.29284 
1000 4268 3.99946 3.99904 0.4992 3.49924 
1000 4269 7.59192 2.07654 3.17852 5.10318 
1000 4270 3.79344 6.4809 0.756938 5.84961 
1000 4271 7.43779 8.32747 1.52043 5.9266 
1000 4272 7.97497 7.70415 4.10865 3.69191 
1000 4273 4.54541 3.94316 1.29113 3.11143 
1000 4274 5.87541 4.45001 7.2435 3.25363 
1000 4275 4.59682 6.8807 6.49491 3.74725 
1000 4276 4.4565 3.96071 0.835723 3.38213 
1000 4277 8.21178 2.0077 3.07118 3.44291 
1000 4278 2.11648 6.56265 8.56489 8.47206 
1000 4279 7.29679 3.02153 8.34246 6.78062 
1000 4280 6.61103 7.86972 2.92745 7.0861 
1000 4281 3.42791 6.37217 4.22318 2.08118 
1000 4282 4.08239 7.24305 5.04285 8.58443 
1000 4283 7.17248 2.00577 4.65723 0.997357 
1000 4284 9.31394 8.69556 1.17634 8.75908 
1000 4285 5.34234 3.31711 0.766452 4.26356 
1000 4286 3.9994 3.99983 0.501005 3.5006 
1000 4287 4.44026 6.36724 2.81069 7.0481 
1000 4288 4.00125 3.99948 0.500408 3.50003 
1000 4289 5.00597 7.99462 3.08149 9.38195 
1000 4290 9.12657 1.3005 6.62755 4.34769 
1000 4291 3.74317 8.42479 3.13779 1.92266 
1000 4292 4.4125 4.59482 1.68972 2.75153 
1000 4293 4.43829 4.3059 1.96713 4.54102 
1000 4294 2.86589 9.83803 9.49859 10.4854 
1000 4295 1.9353 7.92913 7.4466 7.53852 
1000 4296 2.13233 6.90137 7.72693 3.92757 
1000 4297 4.12017 6.89905 2.83593 2.19401 
1000 4298 4.40087 5.42508 2.32906 2.5461 
1000 4299 4.38029 6.60907 3.10749 7.44776 
1000 4300 6.43144 2.99337 1.85622 3.78687 
1000 4301 2.21057 1.27269 6.57969 9.03731 
1000 4302 9.22707 4.69351 8.4692 5.43353 
1000 4303 5.56051 6.35615 0.69507 4.88058 
1000 4304 8.58152 6.1683 3.83518 1.85508 
1000 4305 6.87709 5.99469 0.858496 3.29957 
1000 4306 6.70275 2.76162 2.21944 3.58325 
1000 4307 2.43571 7.81744 1.60436 2.31723 
1000 4308 1.57162 1.75246 5.19302 0.80365 
1000 4309 2.82432 3.56799 4.27137 4.53017 
1000 4310 7.92034 5.44767 1.6183 5.3078 
1000 4311 7.89882 7.1552 6.75621 7.9664 
1000 4312 8.47636 8.14842 7.46735 8.5063 
1000 4313 3.91042 4.39039 4.27449 7.28385 
1000 4314 6.94981 2.57054 2.29614 3.55304 
1000 4315 3.22963 0.973146 6.00883 1.36397 
1000 4316 2.25635 5.10149 5.88527 7.02687 
1000 4317 3.88026 3.96464 0.665484 3.45088 
1000 4318 9.04789 0.926452 5.86494 5.97006 
1000 4319 4.73143 2.97432 5.59516 3.94863 
1000 4320 2.11833 2.90074 4.99611 7.39787 
1000 4321 5.1929 6.55164 4.78855 4.4301 
1000 4322 3.74527 5.46891 1.40995 8.19486 
1000 4323 4.96934 8.66316 3.79315 10.044 
1000 4324 3.01075 4.45198 4.24333 7.86481 
1000 4325 3.95885 4.0879 0.515619 3.67458 
1000 4326 4.00037 4.00018 0.500867 3.49969 
1000 4327 3.99967 3.99836 0.500231 3.50045 
1000 4328 6.99551 1.69171 7.6114 3.87124 
1000 4329 6.89977 3.50079 1.87711 4.399 
1000 4330 5.41683 8.56348 5.51519 7.36163 
1000 4331 6.35828 3.63314 1.5215 4.22948 
1000 4332 8.09521 2.41285 1.24405 7.0114 
1000 4333 3.04792 5.06663 1.95652 2.60307 
1000 4334 3.67886 3.74242 7.55965 5.33797 
1000 4335 7.9984 8.16178 4.32921 3.6973 
1000 4336 2.50154 3.96912 3.70289 5.35342 
1000 4337 5.7614 2.89722 6.40625 6.14712 
1000 4338 4.49574 8.76348 7.8141 6.69241 
1000 4339 7.0812 3.40643 2.59425 4.66336 
1000 4340 6.39241 2.43806 3.80315 6.86482 
1000 4341 2.28617 7.99653 7.27519 8.0262 
1000 4342 7.06921 3.06143 8.04876 6.74466 
1000 4343 3.71224 3.84619 2.92933 7.05115 
1000 4344 5.45751 6.74433 7.18865 5.71101 
1000 4345 7.66123 2.85517 1.21734 6.72818 
1000 4346 2.16766 1.5117 6.02556 8.53385 
1000 4347 6.51367 3.61154 1.60978 4.28474 
1000 4348 8.10631 3.21052 2.41715 4.29248 
1000 4349 6.91993 5.99588 0.88683 3.0278 
1000 4350 7.15462 2.40881 0.872832 5.6953 
1000 4351 1.53016 4.78396 7.59795 6.93878 
1000 4352 3.3647 7.80595 5.69291 5.41963 
1000 4353 4.06574 6.50774 1.29479 4.81343 
1000 4354 4.54369 6.40981 5.63842 3.54785 
1000 4355 8.15292 8.55957 3.06631 9.81479 
1000 4356 7.43759 8.32785 1.52056 5.92654 
1000 4357 9.53408 8.03184 5.66195 8.90182 
1000 4358 4.87884 3.82763 2.0317 3.24578 
1000 4359 6.55677 5.53431 3.23904 5.82452 
1000 4360 6.93742 4.03937 0.605964 3.34869 
1000 4361 5.36045 9.47292 9.05353 6.76 
1000 4362 4.57704 5.57687 2.57348 5.83133 
1000 4363 7.50928 7.60353 7.8234 4.71067 
1000 4364 9.49009 6.59075 5.44799 8.87291 
1000 4365 5.93303 8.85233 9.04487 4.43024 
1000 4366 2.71067 9.35207 6.69735 5.25029 
1000 4367 11.9036 11.5126 11.9469 10.3483 
1000 4368 5.07434 3.95688 1.15553 3.18481 
1000 4369 4.00069 3.99985 0.500648 3.49909 
1000 4370 3.99014 5.26411 0.621671 4.34935 
1000 4371 8.24876 2.33669 4.48762 7.761 
1000 4372 4.00069 4.00082 0.499855 3.49835 
1000 4373 6.09486 3.20999 4.46272 2.89056 
1000 4374 4.9426 3.4351 1.68574 2.42884 
1000 4375 8.38233 8.95525 2.1301 5.96238 
1000 4376 4.68083 7.0568 2.88423 8.01813 
1000 4377 3.4977 3.86594 4.48974 8.38807 
1000 4378 4.27716 7.33272 3.35109 3.17916 
1000 4379 7.65759 3.33457 3.91355 5.0276 
1000 4380 7.86982 9.67443 6.78135 3.85608 
1000 4381 5.46683 4.04047 1.35995 3.10183 
1000 4382 1.59564 1.73412 5.89798 0.889189 
1000 4383 3.93443 4.0336 0.52624 3.60454 
1000 4384 8.45063 2.41517 7.9186 4.71873 
1000 4385 4.07739 4.24734 1.58397 6.72575 
1000 4386 8.63034 3.79297 4.80857 1.94813 
1000 4387 7.22825 8.37063 3.74779 5.83716 
1000 4388 6.58052 8.23074 2.74839 2.78655 
1000 4389 5.23125 4.67743 6.66156 3.01207 
1000 4390 3.96767 5.05746 0.583963 4.21049 
1000 4391 8.40802 2.30693 4.5075 7.82455 
1000 4392 5.80924 4.32756 4.80791 3.79087 
1000 4393 4.43268 4.70395 1.8338 2.7002 
1000 4394 4.16284 5.45894 3.4757 4.54549 
1000 4395 6.79679 2.08972 1.6752 7.97333 
1000 4396 5.63066 6.31367 8.55082 8.65219 
1000 4397 7.96958 9.54855 6.95682 1.89395 
1000 4398 3.16462 5.2926 2.68415 2.4701 
1000 4399 3.52182 4.10926 3.59703 7.3424 
1000 4400 4.21251 3.85568 1.08628 3.91765 
1000 4401 4.87278 9.10525 4.23883 6.73769 
1000 4402 3.25745 5.39839 2.50573 5.24297 
1000 4403 4.00086 3.99933 0.499849 3.50183 
1000 4404 4.06322 4.29947 1.74144 4.58647 
1000 4405 5.10456 6.98216 3.36614 2.02017 
1000 4406 3.91986 4.10046 0.875756 3.24108 
1000 4407 2.18909 7.49861 4.87332 8.73468 
1000 4408 5.5479 3.14915 0.9936 4.63398 
1000 4409 4.40568 4.20399 1.87573 4.44779 
1000 4410 8.67433 3.46531 6.64393 3.02647 
1000 4411 7.5516 3.49576 3.51104 4.87449 
1000 4412 9.53676 7.00489 9.01018 8.84285 
1000 4413 6.86012 2.07955 1.46765 7.68207 
1000 4414 5.24698 3.72011 2.75503 3.27213 
1000 4415 4.52728 5.31444 0.749778 2.66459 
1000 4416 9.03684 9.01202 7.80703 8.90279 
1000 4417 3.86206 4.73925 2.32402 4.74873 
1000 4418 6.86453 8.09774 3.03577 7.09154 
1000 4419 4.47035 8.57618 0.894657 3.79794 
1000 4420 2.88192 4.79403 1.12016 7.42494 
1000 4421 5.57843 3.13122 1.06667 4.70851 
1000 4422 8.34831 8.339 8.61037 5.20151 
1000 4423 3.91981 4.19471 1.38678 6.32752 
1000 4424 4.56822 9.40047 5.84289 3.97423 
1000 4425 4.27475 7.29856 4.38573 8.19368 
1000 4426 3.99963 3.99966 0.500343 3.4995 
1000 4427 8.70869 6.04176 4.58137 7.58751 
1000 4428 2.17982 2.64334 6.32803 5.73831 
1000 4429 7.10893 8.55323 3.05563 2.56097 
1000 4430 4.54398 6.40832 5.63801 3.54728 
1000 4431 7.96066 8.19577 4.73997 6.12654 
1000 4432 2.66048 3.89712 5.66626 2.15587 
1000 4433 7.01068 6.10406 0.880289 3.27344 
1000 4434 0.999284 1.00074 0.500414 1.49975 
1000 4435 6.75605 3.51531 1.95518 4.42437 
1000 4436 6.47551 2.1994 1.02481 6.06729 
1000 4437 4.0014 3.9993 0.50029 3.50004 
1000 4438 4.0006 3.99984 0.500174 3.49931 
1000 4439 2.31527 2.18585 3.69063 8.88707 
1000 4440 8.86178 4.89936 1.42598 6.96932 
1000 4441 4.8294 7.42049 4.05593 6.42328 
1000 4442 8.83824 7.11516 0.943682 3.13094 
1000 4443 4.54369 6.40197 5.6482 3.57386 
1000 4444 3.70325 4.26773 1.28811 6.40509 
1000 4445 2.43934 2.94383 5.54657 5.22766 
1000 4446 7.50836 3.27953 2.02021 4.45933 
1000 4447 2.80983 3.90321 2.62553 4.25616 
1000 4448 6.15544 5.55788 1.51972 2.57556 
1000 4449 9.72122 4.72296 2.67564 7.06808 
1000 4450 4.94574 3.79985 2.28514 3.32045 
1000 4451 8.15254 8.26038 4.94856 6.23861 
1000 4452 4.75988 3.94933 0.54942 3.93448 
1000 4453 1.79952 8.00677 5.7801 9.33128 
1000 4454 4.40054 5.25783 2.22496 2.57732 
1000 4455 8.31415 8.51334 5.31787 6.417 
1000 4456 2.86021 3.67543 3.96302 4.42199 
1000 4457 2.90591 3.91685 1.7391 4.11811 
1000 4458 6.48024 4.87851 2.2594 3.44672 
1000 4459 4.79087 3.88167 8.24163 8.7089 
1000 4460 6.39838 3.02143 1.81227 3.80567 
1000 4461 8.98051 8.0577 1.22091 8.06932 
1000 4462 5.83877 2.72843 7.01218 2.15569 
1000 4463 5.61832 5.50529 0.697621 3.60167 
1000 4464 4.8363 2.63494 4.35277 5.04402 
1000 4465 8.04324 6.30251 5.42547 6.53296 
1000 4466 2.31509 2.18582 3.6907 8.88713 
1000 4467 4.76209 4.80442 2.5203 5.56472 
1000 4468 5.89037 3.77811 0.670136 3.70998 
1000 4469 7.02544 6.13471 0.884338 3.26592 
1000 4470 1.60768 1.71457 6.04433 0.920303 
1000 4471 6.3569 4.72941 2.12162 3.37046 
1000 4472 6.55338 5.53298 3.23608 5.82366 
1000 4473 2.14913 1.64327 5.65432 8.20768 
1000 4474 2.4289 6.01504 5.64454 1.6979 
1000 4475 9.57861 7.32404 8.7139 8.65522 
1000 4476 6.41184 4.32677 1.97623 4.40182 
1000 4477 3.85683 3.81591 1.7342 6.2828 
1000 4478 3.99981 4.00047 0.499717 3.49942 
1000 4479 2.69377 8.46185 1.51133 8.12386 
1000 4480 4.00075 3.99858 0.500676 3.49848 
1000 4481 5.23774 4.67239 6.67855 3.0082 
1000 4482 8.74569 3.1136 6.89011 7.41391 
1000 4483 7.35084 2.75284 1.07402 6.34157 
1000 4484 7.41822 5.80433 4.00113 6.51719 
1000 4485 4.27161 7.28489 4.3858 8.19161 
1000 4486 4.44989 3.48341 2.37088 4.37157 
1000 4487 8.19108 6.24177 1.71637 6.21262 
1000 4488 7.55915 1.91914 5.50789 1.04619 
1000 4489 8.78838 4.8337 1.42027 6.87294 
1000 4490 6.60745 5.89417 0.825215 3.33769 
1000 4491 6.53248 6.94998 3.12845 5.20974 
1000 4492 3.99049 4.01195 0.503456 3.53256 
1000 4493 4.88957 3.82369 2.06476 3.25449 
1000 4494 3.10007 4.43874 6.49457 5.00058 
1000 4495 4.66148 4.93848 5.47806 7.34453 
1000 4496 9.22859 4.92571 6.72862 9.79357 
1000 4497 5.80781 5.192 4.15264 1.79656 
1000 4498 2.5692 2.65358 1.87937 7.88265 
1000 4499 8.44118 5.40435 8.10016 2.87723 
1000 4500 4.03317 4.41176 1.93552 4.68614 
1000 4501 6.37903 7.60446 2.84937 7.02012 
1000 4502 4.96167 3.79154 2.37547 3.35057 
1000 4503 0.999424 1.00074 0.500178 1.50006 
1000 4504 5.2271 4.65739 6.61086 3.03968 
1000 4505 6.25411 2.67032 0.844628 5.29048 
1000 4506 4.82626 1.545 7.05394 7.30219 
1000 4507 5.4982 6.20033 0.68803 4.70416 
1000 4508 5.30893 7.93519 5.03047 7.09466 
1000 4509 7.75369 2.00657 6.40399 8.65439 
1000 4510 6.50419 4.80305 3.65288 7.69839 
1000 4511 3.90653 4.01191 1.314 5.4795 
1000 4512 6.73626 6.86582 6.86577 9.59885 
1000 4513 9.52678 4.66116 2.59031 6.86056 
1000 4514 4.77624 2.70271 4.13897 4.943 
1000 4515 4.16604 3.92492 0.536952 3.55647 
1000 4516 1.92972 5.39101 4.53327 3.8688 
1000 4517 5.99075 5.64891 4.9869 7.59846 
1000 4518 3.79981 3.73536 2.50574 6.86503 
1000 4519 4.32978 4.48462 1.77093 7.29865 
1000 4520 5.80087 6.36249 5.80175 1.86693 
1000 4521 4.56835 6.6915 3.37811 2.73253 
1000 4522 7.70835 6.13369 2.85449 1.96342 
1000 4523 7.83726 3.82268 3.95526 4.86606 
1000 4524 1.00027 1.00054 0.498531 1.49985 
1000 4525 3.63397 9.09094 6.53349 8.47659 
1000 4526 3.04533 10.1679 4.27471 8.08469 
1000 4527 3.19948 4.21653 6.27285 4.99837 
1000 4528 4.39482 3.85683 0.5585 3.63411 
1000 4529 8.23557 7.99889 7.05936 4.05609 
1000 4530 4.85044 1.56803 6.62812 6.95915 
1000 4531 5.9014 4.47438 4.13755 8.57413 
1000 4532 3.99929 4.00039 0.500748 3.50076 
1000 4533 3.75456 5.46168 1.40594 8.19494 
1000 4534 3.08443 1.11717 5.54959 1.30856 
1000 4535 4.96239 2.59148 4.71283 5.21259 
1000 4536 6.61074 2.83763 2.05996 3.68522 
1000 4537 3.94616 2.76556 2.15784 2.84614 
1000 4538 7.39589 5.78108 3.97262 6.48228 
1000 4539 4.58016 9.41608 5.96585 3.94898 
1000 4540 3.99984 4.00062 0.500461 3.4987 
1000 4541 7.20843 3.38816 2.85072 4.74484 
1000 4542 2.58615 8.4985 6.17244 2.07494 
1000 4543 4.26484 7.76116 2.67029 5.79297 
1000 4544 9.72692 7.7199 7.2071 8.65774 
1000 4545 3.37156 8.14257 7.92364 1.50687 
1000 4546 5.62944 2.786 6.10811 5.99076 
1000 4547 6.33999 2.45125 3.72544 6.80853 
1000 4548 9.43772 4.67029 2.55225 6.85585 
1000 4549 4.03564 9.77717 4.44484 1.90386 
1000 4550 8.31009 3.91804 1.89181 5.94799 
1000 4551 6.92158 2.63424 0.98697 6.0065 
1000 4552 7.67436 8.19991 1.05207 2.80506 
1000 4553 9.30073 8.80631 1.16491 8.8231 
1000 4554 7.86842 5.85548 7.83992 3.27268 
1000 4555 2.66897 3.8939 5.6198 2.15608 
1000 4556 5.01929 6.12718 2.75358 6.09718 
1000 4557 7.70626 9.44021 6.57826 3.65792 
1000 4558 7.39921 5.58073 7.34074 3.24346 
1000 4559 8.08631 7.68342 8.63333 9.65907 
1000 4560 2.55388 5.621 8.11491 5.55256 
1000 4561 9.96368 8.77756 8.57599 4.35913 
1000 4562 7.94682 9.79366 3.77752 8.5561 
1000 4563 8.04494 8.41062 4.46586 3.70554 
1000 4564 6.56032 10.1471 6.03341 8.61834 
1000 4565 3.18808 7.66814 0.989493 7.37865 
1000 4566 6.80879 2.56922 0.705539 1.72961 
1000 4567 3.99627 4.03581 0.602055 3.4305 
1000 4568 4.92082 3.30792 4.9237 3.98604 
1000 4569 6.10961 2.99422 4.8849 2.86104 
1000 4570 2.83813 3.91098 2.28348 4.19225 
1000 4571 3.99928 4.0005 0.499725 3.49956 
1000 4572 6.42535 7.66631 0.955164 5.82594 
1000 4573 3.99947 3.99988 0.499732 3.49916 
1000 4574 7.47254 2.30921 0.91685 5.70362 
1000 4575 9.1148 4.75628 5.54465 5.00784 
1000 4576 2.41767 9.87925 7.12197 5.22323 
1000 4577 3.76427 3.77463 2.65053 6.92409 
1000 4578 5.45513 3.21547 0.843294 4.44437 
1000 4579 7.14683 6.23336 8.6252 2.86476 
1000 4580 7.93888 7.4809 7.246 8.74964 
1000 4581 4.71523 5.61287 0.818601 2.47087 
1000 4582 4.994 3.77667 2.59331 3.4249 
1000 4583 4.00643 6.75041 1.47867 4.81641 
1000 4584 3.99906 4.0001 0.499481 3.50116 
1000 4585 8.95137 8.37748 7.44674 4.24219 
1000 4586 4.87356 6.57946 8.26952 7.73896 
1000 4587 8.04307 6.30265 5.42524 6.5337 
1000 4588 4.00172 4.00048 0.499775 3.4991 
1000 4589 6.9815 5.8965 2.08974 2.1896 
1000 4590 5.93365 2.50882 6.64444 6.34258 
1000 4591 5.07166 3.40887 3.39299 9.43097 
1000 4592 6.51364 7.76929 0.971878 5.89337 
1000 4593 3.58529 5.02392 2.42219 4.90382 
1000 4594 9.32709 0.809121 6.39886 6.14807 
1000 4595 5.83542 4.40619 4.90581 3.76419 
1000 4596 5.66469 5.72406 0.867173 3.66523 
1000 4597 5.54001 6.19504 8.34491 8.47977 
1000 4598 3.8717 6.32561 0.751262 5.58292 
1000 4599 4.8619 6.90264 3.86139 2.80737 
1000 4600 6.3577 3.15381 7.14699 6.83088 
1000 4601 8.66316 9.21739 6.15532 6.8047 
1000 4602 10.318 5.45932 2.82769 8.33101 
1000 4603 6.27244 4.81725 5.69352 3.60106 
1000 4604 2.82416 6.29895 1.68302 2.48078 
1000 4605 5.3646 7.21396 4.3563 6.74763 
1000 4606 5.92575 8.85681 9.04401 4.43069 
1000 4607 8.71423 5.26273 5.11638 4.69828 
1000 4608 7.1657 1.62686 6.17366 3.02515 
1000 4609 8.91981 1.31139 6.45077 4.34284 
1000 4610 5.63234 5.18042 2.55035 5.12299 
1000 4611 8.31177 3.91566 1.89101 5.94711 
1000 4612 3.99563 4.03588 0.601407 3.42832 
1000 4613 4.40085 5.42398 2.32837 2.54629 
1000 4614 8.90152 2.611 4.68066 8.58455 
1000 4615 5.04126 6.1421 7.64453 7.63723 
1000 4616 1.64922 1.29452 7.40071 1.29963 
1000 4617 4.90341 2.1833 4.93435 5.52183 
1000 4618 5.93191 7.19638 4.68474 2.69442 
1000 4619 8.23275 8.81804 1.98578 6.03108 
1000 4620 8.5074 8.58211 5.52032 6.52079 
1000 4621 1.00045 1.00058 0.498938 1.50027 
1000 4622 6.03786 3.62376 3.44378 2.95059 
1000 4623 12.5511 12.983 10.9522 9.51135 
1000 4624 2.83705 3.92 2.2045 4.18562 
1000 4625 4.83077 6.36679 4.73797 4.96263 
1000 4626 3.99915 4.00099 0.500068 3.49912 
1000 4627 6.61693 7.08055 3.19631 5.25346 
1000 4628 5.65118 2.80304 6.15473 6.01597 
1000 4629 7.21832 8.29602 3.74077 5.80995 
1000 4630 7.245 8.7606 1.23912 6.67076 
1000 4631 8.44218 4.61396 1.50164 6.36247 
1000 4632 4.67967 4.95704 5.49191 7.3425 
1000 4633 4.68144 4.95871 5.49654 7.3429 
1000 4634 7.92264 7.53092 7.24046 8.74611 
1000 4635 2.39419 3.76682 4.20841 5.96256 
1000 4636 8.09449 8.25293 4.88668 6.21178 
1000 4637 2.38069 8.83072 6.46754 2.1524 
1000 4638 5.69677 4.7088 3.18924 7.09311 
1000 4639 4.31071 4.72272 4.99941 7.3011 
1000 4640 6.50621 3.9754 0.629518 3.5141 
1000 4641 7.98615 6.35437 3.2273 1.92729 
1000 4642 4.00049 3.99996 0.501203 3.50012 
1000 4643 6.91875 3.78907 5.20081 3.91739 
1000 4644 9.86001 7.67906 7.25722 8.69158 
1000 4645 8.09591 1.98256 6.72878 8.79148 
1000 4646 2.57274 3.52465 4.98478 4.73882 
1000 4647 4.41401 4.43963 1.52523 2.81537 
1000 4648 3.7247 8.68419 5.82475 8.30971 
1000 4649 2.27965 1.14102 7.00058 9.41521 
1000 4650 5.15739 4.76547 2.83016 6.20882 
1000 4651 3.58727 5.02118 2.42369 4.90013 
1000 4652 3.9058 4.01007 1.31605 5.47883 
1000 4653 8.55531 2.36441 4.54869 7.99578 
1000 4654 5.36491 7.21405 4.35649 6.74717 
1000 4655 6.52727 5.14519 6.68809 8.81885 
1000 4656 4.09352 3.93135 0.731715 3.6655 
1000 4657 5.85848 2.96557 1.91365 5.47208 
1000 4658 4.0017 3.99982 0.500086 3.50055 
1000 4659 5.22868 5.54141 6.79424 7.48263 
1000 4660 3.87302 4.03371 1.32674 5.48185 
1000 4661 3.9845 4.45368 4.41395 7.28652 
1000 4662 5.27425 3.9989 1.26519 3.14485 
1000 4663 4.89112 2.04865 5.06972 5.66519 
1000 4664 6.5604 10.1472 6.03355 8.6182 
1000 4665 5.66662 4.3355 0.607666 5.4578 
1000 4666 3.17914 5.35716 2.7978 2.44715 
1000 4667 2.41598 4.11278 8.05047 9.15046 
1000 4668 3.30876 7.46536 5.21936 5.1546 
1000 4669 4.60379 3.78975 0.58731 3.71479 
1000 4670 3.87374 4.03258 1.32673 5.48279 
1000 4671 3.13372 4.02937 5.47069 4.78991 
1000 4672 5.37391 8.39189 5.40686 7.30344 
1000 4673 9.39741 9.14233 10.319 6.76526 
1000 4674 5.16831 4.60908 6.3696 3.12568 
1000 4675 4.00105 3.9995 0.500373 3.4992 
1000 4676 2.75856 8.35325 1.44616 7.98249 
1000 4677 7.31183 7.72292 5.80917 2.85475 
1000 4678 4.67946 9.55763 6.27796 3.94368 
1000 4679 10.0916 5.08081 2.80765 7.74663 
1000 4680 8.43618 2.30853 4.57158 7.84102 
1000 4681 7.86527 5.84021 4.27549 6.96059 
1000 4682 5.86427 7.51544 0.805973 6.07831 
1000 4683 3.17082 5.30268 3.05279 4.61849 
1000 4684 2.81122 8.17779 5.86057 1.97253 
1000 4685 8.6726 1.9552 3.94764 2.00116 
1000 4686 5.7154 2.8606 6.30618 6.09233 
1000 4687 3.9158 2.78756 2.01533 2.84998 
1000 4688 2.8315 3.65891 1.55901 4.20898 
1000 4689 2.24926 5.42692 6.37487 7.24111 
1000 4690 6.19666 3.08961 6.9864 6.60862 
1000 4691 3.41914 6.91613 4.74237 1.93402 
1000 4692 3.6496 8.9802 6.23256 8.39519 
1000 4693 9.42512 10.6348 6.56359 4.30571 
1000 4694 7.07586 2.12356 2.38026 9.3634 
1000 4695 3.91971 2.76509 3.18692 2.6002 
1000 4696 6.47605 2.19972 1.02482 6.0674 
1000 4697 5.87414 7.57511 0.797191 6.14175 
1000 4698 4.9341 3.82278 7.60996 8.20351 
1000 4699 1.25356 0.917081 2.30358 1.32524 
1000 4700 8.05816 5.99872 8.0681 3.3175 
1000 4701 3.99945 3.99932 0.500879 3.49988 
1000 4702 5.34916 8.21204 3.37164 9.80496 
1000 4703 1.26485 0.918616 2.3262 1.3177 
1000 4704 5.92671 4.27058 1.66683 3.12665 
1000 4705 4.24083 7.65187 3.44652 3.4043 
1000 4706 4.00132 3.99955 0.500265 3.50018 
1000 4707 7.69002 7.74694 1.04393 3.05427 
1000 4708 5.87574 5.59826 0.732071 3.53235 
1000 4709 8.60482 4.89183 5.62964 8.83007 
1000 4710 6.50566 3.09354 7.33131 6.71047 
1000 4711 4.00073 3.99991 0.50091 3.49872 
1000 4712 4.16144 3.92657 0.536337 3.55498 
1000 4713 7.612 1.40463 8.84839 5.24514 
1000 4714 8.5552 7.22203 5.03537 8.15187 
1000 4715 3.99914 4.00011 0.500885 3.50008 
1000 4716 7.97947 2.70466 6.39756 5.24386 
1000 4717 4.09258 3.93408 0.731904 3.6671 
1000 4718 7.84728 5.48974 1.64689 5.33012 
1000 4719 6.30053 2.37731 2.8821 6.80084 
1000 4720 2.43745 8.90001 2.04552 8.49609 
1000 4721 8.24203 4.54353 1.97081 5.24877 
1000 4722 10.1425 6.24547 1.75471 8.40824 
1000 4723 3.02371 8.25239 0.957404 8.12785 
1000 4724 5.61053 4.32502 0.595465 5.34463 
1000 4725 2.94637 7.9811 5.67506 1.92174 
1000 4726 1.5019 1.1439 7.74211 1.47142 
1000 4727 3.0245 8.25321 0.957423 8.12899 
1000 4728 6.09561 5.5198 1.49383 2.60278 
1000 4729 4.4048 6.52129 2.97737 7.32606 
1000 4730 7.31022 3.68036 5.43281 3.81045 
1000 4731 3.93446 4.03266 0.972505 5.29372 
1000 4732 10.7766 7.38291 7.79439 5.16894 
1000 4733 1.6011 1.6606 4.53827 0.835005 
1000 4734 3.82149 3.73643 2.22528 6.68719 
1000 4735 4.75605 3.94739 1.00088 3.2938 
1000 4736 5.63624 6.31463 8.55107 8.65083 
1000 4737 7.72724 9.41465 6.4828 3.69851 
1000 4738 2.1498 1.64226 5.65443 8.20689 
1000 4739 5.70738 9.64551 8.28397 11.2264 
1000 4740 3.9109 4.64461 2.21051 4.74491 
1000 4741 5.62083 7.30354 2.18 3.26543 
1000 4742 2.79958 3.91033 2.6573 4.28346 
1000 4743 4.63944 6.97225 2.88329 7.9019 
1000 4744 2.43771 9.42903 5.60093 7.46934 
1000 4745 6.86855 8.40857 2.91683 2.65485 
1000 4746 7.78367 2.354 4.36406 7.51999 
1000 4747 3.26876 4.13304 6.72101 5.14843 
1000 4748 5.64717 3.46533 1.0509 3.96861 
1000 4749 2.49439 2.61008 2.60652 4.928 
1000 4750 4.05794 4.52446 4.57453 7.28497 
1000 4751 3.90318 4.08329 0.638604 4.48204 
1000 4752 3.15679 5.71231 3.42567 4.7126 
1000 4753 0.999447 1.00073 0.499058 1.50036 
1000 4754 4.16992 3.87539 0.949808 3.8357 
1000 4755 8.25712 3.96387 1.93496 5.88227 
1000 4756 2.26859 4.7311 5.35194 6.73339 
1000 4757 4.71467 5.80157 2.72175 5.91743 
1000 4758 3.80681 2.84342 2.325 7.44962 
1000 4759 5.83142 4.36784 4.86551 3.77698 
1000 4760 5.65261 7.40907 5.06656 2.85826 
1000 4761 2.28332 6.45257 5.78415 1.5503 
1000 4762 6.1012 2.76248 2.64093 6.06798 
1000 4763 5.90951 2.81654 6.14536 2.46951 
1000 4764 8.90562 4.67604 6.31521 9.51766 
1000 4765 7.41844 5.80414 4.00125 6.51692 
1000 4766 3.56333 4.09453 3.5664 7.30994 
1000 4767 3.38677 6.24973 4.07104 2.12754 
1000 4768 5.8003 3.00951 1.74094 5.31471 
1000 4769 5.53474 5.54829 0.747747 3.64675 
1000 4770 8.25601 5.97622 4.41775 7.27048 
1000 4771 2.47238 4.00699 7.54484 8.70625 
1000 4772 6.84282 2.03845 1.85661 8.40135 
1000 4773 3.3702 8.46893 2.60769 4.64544 
1000 4774 8.04317 6.30258 5.42539 6.5333 
1000 4775 3.03118 3.8405 4.84721 4.62866 
1000 4776 3.97215 5.10717 0.591193 4.2431 
1000 4777 6.4523 7.78463 2.75858 7.84754 
1000 4778 3.30109 8.71511 6.38442 5.22325 
1000 4779 8.13485 1.56353 1.11752 9.13927 
1000 4780 6.96227 6.18952 8.32602 2.9852 
1000 4781 8.99442 9.36691 2.57356 5.79611 
1000 4782 4.50311 2.49518 5.59254 8.47378 
1000 4783 3.99875 4.00075 0.499964 3.49921 
1000 4784 7.33374 8.48259 3.26485 7.21879 
1000 4785 7.48728 7.86741 4.10276 5.78595 
1000 4786 8.61622 8.892 5.84987 6.68814 
1000 4787 7.37143 1.63872 7.13754 8.7733 
1000 4788 3.91473 4.09387 0.601528 4.2628 
1000 4789 10.6672 11.491 8.70957 4.65681 
1000 4790 5.22676 2.61182 5.31498 5.53266 
1000 4791 4.39402 4.15145 1.82209 4.39616 
1000 4792 4.16841 7.29907 2.1143 5.30173 
1000 4793 8.04081 6.51012 5.76754 6.97432 
1000 4794 3.75766 8.55262 3.8969 6.45992 
1000 4795 8.08913 8.74797 1.94291 6.05784 
1000 4796 7.65764 2.2623 0.939933 5.71848 
1000 4797 6.01031 8.32378 6.57562 3.08527 
1000 4798 9.5705 8.04812 5.68693 8.92031 
1000 4799 0.981893 0.929306 1.25376 1.49634 
1000 4800 4.73642 5.1757 1.95202 8.31187 
1000 4801 4.37564 3.74548 1.88087 4.25666 
1000 4802 6.8636 1.81168 4.14093 4.24338 
1000 4803 3.71567 9.70738 7.44247 8.97446 
1000 4804 4.44191 3.94918 2.31577 8.05595 
1000 4805 7.66972 7.76679 6.32318 3.3871 
1000 4806 7.79738 1.37432 6.47609 2.84718 
1000 4807 5.87292 2.75367 6.69802 2.26569 
1000 4808 2.83729 3.80199 3.21502 4.28668 
1000 4809 7.59192 2.07652 3.1785 5.10317 
1000 4810 7.37131 1.63863 7.13736 8.77303 
1000 4811 4.53486 5.73777 2.54348 6.08809 
1000 4812 4.06842 6.497 1.287 4.81367 
1000 4813 4.1694 5.46964 3.48941 4.54607 
1000 4814 5.2991 4.26245 0.542188 4.73116 
1000 4815 5.87777 6.031 5.28441 1.82525 
1000 4816 6.64594 10.2934 6.18233 8.7389 
1000 4817 4.69193 3.75467 2.809 8.68046 
1000 4818 7.4317 6.08106 3.19551 3.80982 
1000 4819 8.61386 7.32079 3.91198 1.99526 
1000 4820 3.45296 3.88586 7.67609 5.45742 
1000 4821 8.81351 6.07269 4.60048 7.64861 
1000 4822 8.84988 7.61362 5.26439 8.4825 
1000 4823 9.08306 8.14685 4.1809 2.01214 
1000 4824 3.91542 4.06482 1.09377 5.58606 
1000 4825 7.3762 1.63792 7.13984 8.77272 
1000 4826 9.49217 8.01347 5.64043 8.87982 
1000 4827 4.38591 3.86084 0.557116 3.63161 
1000 4828 2.31709 4.66312 5.84826 9.16687 
1000 4829 5.10338 4.7741 2.78997 6.12363 
1000 4830 7.03975 8.54092 1.1578 6.50605 
1000 4831 5.25456 5.83344 7.39674 7.76477 
1000 4832 4.32525 2.57009 2.5591 3.91151 
1000 4833 6.76907 7.30093 3.3286 5.34237 
1000 4834 5.82509 7.08492 9.09444 6.27899 
1000 4835 7.8626 9.0442 3.38475 2.36875 
1000 4836 10.65 5.71261 3.31355 9.0156 
1000 4837 9.51692 10.5998 6.6175 4.02022 
1000 4838 4.69434 2.17403 6.94381 3.98197 
1000 4839 4.32573 3.87649 0.552488 3.61015 
1000 4840 7.7222 4.93854 7.17313 5.3139 
1000 4841 3.94275 4.65472 0.536741 3.96418 
1000 4842 3.8497 3.32078 0.609554 6.27948 
1000 4843 5.62021 7.30229 2.18285 3.26341 
1000 4844 3.34842 8.66545 1.02327 8.60881 
1000 4845 3.99948 3.99886 0.500288 3.50088 
1000 4846 3.87623 3.48328 3.44854 7.40636 
1000 4847 3.44288 4.41228 1.24029 6.73176 
1000 4848 7.59229 7.50443 8.35866 4.92921 
1000 4849 3.99042 4.01204 0.503482 3.53281 
1000 4850 6.95436 2.03364 2.18543 9.08226 
1000 4851 5.14554 7.01059 4.20011 2.8035 
1000 4852 3.94123 4.54445 0.529345 3.90537 
1000 4853 3.03785 5.55691 1.79735 2.5408 
1000 4854 2.49228 6.33294 2.53441 5.7889 
1000 4855 4.06176 4.29969 1.74075 4.58707 
1000 4856 7.33606 4.37474 2.0342 2.51733 
1000 4857 4.19816 3.8608 1.03851 3.89083 
1000 4858 4.48921 6.65201 2.89883 7.47462 
1000 4859 8.94235 7.91251 4.10243 1.98827 
1000 4860 3.90888 4.1184 1.31654 6.02531 
1000 4861 4.86887 3.84508 7.87822 8.4134 
1000 4862 6.41808 3.61981 1.56068 4.25125 
1000 4863 4.96552 4.89667 6.20904 7.49602 
1000 4864 3.42583 4.1196 4.01033 7.74896 
1000 4865 4.07638 6.42083 1.22824 4.8061 
1000 4866 0.998935 1.00067 0.499413 1.50006 
1000 4867 5.44494 7.16716 4.60021 2.80243 
1000 4868 8.30524 6.52106 1.64834 6.50435 
1000 4869 5.46004 4.72886 3.03374 6.68409 
1000 4870 4.26229 4.03452 0.871399 3.17287 
1000 4871 7.61621 7.7613 6.22131 3.27606 
1000 4872 6.47059 7.67796 2.29786 4.15032 
1000 4873 7.88602 2.93629 5.69634 5.30969 
1000 4874 7.8676 7.49635 7.51969 8.82939 
1000 4875 4.48781 6.06648 2.62635 6.56125 
1000 4876 9.05821 6.19935 4.80509 7.96311 
1000 4877 6.67999 5.32352 6.67375 3.37866 
1000 4878 8.48113 2.30636 4.53443 7.8774 
1000 4879 6.80547 8.03815 2.76278 8.50468 
1000 4880 6.22579 3.1671 1.59777 3.89026 
1000 4881 6.67294 7.53074 8.72475 8.79664 
1000 4882 3.59003 7.41046 5.84831 1.66856 
1000 4883 4.93393 3.82333 7.61047 8.20356 
1000 4884 3.31575 8.76121 6.43095 5.21873 
1000 4885 5.23178 5.8624 1.95994 8.91202 
1000 4886 2.93423 5.78447 8.09673 5.42893 
1000 4887 8.3165 6.78917 3.65085 1.95458 
1000 4888 3.72315 4.19854 3.82626 7.27874 
1000 4889 2.16107 4.94206 4.70032 8.94644 
1000 4890 4.47043 8.57593 0.89506 3.79904 
1000 4891 7.68512 5.06675 7.29552 5.49089 
1000 4892 3.96306 4.06018 0.515694 3.65616 
1000 4893 6.72754 3.67015 3.73776 2.70557 
1000 4894 6.56028 10.1471 6.03336 8.61834 
1000 4895 4.03507 5.63273 0.724695 4.59202 
1000 4896 3.4054 3.18596 0.837525 6.70044 
1000 4897 8.48421 6.57157 6.09347 6.96074 
1000 4898 5.67733 7.50447 5.20983 2.8825 
1000 4899 4.57697 6.58095 5.95618 3.61523 
1000 4900 6.95946 4.50024 5.9093 4.72498 
1000 4901 4.03933 5.66198 0.736774 4.60785 
1000 4902 6.74726 7.22288 3.3105 5.32044 
1000 4903 0.998277 1.00018 0.4996 1.49957 
1000 4904 7.8217 3.21143 4.73627 5.26983 
1000 4905 5.788 2.93555 6.4881 6.18157 
1000 4906 4.44791 3.84358 0.563131 3.6548 
1000 4907 6.23724 5.23281 6.3272 8.5548 
1000 4908 3.47989 4.41916 1.59082 2.78685 
1000 4909 4.64056 2.96159 3.51715 4.70052 
1000 4910 4.00076 3.99872 0.500535 3.50097 
1000 4911 2.76738 8.10477 0.945144 8.07583 
1000 4912 4.01586 5.49039 0.676089 4.50536 
1000 4913 4.00085 3.99935 0.49924 3.49935 
1000 4914 7.37106 1.63787 7.13667 8.7727 
1000 4915 6.45982 2.11874 5.64236 3.23304 
1000 4916 7.18214 7.70609 5.66456 2.72031 
1000 4917 5.97671 7.21663 4.72865 2.67249 
1000 4918 4.00022 3.99916 0.500229 3.49848 
1000 4919 1.53189 1.16956 7.66109 1.44158 
1000 4920 5.40709 5.25507 3.6307 2.08975 
1000 4921 2.1898 2.6564 6.28662 5.71813 
1000 4922 3.17428 5.48417 3.20952 4.66097 
1000 4923 6.41631 7.6564 0.951356 5.8168 
1000 4924 6.56116 10.1465 6.03316 8.61589 
1000 4925 3.91482 2.78766 2.01478 2.85051 
1000 4926 3.99996 4.001 0.499197 3.50022 
1000 4927 5.17777 5.29608 0.632118 3.66605 
1000 4928 3.31021 3.45339 4.03866 2.65842 
1000 4929 5.10277 5.20502 7.15762 4.10406 
1000 4930 6.47705 2.20038 1.02457 6.06686 
1000 4931 7.83663 6.15658 2.9938 1.93566 
1000 4932 6.80452 4.0267 0.609791 3.40269 
1000 4933 7.14832 5.44444 7.07147 3.25159 
1000 4934 3.70209 7.61992 2.10228 4.76402 
1000 4935 2.11173 6.96129 0.989476 3.99976 
1000 4936 5.68956 4.01178 4.38521 3.85154 
1000 4937 6.44697 2.16098 3.35967 4.09864 
1000 4938 5.76015 3.60732 3.38387 3.03895 
1000 4939 6.35795 3.63334 1.52244 4.22892 
1000 4940 7.75077 7.70222 8.52717 5.08347 
1000 4941 6.96985 5.526 2.79501 3.70011 
1000 4942 3.99886 4.00039 0.500683 3.50073 
1000 4943 3.28635 4.29609 3.97056 7.59111 
1000 4944 2.18908 7.49859 4.87333 8.73469 
1000 4945 4.24688 7.27452 4.54207 8.28254 
1000 4946 8.32841 3.24275 2.56616 4.23865 
1000 4947 0.973655 0.925953 1.40054 1.50382 
1000 4948 8.59671 5.3803 8.2488 2.88494 
1000 4949 5.49624 2.70134 5.83727 5.83953 
1000 4950 4.51567 4.89023 2.1965 2.55822 
1000 4951 4.1141 3.92399 0.712877 3.66992 
1000 4952 5.87406 7.59448 0.801595 6.16005 
1000 4953 2.90036 4.77594 1.12514 7.4017 
1000 4954 3.8574 3.26196 2.1195 6.97878 
1000 4955 3.9003 4.00946 1.317 5.48846 
1000 4956 8.24177 4.54069 1.97082 5.24873 
1000 4957 2.67156 3.89563 5.62005 2.15727 
1000 4958 8.00828 3.13859 5.66211 6.11801 
1000 4959 1.0004 1.00048 0.498474 1.50128 
1000 4960 6.04045 7.47534 5.71146 4.99231 
1000 4961 4.00049 4.00083 0.501111 3.4999 
1000 4962 3.99911 3.99842 0.500175 3.49981 
1000 4963 8.90247 6.90062 7.20765 7.65319 
1000 4964 4.54368 6.41631 5.67752 3.57006 
1000 4965 3.92226 4.09297 0.580197 4.12805 
1000 4966 4.66712 7.02827 2.88297 7.97809 
1000 4967 8.19328 5.67835 3.4846 9.73381 
1000 4968 4.00137 3.99948 0.499449 3.50035 
1000 4969 4.33013 2.8763 2.06851 3.83289 
1000 4970 6.78718 3.50029 2.00961 4.44698 
1000 4971 3.72246 1.37007 5.29223 4.4645 
1000 4972 6.75001 2.19134 1.43973 7.34246 
1000 4973 3.85216 3.78429 1.85574 6.40373 
1000 4974 5.91231 4.53866 4.45744 8.83963 
1000 4975 9.07363 6.97984 7.9184 8.12894 
1000 4976 7.3676 6.85152 0.947063 3.10837 
1000 4977 5.9156 3.53597 3.73651 2.95867 
1000 4978 6.91948 5.99593 0.886562 3.03091 
1000 4979 4.40224 5.69584 2.49704 2.51152 
1000 4980 7.03735 2.102 2.35164 9.32917 
1000 4981 3.90697 4.11555 1.32231 6.02667 
1000 4982 2.81628 3.76105 4.85096 4.62801 
1000 4983 2.99805 6.02231 2.88885 6.48087 
1000 4984 4.11894 8.27956 3.38682 6.18195 
1000 4985 4.09725 3.94331 0.534689 3.53533 
1000 4986 2.55193 3.08895 5.19623 5.029 
1000 4987 7.78574 3.25864 4.44324 5.17292 
1000 4988 3.0487 5.53356 1.79774 2.54274 
1000 4989 2.62517 9.04412 8.44294 9.48968 
1000 4990 3.0485 5.06622 1.95625 2.60269 
1000 4991 7.09135 4.55718 2.11343 4.81356 
1000 4992 7.44904 3.6413 5.5196 3.76153 
1000 4993 3.58672 0.858581 7.08093 1.43386 
1000 4994 7.38625 7.73227 5.88908 2.93063 
1000 4995 4.74227 3.00701 5.51977 3.94791 
1000 4996 7.41852 5.8041 4.00134 6.51673 
1000 4997 8.14116 2.11778 3.50823 2.34452 
1000 4998 3.87463 4.03293 1.32636 5.48168 
1000 4999 3.99891 4 0.500674 3.49996 
1000 5000 4.55455 5.14389 0.596513 3.58949 
1000 5001 4.00021 4.00023 0.499745 3.49934 
1000 5002 3.97972 4.02584 0.508407 3.57859 
1000 5003 2.92779 3.914 1.65774 4.09796 
1000 5004 4.00069 4.0003 0.500758 3.49945 
1000 5005 6.56114 1.97218 3.02973 7.59842 
1000 5006 3.84487 3.74107 1.98803 6.52928 
1000 5007 3.99953 4.00041 0.501234 3.49903 
1000 5008 3.96507 5.03028 0.579818 4.1924 
1000 5009 6.68534 7.14349 3.25616 5.28622 
1000 5010 3.84964 3.32085 0.609541 6.2795 
1000 5011 6.13682 7.30266 4.88989 2.61251 
1000 5012 4.31588 6.95727 3.70673 7.80881 
1000 5013 4.31586 3.92738 1.524 4.17496 
1000 5014 11.7467 10.1111 11.9805 11.8652 
1000 5015 4.45208 4.66714 1.80061 7.54096 
1000 5016 3.61393 4.05283 0.678888 3.73508 
1000 5017 6.41523 4.32438 1.97482 4.40227 
1000 5018 4.40763 5.67452 2.48448 2.50694 
1000 5019 9.07844 6.21163 4.80658 7.97632 
1000 5020 2.05877 1.25183 4.22043 1.00363 
1000 5021 2.37346 5.3489 1.08869 8.3221 
1000 5022 4.84334 1.55879 6.74776 7.05053 
1000 5023 5.61982 6.50149 0.702216 5.04093 
1000 5024 8.03224 5.99361 8.04128 3.31364 
1000 5025 3.78567 5.50446 1.41495 8.19363 
1000 5026 3.44566 9.48381 3.59944 7.46928 
1000 5027 4.43039 3.55445 2.2464 4.34036 
1000 5028 6.33998 2.45123 3.72545 6.80852 
1000 5029 6.01753 7.19765 0.802649 5.6094 
1000 5030 1.80523 5.75613 6.70487 3.69167 
1000 5031 8.60916 4.89198 5.63634 8.8356 
1000 5032 8.73603 2.24755 4.51774 8.01752 
1000 5033 7.61748 7.7614 6.22391 3.27889 
1000 5034 7.31399 6.71204 0.947575 3.14715 
1000 5035 5.36492 7.21405 4.35649 6.74716 
1000 5036 3.92965 4.04 1.00791 5.37709 
1000 5037 4.90831 5.01475 5.91074 7.40897 
1000 5038 2.83381 2.82887 1.35891 7.63499 
1000 5039 4.40814 5.66179 2.47676 2.50923 
1000 5040 9.98171 4.95287 7.0061 1.88297 
1000 5041 4.55669 3.93848 1.31117 3.1117 
1000 5042 7.85762 3.07151 5.26209 5.31124 
1000 5043 8.74385 7.4622 5.1735 8.3574 
1000 5044 3.14166 5.2171 2.53462 2.49952 
1000 5045 1.83969 8.11163 7.64292 7.62608 
1000 5046 7.64264 5.39429 1.6018 5.17869 
1000 5047 3.70454 6.64894 0.776217 6.11517 
1000 5048 7.696 8.31658 1.04761 2.76263 
1000 5049 7.86958 7.8798 8.27844 4.98761 
1000 5050 8.27433 2.41471 7.66407 4.84156 
1000 5051 8.96306 4.96425 1.41623 7.12804 
1000 5052 6.11981 2.74565 2.69759 6.1056 
1000 5053 3.16352 4.14987 5.82108 4.87115 
1000 5054 6.2733 2.66185 0.851062 5.32531 
1000 5055 7.88167 2.95478 5.64042 5.31194 
1000 5056 6.10502 3.16564 4.47293 2.91275 
1000 5057 5.15237 5.92807 7.69145 7.82041 
1000 5058 5.38113 3.59392 0.74281 3.85841 
1000 5059 4.38159 6.29458 2.84051 2.48925 
1000 5060 4.33653 8.81095 3.87878 4.29916 
1000 5061 8.38584 6.88436 3.71217 1.99698 
1000 5062 2.2521 5.31462 6.20182 7.16819 
1000 5063 0.9987 0.999665 0.500548 1.50042 
1000 5064 6.55776 5.53471 3.24 5.82519 
1000 5065 6.80511 2.08591 1.65798 7.9556 
1000 5066 3.44477 7.3231 0.894157 5.87886 
1000 5067 3.98563 4.01723 0.505492 3.54918 
1000 5068 3.23665 5.56164 3.14978 2.37292 
1000 5069 1.61747 1.65302 4.56311 0.84476 
1000 5070 2.43521 1.98348 3.18748 5.5684 
1000 5071 3.05319 3.87758 4.97022 4.65908 
1000 5072 9.71863 9.67302 10.2487 5.8153 
1000 5073 5.93319 8.85237 9.04508 4.42869 
1000 5074 7.73965 2.36257 2.82595 5.2313 
1000 5075 4.46818 7.48931 7.82005 3.77658 
1000 5076 9.50945 1.60173 4.62443 1.70404 
1000 5077 2.26005 4.73311 5.36721 6.7415 
1000 5078 4.56307 6.84252 1.02819 3.35107 
1000 5079 3.34365 5.29465 2.47723 5.13982 
1000 5080 9.31854 2.12997 5.30853 8.43764 
1000 5081 6.90986 5.44599 2.73525 3.67631 
1000 5082 3.71972 3.04274 3.6813 2.52632 
1000 5083 4.40339 3.95646 0.797258 3.38566 
1000 5084 5.19796 2.60472 5.25529 5.49949 
1000 5085 3.21043 4.20249 6.43297 5.07202 
1000 5086 7.55567 4.44002 2.11321 2.45271 
1000 5087 5.72251 6.73081 0.720197 5.2721 
1000 5088 8.53953 7.17159 3.86011 1.99685 
1000 5089 7.51215 6.08758 2.63597 2.01208 
1000 5090 6.63017 2.59728 0.9134 5.70881 
1000 5091 7.8392 7.77327 6.96589 3.98164 
1000 5092 2.78841 5.34476 3.38 4.41444 
1000 5093 3.94856 8.16519 3.09481 1.98164 
1000 5094 5.44602 7.16892 4.60263 2.80183 
1000 5095 2.09955 5.55323 4.71172 4.54489 
1000 5096 4.11946 7.66511 4.81098 8.27329 
1000 5097 4.00093 4.00043 0.50001 3.49983 
1000 5098 5.87798 5.59876 0.730519 3.53297 
1000 5099 6.64196 4.35613 2.06453 4.49365 
1000 5100 5.16133 5.68758 1.91773 8.723 
1000 5101 3.8663 4.3448 4.16754 7.28165 
1000 5102 7.89214 7.36707 7.09873 8.46924 
1000 5103 2.26271 1.18471 6.83614 9.26258 
1000 5104 8.04319 6.30248 5.4255 6.53283 
1000 5105 3.8511 3.58781 1.99128 6.61819 
1000 5106 3.79317 4.04723 0.588248 3.66869 
1000 5107 5.42878 4.57073 6.74366 3.13638 
1000 5108 9.01589 7.60599 4.75824 1.81763 
1000 5109 3.01048 4.4522 4.24526 7.86602 
1000 5110 6.87883 8.19438 2.69064 8.78336 
1000 5111 9.88499 1.20648 7.49452 4.34429 
1000 5112 0.999221 1.00067 0.500216 1.49978 
1000 5113 2.63294 6.58794 4.8634 6.56132 
1000 5114 6.91832 5.99727 0.888757 3.0297 
1000 5115 6.52724 3.60815 1.62164 4.28957 
1000 5116 1.48903 9.9129 8.40474 2.6205 
1000 5117 6.9273 3.44803 2.28233 4.55165 
1000 5118 3.49308 5.12356 2.4339 4.9797 
1000 5119 7.88117 6.57874 3.5185 3.82297 
1000 5120 2.41272 6.43806 2.55919 5.90586 
1000 5121 2.74163 5.16701 7.41341 5.21335 
1000 5122 3.90237 7.8942 3.01536 1.97377 
1000 5123 2.43014 8.33077 7.79092 8.51623 
1000 5124 3.35503 7.97473 7.73353 1.50154 
1000 5125 2.97263 5.28578 3.18421 4.50809 
1000 5126 4.4733 5.22475 2.23605 5.63592 
1000 5127 6.19705 9.34317 8.16858 3.0528 
1000 5128 4.41822 5.87267 2.60829 2.48478 
1000 5129 5.50072 3.66949 3.02246 3.15632 
1000 5130 3.57023 3.24145 0.755346 6.54843 
1000 5131 4.73899 2.73562 4.00404 4.89084 
1000 5132 4.99586 2.5859 4.79784 5.25341 
1000 5133 9.02786 8.97682 9.46751 5.62188 
1000 5134 0.999992 1.00025 0.500698 1.50067 
1000 5135 6.91533 5.72786 0.820623 7.66291 
1000 5136 3.31991 7.87891 5.62853 5.2434 
1000 5137 2.68235 3.98207 2.9622 4.62232 
1000 5138 4.88442 3.56027 1.13663 2.52114 
1000 5139 5.62039 7.30202 2.18253 3.26377 
1000 5140 4.52371 9.34662 5.27657 4.11389 
1000 5141 3.99921 3.99983 0.50083 3.50003 
1000 5142 4.75706 8.87227 8.03482 6.83181 
1000 5143 4.54371 6.40124 5.64888 3.57613 
1000 5144 5.30557 7.68454 4.82377 6.99132 
1000 5145 2.84984 5.29247 2.13254 2.60271 
1000 5146 7.86891 9.77243 7.07973 3.886 
1000 5147 7.10451 3.40118 2.64167 4.67969 
1000 5148 4.85467 7.42128 2.91716 8.55362 
1000 5149 9.95281 6.83124 6.28945 9.71625 
1000 5150 1.91253 2.66346 5.38938 8.2371 
1000 5151 7.43792 8.32687 1.52023 5.92715 
1000 5152 4.53521 4.75836 0.532018 3.62259 
1000 5153 3.10134 10.0125 4.05276 7.92001 
1000 5154 7.76789 1.41241 6.49433 2.84882 
1000 5155 3.78872 6.48984 0.757912 5.86388 
1000 5156 4.18305 3.86927 0.991556 3.8618 
1000 5157 5.75316 4.11735 1.49786 3.04965 
1000 5158 7.73879 4.46686 1.85144 5.38733 
1000 5159 3.93401 4.03241 0.972172 5.29358 
1000 5160 3.96992 4.04402 0.512716 3.62381 
1000 5161 3.23906 4.01619 0.980639 3.91412 
1000 5162 4.26655 7.24031 4.3679 8.17679 
1000 5163 5.87625 4.55661 3.6317 7.93681 
1000 5164 5.62043 7.30728 2.18078 3.27141 
1000 5165 3.82037 3.7356 2.23683 6.69507 
1000 5166 5.90878 2.92487 2.08001 5.61747 
1000 5167 4.06231 4.29956 1.74115 4.58688 
1000 5168 6.2754 7.49862 0.891116 5.74799 
1000 5169 4.91031 3.66432 0.669745 3.83097 
1000 5170 6.48592 4.0873 0.813804 7.72633 
1000 5171 7.17117 3.39047 2.77644 4.72327 
1000 5172 5.03917 5.24693 0.61219 3.72483 
1000 5173 3.87224 4.03314 1.32671 5.48197 
1000 5174 4.12123 3.91178 0.797213 3.72766 
1000 5175 4.42394 3.94927 0.767945 3.42327 
1000 5176 2.74444 8.26939 5.95343 2.00455 
1000 5177 6.69987 7.97057 2.75183 8.32408 
1000 5178 3.10422 1.11893 6.70736 4.78876 
1000 5179 3.84317 3.74037 2.00708 6.54231 
1000 5180 4.2339 9.37553 1.47336 9.15649 
1000 5181 7.8664 2.65992 3.42772 10.3813 
1000 5182 8.91221 5.02047 8.30313 5.43518 
1000 5183 3.99955 3.99917 0.500138 3.49986 
1000 5184 7.68652 8.82495 3.45942 7.31366 
1000 5185 3.44035 6.58721 4.43163 2.01548 
1000 5186 7.77997 8.64307 1.07306 2.65684 
1000 5187 4.27266 3.51983 0.986467 3.66846 
1000 5188 2.24037 5.57375 6.60967 7.33473 
1000 5189 5.8734 7.55122 0.795562 6.12037 
1000 5190 4.01115 5.20335 3.0865 4.62377 
1000 5191 8.08815 6.3335 5.47605 6.60914 
1000 5192 0.999286 1.00107 0.500977 1.50096 
1000 5193 3.11188 4.41413 6.46424 4.99572 
1000 5194 3.99995 3.99842 0.500219 3.5006 
1000 5195 3.99932 3.99816 0.50031 3.4998 
1000 5196 7.83196 7.76571 7.28177 4.23614 
1000 5197 6.29586 5.43707 3.01736 5.63386 
1000 5198 3.3015 3.14193 0.899664 6.8124 
1000 5199 3.81831 3.73599 2.248 6.70135 
1000 5200 5.94251 4.43639 7.34325 3.26183 
1000 5201 2.86064 3.71567 3.77586 4.37584 
1000 5202 6.58505 7.76706 1.05495 5.82416 
1000 5203 7.99526 3.13557 5.62872 6.06788 
1000 5204 7.46347 2.41686 0.622934 1.81973 
1000 5205 4.4011 5.45239 2.34596 2.54154 
1000 5206 2.22122 5.51136 3.06402 6.08138 
1000 5207 3.07915 3.9693 1.23294 4.00152 
1000 5208 4.83435 9.05464 4.18028 6.67122 
1000 5209 4.28372 7.02721 3.78512 7.81706 
1000 5210 1.87347 7.85459 5.37144 9.13791 
1000 5211 7.64268 5.39445 1.60235 5.17974 
1000 5212 10.0195 1.85014 5.40126 1.30345 
1000 5213 3.92449 4.0928 0.57637 4.09627 
1000 5214 4.37007 4.03323 1.01965 3.16133 
1000 5215 4.36002 6.80715 3.16826 2.83527 
1000 5216 3.99977 4.00037 0.500134 3.50069 
1000 5217 2.40776 3.96232 6.40446 2.18968 
1000 5218 3.18624 5.5084 2.5916 5.38202 
1000 5219 3.93196 4.61342 2.17845 4.74011 
1000 5220 3.93196 4.61342 2.17845 4.74011 
1000 5221 1.67501 1.53523 6.70066 1.08792 
1000 5222 3.98806 6.09523 0.778886 5.06217 
1000 5223 5.374 3.28587 0.768548 4.30355 
1000 5224 7.56742 8.29625 2.84742 9.36947 
1000 5225 2.15059 1.64172 5.65489 8.20647 
1000 5226 4.75164 5.55674 0.83599 2.50641 
1000 5227 3.17294 7.70084 0.99008 7.41707 
1000 5228 3.01046 6.00996 2.88997 6.47105 
1000 5229 3.9389 4.43193 0.525071 3.84618 
1000 5230 5.3646 7.21396 4.3563 6.74763 
1000 5231 5.97344 2.86731 2.28238 5.79091 
1000 5232 6.91217 2.48404 0.880184 5.69006 
1000 5233 6.05575 3.51749 8.07718 6.43422 
1000 5234 8.20504 1.91959 6.86881 8.85895 
1000 5235 7.54056 5.87546 4.15849 6.24869 
1000 5236 6.44 5.07546 3.33962 8.35541 
1000 5237 1.51712 1.15662 7.69778 1.45568 
1000 5238 7.09114 5.88486 0.838942 8.02701 
1000 5239 7.09652 6.18388 0.893175 3.25456 
1000 5240 8.2581 3.96291 1.93381 5.88242 
1000 5241 8.24219 4.54347 1.97096 5.24875 
1000 5242 5.40677 5.4155 0.667219 3.64016 
1000 5243 3.92985 4.03976 1.00678 5.37434 
1000 5244 6.64218 4.35612 2.06461 4.49383 
1000 5245 3.40367 3.18504 0.838076 6.70401 
1000 5246 9.0268 4.42457 6.80109 9.99247 
1000 5247 7.68414 2.01964 3.26829 5.14413 
1000 5248 7.87929 6.89755 6.36418 7.62796 
1000 5249 3.99946 3.99985 0.499372 3.5012 
1000 5250 5.93259 8.85313 9.04616 4.4291 
1000 5251 2.48209 2.96851 5.50757 5.16099 
1000 5252 4.05415 4.34538 1.83413 4.64648 
1000 5253 7.56081 6.10655 2.69242 2.00104 
1000 5254 4.00076 3.99898 0.499134 3.49887 
1000 5255 5.96162 7.12374 0.783601 5.56913 
1000 5256 2.3362 7.08303 5.95815 6.91806 
1000 5257 4.06954 4.22848 0.498741 3.39243 
1000 5258 4.65889 7.56738 1.17519 3.18263 
1000 5259 3.28362 4.29767 3.97191 7.59357 
1000 5260 3.55403 4.07363 3.51642 7.30297 
1000 5261 3.1891 5.01566 1.81274 2.6111 
1000 5262 3.99985 3.99935 0.500163 3.49986 
1000 5263 8.28472 6.74383 3.61272 1.94624 
1000 5264 8.6201 3.02415 5.91707 6.22811 
1000 5265 7.55634 3.36346 3.64112 4.955 
1000 5266 7.65758 3.33457 3.91351 5.02758 
1000 5267 4.47351 5.22487 2.23565 5.63689 
1000 5268 2.18498 7.50669 4.86824 8.73524 
1000 5269 8.77975 1.29467 6.37134 4.34072 
1000 5270 4.45559 3.95871 0.836124 3.38248 
1000 5271 3.96623 4.06534 0.715705 3.34975 
1000 5272 5.543 4.00992 1.34785 3.03139 
1000 5273 6.5329 7.53913 5.14192 2.54622 
1000 5274 8.79117 4.29183 5.05595 2.00305 
1000 5275 5.52128 8.91266 5.7421 7.49973 
1000 5276 3.2503 5.68584 3.38951 2.31779 
1000 5277 5.76044 7.54569 4.66349 7.20744 
1000 5278 4.50021 7.03976 7.3304 3.99574 
1000 5279 8.14106 6.07065 8.16899 3.33505 
1000 5280 8.31178 3.91564 1.891 5.9471 
1000 5281 4.72298 5.13621 1.88404 8.16812 
1000 5282 3.99932 3.99938 0.500594 3.49782 
1000 5283 5.81659 5.85038 4.96261 1.87698 
1000 5284 3.97427 5.12808 0.594483 4.25739 
1000 5285 4.0992 3.92797 0.746593 3.68045 
1000 5286 5.62036 7.30235 2.1818 3.26336 
1000 5287 4.00059 4.00058 0.498868 3.50008 
1000 5288 8.42688 2.92781 2.19695 4.83241 
1000 5289 5.19255 3.73391 2.70719 3.30049 
1000 5290 7.64811 7.99055 1.02765 2.86444 
1000 5291 4.02333 4.00004 0.52773 3.47234 
1000 5292 6.56032 10.1471 6.0334 8.61834 
1000 5293 2.2199 4.89376 5.65307 6.91468 
1000 5294 2.31521 2.18651 3.69116 8.88782 
1000 5295 7.94927 7.33035 6.97856 8.17044 
1000 5296 3.85622 3.00652 2.23877 7.31061 
1000 5297 5.2833 3.71147 2.79215 3.25509 
1000 5298 7.56965 1.61846 7.60345 9.11073 
1000 5299 4.65584 8.5774 7.57611 6.62319 
1000 5300 6.04601 8.57959 0.865861 7.02153 
1000 5301 3.63239 6.78357 0.797477 6.3136 
1000 5302 4.59239 9.40036 6.51682 3.76869 
1000 5303 7.50214 5.06891 7.22596 5.50763 
1000 5304 3.21615 5.48412 3.02283 2.40049 
1000 5305 4.32774 6.65344 3.24871 7.81045 
1000 5306 7.41481 8.29229 2.82276 9.279 
1000 5307 3.21553 6.53007 4.28284 4.91515 
1000 5308 8.56507 4.86549 5.55516 8.78898 
1000 5309 2.67668 2.72288 1.68622 7.74067 
1000 5310 4.00002 3.99997 0.500098 3.49993 
1000 5311 3.99998 3.99979 0.500676 3.50137 
1000 5312 6.59036 3.57454 1.71769 4.32557 
1000 5313 7.3956 5.78186 3.97283 6.48233 
1000 5314 5.83858 3.44144 1.18167 4.00451 
1000 5315 2.42993 4.03823 6.87312 9.68247 
1000 5316 4.4658 6.22584 2.70366 6.80966 
1000 5317 8.20965 3.08315 6.02374 6.57695 
1000 5318 3.50979 7.01224 0.839983 6.62917 
1000 5319 7.91815 3.75112 6.62938 5.00152 
1000 5320 6.57265 6.35226 6.26924 8.96018 
1000 5321 5.53728 6.26862 0.691859 4.77233 
1000 5322 9.78247 4.66114 9.22536 6.02252 
1000 5323 3.91967 4.05877 1.07834 5.54709 
1000 5324 3.24395 8.10046 5.83076 5.27396 
1000 5325 3.381 4.47912 1.21827 6.8023 
1000 5326 6.83487 4.40438 5.70822 4.61247 
1000 5327 3.97839 4.0395 0.597813 3.42809 
1000 5328 3.83717 3.90886 0.710409 5.18457 
1000 5329 4.95848 4.91794 6.15186 7.47931 
1000 5330 6.51111 3.60025 1.62699 4.2858 
1000 5331 6.54983 2.22461 1.08504 6.26442 
1000 5332 2.59361 5.39232 3.59373 4.30609 
1000 5333 7.87397 6.24553 0.914313 3.36024 
1000 5334 5.16438 2.59962 5.18478 5.45989 
1000 5335 5.4909 4.05175 1.37705 3.10389 
1000 5336 7.54568 7.57131 1.00893 2.94044 
1000 5337 6.59436 2.40287 3.9703 6.98913 
1000 5338 6.25885 7.15692 1.96071 4.01742 
1000 5339 9.00192 7.4188 4.12755 4.39546 
1000 5340 2.60566 3.15049 5.08264 4.93477 
1000 5341 4.12768 4.00089 0.658961 3.34472 
1000 5342 5.14107 3.5176 0.734605 3.99874 
1000 5343 3.64705 7.14006 6.85003 9.58203 
1000 5344 8.36827 5.97431 4.43557 7.32424 
1000 5345 6.56029 10.1471 6.03334 8.61836 
1000 5346 3.05735 8.41024 0.987061 8.3297 
1000 5347 2.45362 3.88556 3.90411 5.57669 
1000 5348 4.97658 6.28401 7.83237 7.65801 
1000 5349 8.0553 3.74692 1.37087 8.94043 
1000 5350 9.59694 3.67881 3.42626 3.96077 
1000 5351 4.11353 3.92298 0.71288 3.66989 
1000 5352 4.00063 4.00148 0.500149 3.50072 
1000 5353 8.6619 3.09164 6.78511 7.32457 
1000 5354 2.26851 4.73367 5.3555 6.73561 
1000 5355 3.62908 4.94627 2.51015 4.75877 
1000 5356 8.21642 4.92171 5.10854 8.40955 
1000 5357 9.43677 4.67321 2.5536 6.8556 
1000 5358 8.8618 7.61948 5.2627 8.48996 
1000 5359 8.07755 2.45338 7.38995 4.9072 
1000 5360 4.47327 5.22407 2.23492 5.63609 
1000 5361 7.54645 7.89339 4.16332 5.81987 
1000 5362 6.06927 7.29276 2.74038 7.04617 
1000 5363 4.50152 9.30353 5.18865 4.1105 
1000 5364 7.67061 2.02932 3.25345 5.1392 
1000 5365 3.65368 9.62208 7.24949 8.83931 
1000 5366 2.46963 3.99819 6.96183 8.15387 
1000 5367 4.04743 5.80842 0.777314 4.72609 
1000 5368 3.62936 9.27378 6.78268 8.58246 
1000 5369 6.82125 2.08148 1.63383 7.93566 
1000 5370 9.72867 7.72301 7.20245 8.65928 
1000 5371 8.24011 2.33694 4.48003 7.75652 
1000 5372 1.95156 2.24008 7.31198 6.22691 
1000 5373 4.87861 3.82772 2.03095 3.24558 
1000 5374 2.98089 4.65043 6.97754 4.99559 
1000 5375 5.08476 3.56853 0.722278 3.93272 
1000 5376 4.00031 3.9996 0.500648 3.5007 
1000 5377 6.76794 2.1534 1.53411 7.59639 
1000 5378 4.5445 6.40717 5.6398 3.54814 
1000 5379 5.9544 7.20489 4.6988 2.68693 
1000 5380 4.8446 1.556 6.72803 7.03554 
1000 5381 3.65862 9.08695 4.15166 6.43092 
1000 5382 6.39937 4.78195 2.16867 3.3958 
1000 5383 4.05164 5.74627 0.774716 4.65041 
1000 5384 4.00096 3.99951 0.500362 3.49999 
1000 5385 3.90637 4.01127 1.31263 5.47883 
1000 5386 4.47341 5.22461 2.23598 5.63596 
1000 5387 6.16638 2.04941 7.46172 6.85429 
1000 5388 2.70354 9.37407 9.00965 9.95189 
1000 5389 6.83575 4.42358 2.11168 4.62342 
1000 5390 6.24555 5.60277 1.56085 2.52794 
1000 5391 6.56363 9.14671 8.3548 3.33809 
1000 5392 6.75181 2.61021 0.943837 5.83885 
1000 5393 8.42831 6.18213 1.21509 3.66862 
1000 5394 5.56957 6.37164 0.696501 4.89483 
1000 5395 4.00947 10.6811 9.2206 9.98582 
1000 5396 4.5902 8.23989 7.10041 6.41351 
1000 5397 3.13806 8.45535 6.09435 5.25807 
1000 5398 7.29837 2.33761 2.43317 3.49206 
1000 5399 4.85606 6.64006 8.31328 7.75033 
1000 5400 8.30903 2.32112 4.47332 7.78156 
1000 5401 2.45405 4.03158 6.26371 7.51811 
1000 5402 3.61257 4.00353 3.35168 7.22654 
1000 5403 8.48632 3.07175 6.52309 7.09774 
1000 5404 6.34137 2.4507 3.7246 6.80836 
1000 5405 6.13726 3.01097 4.59648 2.95489 
1000 5406 5.80502 3.00674 1.74366 5.31238 
1000 5407 4.00043 3.99926 0.500522 3.50145 
1000 5408 4.54404 6.41663 5.67863 3.56936 
1000 5409 2.52374 3.01062 5.38624 5.1033 
1000 5410 7.79794 7.76141 6.9038 3.94936 
1000 5411 7.47161 4.40696 2.0803 2.48501 
1000 5412 4.60067 3.05868 3.29977 4.62714 
1000 5413 7.78421 3.26059 4.43296 5.17054 
1000 5414 6.9709 1.69514 7.47741 3.8342 
1000 5415 4.40134 5.51166 2.38244 2.53222 
1000 5416 10.3088 6.51768 1.90177 8.64251 
1000 5417 6.7081 2.75702 2.10155 3.6665 
1000 5418 6.4129 8.12063 2.65216 2.87124 
1000 5419 3.89462 8.08831 3.06396 1.96319 
1000 5420 2.26629 4.78387 5.4247 6.7814 
1000 5421 5.84059 5.26285 2.68028 5.28468 
1000 5422 3.82143 8.70056 3.85251 6.38047 
1000 5423 6.09569 5.51988 1.49389 2.603 
1000 5424 3.92696 2.78569 2.90259 2.69271 
1000 5425 3.94215 4.63915 0.53528 3.95522 
1000 5426 3.3246 7.39929 0.924897 7.08899 
1000 5427 7.16979 3.3906 2.77368 4.72244 
1000 5428 6.8505 3.47606 2.13088 4.49365 
1000 5429 3.09618 4.44711 6.50381 5.0012 
1000 5430 4.8463 9.07657 4.18638 6.6735 
1000 5431 5.06926 7.81239 2.9998 9.14763 
1000 5432 5.43499 3.67423 2.9777 3.18742 
1000 5433 7.75529 3.28181 4.29486 5.13128 
1000 5434 6.77045 8.34982 2.85876 2.69733 
1000 5435 4.97256 6.78732 3.21833 2.13501 
1000 5436 6.1413 4.87049 3.26393 7.82062 
1000 5437 4.0863 6.30453 1.14105 4.79397 
1000 5438 7.98627 3.20982 2.33645 4.32825 
1000 5439 6.12062 8.80123 7.38178 3.20668 
1000 5440 7.32292 5.9592 3.11278 3.79375 
1000 5441 5.83801 3.35919 4.52028 10.0214 
1000 5442 3.67182 8.48207 1.34173 7.64266 
1000 5443 5.72626 6.51994 8.76208 8.85589 
1000 5444 4.69103 8.10301 1.32654 2.84886 
1000 5445 6.74116 2.6079 0.940778 5.82729 
1000 5446 5.69758 3.62513 3.27231 3.07136 
1000 5447 3.95752 4.07241 0.752206 3.32426 
1000 5448 4.40794 5.66114 2.47631 2.50945 
1000 5449 4.06196 4.2998 1.74041 4.5869 
1000 5450 9.16109 7.39892 4.31034 2.52223 
1000 5451 8.26464 2.93696 5.95813 6.50982 
1000 5452 2.57383 5.41415 3.69857 4.39197 
1000 5453 4.65325 4.97919 1.80727 7.91872 
1000 5454 7.36999 4.88118 4.34208 7.99494 
1000 5455 6.42078 8.15259 2.66331 2.87022 
1000 5456 3.1108 3.97354 5.30407 4.74927 
1000 5457 6.41526 2.62154 0.869782 5.47123 
1000 5458 8.02778 2.02198 2.92675 3.44266 
1000 5459 3.3865 4.53971 1.68521 2.73142 
1000 5460 3.97051 5.09122 0.588614 4.23231 
1000 5461 5.60135 3.47574 1.02069 3.96323 
1000 5462 2.45222 8.38364 7.83689 8.61997 
1000 5463 2.85705 3.72977 3.68532 4.35877 
1000 5464 3.81916 4.29931 4.06366 7.28217 
1000 5465 4.15456 7.30714 2.09983 5.32509 
1000 5466 3.45143 3.91786 7.73161 5.49837 
1000 5467 2.31468 2.18829 3.69089 8.88891 
1000 5468 3.76471 5.51654 1.43722 8.35872 
1000 5469 5.19223 9.48494 8.96791 7.32479 
1000 5470 4.77576 7.23912 5.78376 5.78232 
1000 5471 3.72957 4.20261 3.83618 7.27746 
1000 5472 4.39422 4.16542 1.83899 4.41263 
1000 5473 4.04911 4.22716 1.55739 6.66344 
1000 5474 5.04734 4.43212 5.56604 3.4837 
1000 5475 5.88288 2.98868 0.86393 1.91216 
1000 5476 3.45903 4.17043 3.7347 7.41936 
1000 5477 1.22671 0.906385 2.23226 1.34223 
1000 5478 10.0286 8.32811 6.09058 9.21706 
1000 5479 6.6222 8.26069 2.77432 2.76731 
1000 5480 4.00108 3.99946 0.500232 3.50001 
1000 5481 5.08073 6.49572 5.18294 5.17058 
1000 5482 5.98219 5.64485 0.74626 3.51069 
1000 5483 3.99976 4.00032 0.5002 3.50075 
1000 5484 1.70795 3.70902 2.40728 5.8016 
1000 5485 5.23653 5.71143 7.24476 7.6978 
1000 5486 6.35895 3.63256 1.52199 4.23006 
1000 5487 4.04719 5.78176 0.770685 4.70386 
1000 5488 4.98591 4.12798 4.31177 3.78519 
1000 5489 7.82333 5.78509 7.76754 3.24166 
1000 5490 5.87111 2.95706 1.94591 5.49702 
1000 5491 6.89012 2.62798 0.977955 5.9763 
1000 5492 1.00092 1.00043 0.498937 1.49979 
1000 5493 2.80361 2.81063 1.51793 7.60442 
1000 5494 7.23229 5.63613 3.38115 9.33711 
1000 5495 5.8971 5.60637 0.734017 3.53491 
1000 5496 4.38309 9.03987 4.17834 4.29399 
1000 5497 7.44906 2.27805 2.34882 3.50671 
1000 5498 4.3193 5.69765 3.79346 4.4962 
1000 5499 4.54369 6.40196 5.64818 3.57382 
1000 5500 4.25984 7.45313 3.38789 3.26135 
1000 5501 3.93654 4.41457 4.32833 7.28277 
1000 5502 7.84469 1.42132 5.43219 4.30206 
1000 5503 3.17234 5.20379 2.97149 4.59695 
1000 5504 7.94263 5.91665 4.33144 7.06146 
1000 5505 4.47935 6.13073 2.65119 6.66674 
1000 5506 6.69196 2.23814 1.26259 6.83527 
1000 5507 3.27497 4.13016 6.74921 5.15772 
1000 5508 6.77117 7.28443 3.33156 5.33977 
1000 5509 3.90417 4.01222 1.31747 5.47866 
1000 5510 6.51428 9.18315 8.40666 3.40196 
1000 5511 6.39252 2.43741 3.80296 6.86371 
1000 5512 5.50807 6.32514 0.918309 2.09308 
1000 5513 5.62588 5.17807 2.54604 5.11786 
1000 5514 3.55755 4.05241 0.713101 3.75909 
1000 5515 4.61182 6.71702 3.44512 2.73855 
1000 5516 6.66836 10.3516 6.27133 8.78033 
1000 5517 4.26169 5.61379 3.68456 4.5125 
1000 5518 4.00077 3.99964 0.500169 3.49996 
1000 5519 4.1265 7.25444 4.97018 8.54575 
1000 5520 2.18987 7.49927 4.87299 8.73364 
1000 5521 5.89328 5.46433 7.12696 7.60664 
1000 5522 4.41887 3.95114 0.766041 3.42163 
1000 5523 7.06573 4.00825 0.587867 3.28393 
1000 5524 6.35852 3.63261 1.52181 4.22969 
1000 5525 7.55734 4.42769 2.1076 2.46336 
1000 5526 5.90534 3.44753 7.58773 6.39541 
1000 5527 6.7685 4.39515 2.1023 4.57363 
1000 5528 2.39091 0.97526 7.6537 9.99422 
1000 5529 5.61343 8.2586 4.38892 1.53848 
1000 5530 6.36019 3.46169 5.0197 2.31928 
1000 5531 6.06629 7.2654 4.82711 2.63382 
1000 5532 5.87718 2.87366 0.814586 4.88687 
1000 5533 6.07538 3.46935 4.25186 2.78906 
1000 5534 2.8532 5.34978 0.593507 3.90301 
1000 5535 4.01769 3.99995 0.520948 3.47921 
1000 5536 5.82124 4.34875 4.84012 3.78309 
1000 5537 8.47637 8.14842 7.46734 8.50629 
1000 5538 4.06268 4.30026 1.73927 4.58802 
1000 5539 6.83997 2.50721 0.883157 5.68654 
1000 5540 1.59606 1.73139 5.8603 0.885382 
1000 5541 4.0142 4.0239 0.49902 3.50199 
1000 5542 8.23784 8.47007 5.22127 6.36435 
1000 5543 3.45406 8.20719 2.45139 4.68841 
1000 5544 8.05325 1.59038 3.97753 5.31683 
1000 5545 4.5563 5.34081 0.636346 3.56523 
1000 5546 9.40145 3.57131 3.27791 4.05194 
1000 5547 4.49557 6.64682 3.25013 2.71918 
1000 5548 4.44708 3.97316 1.13164 3.09433 
1000 5549 3.90706 4.01076 1.314 5.4799 
1000 5550 3.85532 3.89537 1.62944 6.12101 
1000 5551 3.99894 3.99803 0.500785 3.49883 
1000 5552 4.36742 4.1971 1.1833 2.97708 
1000 5553 9.59275 8.35519 5.82169 9.11431 
1000 5554 3.96985 4.04425 0.512801 3.6245 
1000 5555 7.31026 7.72791 5.79197 2.83796 
1000 5556 5.35499 5.95062 7.77905 8.03332 
1000 5557 7.11276 2.13245 2.44028 9.46239 
1000 5558 2.84215 3.77413 3.37713 4.30766 
1000 5559 5.96196 7.17051 2.74438 6.87794 
1000 5560 9.16596 2.19041 5.17555 8.35389 
1000 5561 8.90367 3.13732 1.77884 8.42602 
1000 5562 7.09857 5.48936 7.10529 3.26652 
1000 5563 6.7189 1.96059 3.77453 4.18084 
1000 5564 5.92746 5.24751 6.07361 8.28671 
1000 5565 1.64782 1.52313 6.66289 1.10919 
1000 5566 6.43993 8.07172 6.38076 5.53563 
1000 5567 3.87654 4.01698 1.33949 5.56527 
1000 5568 4.44786 4.66091 1.79716 7.52946 
1000 5569 5.7106 4.06492 1.43832 3.01036 
1000 5570 4.28307 3.4679 1.08535 3.69455 
1000 5571 4.2785 7.22686 4.23594 8.0978 
1000 5572 1.95807 5.3994 4.45822 3.88454 
1000 5573 9.66551 2.89923 1.54917 8.78316 
1000 5574 4.9531 3.79611 2.32599 3.33415 
1000 5575 7.7822 7.76097 6.78803 3.85046 
1000 5576 3.66062 9.59575 7.36775 5.24902 
1000 5577 7.90317 2.86244 5.91773 5.29846 
1000 5578 2.18465 7.50644 4.869 8.73557 
1000 5579 3.7729 6.52033 0.760164 5.91454 
1000 5580 2.92046 5.30535 3.2473 4.4933 
1000 5581 4.51712 5.38227 2.38386 5.75487 
1000 5582 9.14032 7.06281 8.16653 8.30994 
1000 5583 2.93347 4.64997 8.59359 6.92133 
1000 5584 6.37711 7.59947 2.84971 7.01561 
1000 5585 5.83428 6.75417 6.64428 1.74688 
1000 5586 5.34141 4.83357 7.22232 2.80139 
1000 5587 3.8694 4.00358 0.69534 4.9176 
1000 5588 4.85932 6.34374 4.73072 4.94578 
1000 5589 5.9923 3.48944 3.97235 2.89403 
1000 5590 4.39361 3.68262 1.99983 4.28368 
1000 5591 4.00081 3.99908 0.5001 3.50102 
1000 5592 8.4835 3.0714 6.51862 7.09369 
1000 5593 11.6825 9.63979 11.3661 11.0713 
1000 5594 6.41372 4.32737 1.97732 4.40127 
1000 5595 4.46462 3.8381 0.565037 3.66048 
1000 5596 2.82341 3.88073 2.69711 4.23449 
1000 5597 6.73217 3.52353 1.91474 4.40879 
1000 5598 4.00097 3.99945 0.500183 3.50107 
1000 5599 8.94546 9.31582 2.52731 5.77473 
1000 5600 4.0461 5.83326 0.78101 4.75126 
1000 5601 5.69806 4.70935 3.1891 7.09447 
1000 5602 9.56758 4.67209 2.60542 6.91281 
1000 5603 3.49125 9.41951 3.56172 7.4144 
1000 5604 3.94268 4.65305 0.53658 3.96322 
1000 5605 3.94492 4.07811 0.535818 3.81689 
1000 5606 4.64327 6.75759 3.51894 2.7596 
1000 5607 2.06689 9.1107 6.97723 2.38116 
1000 5608 5.07052 4.77909 2.76488 6.07132 
1000 5609 8.47228 6.74096 1.60038 6.78514 
1000 5610 4.95191 3.64774 0.683952 3.84548 
1000 5611 6.02581 4.10337 1.53616 2.8979 
1000 5612 7.69849 8.32975 1.04285 2.75538 
1000 5613 7.45701 6.10522 3.21354 3.81066 
1000 5614 4.4563 8.56461 0.914872 3.80625 
1000 5615 3.73375 7.54306 2.04982 4.77262 
1000 5616 9.8319 4.81028 2.72389 7.24318 
1000 5617 5.36887 3.99236 1.28679 3.0952 
1000 5618 3.18802 4.35548 4.06869 7.68556 
1000 5619 7.73324 2.54688 3.18395 10.2093 
1000 5620 5.72022 6.69765 0.720068 5.22731 
1000 5621 3.85054 4.72498 2.27957 4.76368 
1000 5622 2.13933 6.76221 1.0458 4.07304 
1000 5623 12.1786 10.9219 10.5825 11.784 
1000 5624 4.47813 4.65743 2.21144 4.93989 
1000 5625 2.75135 1.05169 5.19445 1.18949 
1000 5626 4.82889 7.4222 4.05487 6.42264 
1000 5627 6.03561 3.39665 4.1409 2.89473 
1000 5628 5.13853 2.59437 5.13037 5.42898 
1000 5629 5.19085 6.55133 4.78742 4.43061 
1000 5630 4.42169 5.85467 2.59931 2.48475 
1000 5631 4.2648 5.6184 3.69005 4.51268 
1000 5632 7.88092 6.8786 6.33489 7.60048 
1000 5633 11.2253 12.5557 10.9176 11.2194 
1000 5634 3.78667 5.50302 1.41305 8.195 
1000 5635 3.98959 4.01311 0.503828 3.53613 
1000 5636 4.91732 4.98506 2.79708 2.32699 
1000 5637 4.4024 3.95768 0.796599 3.38756 
1000 5638 5.47178 3.20003 0.844349 4.46354 
1000 5639 5.95111 3.52199 3.85134 2.92331 
1000 5640 2.69727 3.31178 4.75636 4.76596 
1000 5641 7.43274 1.63602 7.25165 8.87642 
1000 5642 5.93845 8.1949 6.32451 3.04891 
1000 5643 2.42633 4.06797 4.20125 5.84036 
1000 5644 5.62128 7.30647 2.18223 3.2712 
1000 5645 4.2541 4.02851 0.85447 3.18499 
1000 5646 7.98988 3.12816 5.61011 6.02842 
1000 5647 4.36919 6.90524 4.14255 9.55286 
1000 5648 11.0766 11.4926 11.7729 7.11243 
1000 5649 3.67428 6.87151 0.822156 5.81867 
1000 5650 3.36104 8.90061 6.57755 5.20912 
1000 5651 8.34648 9.42922 5.03328 3.86301 
1000 5652 3.8294 3.7389 2.15028 6.63768 
1000 5653 0.982589 0.98414 0.700591 1.5055 
1000 5654 6.80336 1.8372 5.88915 3.1289 
1000 5655 2.92822 8.00797 5.69989 1.92754 
1000 5656 10.1575 5.22013 2.82399 7.97799 
1000 5657 6.84154 4.25699 1.83323 2.64644 
1000 5658 6.46989 4.81157 3.61418 7.7009 
1000 5659 8.87448 7.18564 4.06608 2.42765 
1000 5660 6.82992 1.81983 5.91707 3.12917 
1000 5661 6.38268 2.62437 0.858394 5.41928 
1000 5662 4.74262 4.8028 2.50343 5.53002 
1000 5663 3.59869 9.37589 6.83409 8.59628 
1000 5664 4.0187 4.44959 1.98366 4.69945 
1000 5665 4.19904 4.64068 4.82704 7.29064 
1000 5666 9.74449 8.79598 8.2522 4.42613 
1000 5667 5.22854 5.5419 6.79468 7.48252 
1000 5668 2.43991 4.0266 7.66896 8.80386 
1000 5669 3.76451 5.5157 1.43683 8.35678 
1000 5670 2.39467 4.56757 5.66312 9.02949 
1000 5671 6.36001 3.63258 1.52254 4.23063 
1000 5672 4.59454 6.71759 6.18924 3.66776 
1000 5673 4.42199 6.83451 3.97235 9.29291 
1000 5674 4.06229 4.30012 1.73954 4.588 
1000 5675 6.74817 2.61083 0.943203 5.83517 
1000 5676 3.61007 4.31081 1.43134 2.87705 
1000 5677 3.421 4.20215 3.80346 7.46391 
1000 5678 4.41834 5.85945 2.60057 2.48559 
1000 5679 3.92648 3.36072 3.59223 7.49628 
1000 5680 5.54434 4.07749 4.34035 3.8226 
1000 5681 4.40216 3.95734 0.796358 3.38764 
1000 5682 7.03001 3.51671 8.27148 8.20023 
1000 5683 8.75252 2.84458 1.93436 9.62432 
1000 5684 6.86511 3.47035 2.15965 4.50462 
1000 5685 6.41848 2.19836 5.47108 3.18811 
1000 5686 7.27426 7.71907 5.75679 2.80932 
1000 5687 8.62632 7.29021 4.00773 1.96544 
1000 5688 5.60158 3.47569 1.02084 3.96325 
1000 5689 4.54299 8.69609 3.85925 6.48976 
1000 5690 6.35784 3.63276 1.52302 4.23004 
1000 5691 7.18168 4.33671 1.97242 2.55856 
1000 5692 4.4432 4.64748 0.520615 3.60323 
1000 5693 5.3048 6.18618 0.879137 2.14579 
1000 5694 2.77272 2.79016 1.55595 7.60786 
1000 5695 8.028 5.99038 8.03626 3.31283 
1000 5696 9.72823 7.72127 7.20482 8.65876 
1000 5697 2.18636 6.30921 7.99313 8.02859 
1000 5698 4.91608 4.72407 2.20174 4.71827 
1000 5699 9.67075 4.70107 2.64946 7.00752 
1000 5700 7.04437 2.0943 2.2966 9.23602 
1000 5701 4.58264 3.12003 8.68369 5.57022 
1000 5702 3.12942 8.98095 7.25098 6.54664 
1000 5703 4.82661 3.94249 8.5733 8.88766 
1000 5704 4.93103 3.65134 0.674449 3.84515 
1000 5705 8.01246 4.09964 4.19858 4.82769 
1000 5706 2.71528 3.97016 2.85783 4.51237 
1000 5707 4.41885 6.00529 2.68979 2.48263 
1000 5708 3.74742 5.46818 1.41086 8.1955 
1000 5709 6.76085 5.87167 7.53785 3.20238 
1000 5710 4.47958 4.42836 2.05899 4.65534 
1000 5711 5.01476 6.9646 4.05467 2.80959 
1000 5712 8.27476 3.02167 1.56732 7.74093 
1000 5713 8.88446 4.73398 6.22708 9.4227 
1000 5714 6.05019 4.30141 0.684715 6.2916 
1000 5715 4.68075 5.05288 1.84251 8.02909 
1000 5716 10.5287 5.83116 3.12311 8.79235 
1000 5717 3.74541 5.46902 1.4088 8.19563 
1000 5718 3.91663 3.09966 0.609495 7.12353 
1000 5719 6.70209 1.96595 3.76223 4.17957 
1000 5720 4.25073 4.86788 2.77096 2.21724 
1000 5721 5.22217 5.05601 3.22923 2.15432 
1000 5722 4.54409 6.40799 5.63812 3.54728 
1000 5723 5.62067 7.30693 2.18059 3.27166 
1000 5724 6.73286 6.46165 8.34146 3.1375 
1000 5725 6.39095 6.05139 5.78015 8.42834 
1000 5726 5.72231 6.52398 2.34829 9.56945 
1000 5727 6.07665 4.1173 1.5594 2.88788 
1000 5728 8.93369 7.91676 4.11115 1.98508 
1000 5729 7.96454 5.59767 1.68544 5.48035 
1000 5730 5.8937 7.82068 0.826338 6.37471 
1000 5731 2.93552 3.72694 4.41232 4.5212 
1000 5732 8.04368 6.50885 5.76604 6.97151 
1000 5733 4.09383 3.93136 0.731095 3.66537 
1000 5734 2.18899 7.49805 4.87294 8.73458 
1000 5735 7.50589 2.39516 2.89254 9.9489 
1000 5736 3.94091 4.59065 0.531459 3.92834 
1000 5737 5.23246 3.56054 0.808822 3.91179 
1000 5738 6.36261 4.10335 0.792161 7.35646 
1000 5739 4.77381 7.25113 2.8995 8.29986 
1000 5740 3.66625 7.7071 2.15827 4.75202 
1000 5741 7.47669 6.24492 0.892706 8.43702 
1000 5742 4.27093 3.51396 1.02953 3.68783 
1000 5743 4.34115 4.12539 1.07259 3.04001 
1000 5744 2.14792 1.64282 5.65317 8.20748 
1000 5745 3.16817 4.211 5.99001 4.90857 
1000 5746 7.98708 8.94296 3.57171 7.478 
1000 5747 4.00043 3.99822 0.498692 3.49927 
1000 5748 2.9585 6.15754 2.91688 6.82157 
1000 5749 3.24007 5.57487 3.1703 2.36817 
1000 5750 7.03078 8.50485 3.0122 2.58741 
1000 5751 9.30679 4.62099 5.87241 1.87773 
1000 5752 4.40198 5.2297 2.20923 2.58063 
1000 5753 4.6819 2.87874 3.72389 4.76929 
1000 5754 6.09477 4.64327 5.36714 3.68202 
1000 5755 6.7495 2.32207 4.6885 7.49709 
1000 5756 5.60147 3.47571 1.02077 3.96324 
1000 5757 2.18908 7.49859 4.87333 8.73469 
1000 5758 1.11474 0.894553 1.94712 1.40795 
1000 5759 2.41794 6.82417 4.46917 5.19752 
1000 5760 4.54432 6.40754 5.63866 3.54751 
1000 5761 8.10921 8.52111 3.1416 9.80733 
1000 5762 3.99975 4.00145 0.499691 3.49963 
1000 5763 3.85676 3.96271 1.49901 5.90809 
1000 5764 5.33834 5.38287 0.656768 3.64971 
1000 5765 8.7407 7.38757 4.2518 1.91107 
1000 5766 4.5441 6.40797 5.63812 3.54728 
1000 5767 5.03765 4.82857 2.25118 4.76097 
1000 5768 4.87053 1.59654 6.2416 6.6683 
1000 5769 6.84656 3.81573 5.16012 3.94621 
1000 5770 5.03306 5.01357 6.50473 4.01108 
1000 5771 6.24376 4.17457 0.729902 6.80023 
1000 5772 3.90095 4.11303 0.919733 3.21119 
1000 5773 7.31824 7.76468 5.78187 2.74444 
1000 5774 3.08442 8.42106 0.980506 8.33934 
1000 5775 5.08979 5.06934 6.75164 4.08702 
1000 5776 3.48391 7.06116 0.849688 6.69309 
1000 5777 2.79626 3.91938 2.50951 4.11028 
1000 5778 5.62507 5.17424 5.90754 8.02999 
1000 5779 8.98886 4.53776 6.60317 9.80646 
1000 5780 7.41628 5.80604 4.00149 6.51664 
1000 5781 4.40087 5.42615 2.32972 2.54591 
1000 5782 5.4984 2.7025 5.84146 5.84194 
1000 5783 3.87998 3.96486 0.665117 3.45062 
1000 5784 2.65434 9.06481 8.53912 9.5679 
1000 5785 1.00102 0.999909 0.500448 1.50015 
1000 5786 3.99844 4.00066 0.500421 3.49915 
1000 5787 4.83684 1.5509 6.85693 7.13032 
1000 5788 6.15795 8.91627 7.59334 3.24374 
1000 5789 6.85455 2.04882 1.86454 8.42469 
1000 5790 1.81491 5.25203 5.8638 3.52003 
1000 5791 4.00162 3.99956 0.499663 3.49925 
1000 5792 6.61593 1.9119 6.3114 3.4976 
1000 5793 6.5799 2.37621 2.93389 3.92721 
1000 5794 3.75822 4.20705 1.20902 3.01751 
1000 5795 4.52601 7.0652 7.27635 3.9673 
1000 5796 1.5692 4.84248 7.62685 8.00045 
1000 5797 5.99462 6.4801 1.41349 3.84498 
1000 5798 4.00039 3.99835 0.498563 3.49962 
1000 5799 5.90954 3.61893 3.38571 2.99395 
1000 5800 8.25631 3.96376 1.93301 5.88491 
1000 5801 6.37605 7.60021 2.84857 7.0191 
1000 5802 2.20889 1.27999 6.5614 9.02009 
1000 5803 4.99688 4.09318 0.539221 4.26877 
1000 5804 7.19674 1.84414 1.30817 8.18731 
1000 5805 3.91934 4.18343 1.37541 6.28823 
1000 5806 4.88999 1.73951 5.66526 6.19518 
1000 5807 7.97548 2.72281 6.34942 5.24571 
1000 5808 3.26845 4.02304 0.950148 3.89817 
1000 5809 5.45286 6.88891 8.16781 5.91489 
1000 5810 3.16963 5.30031 3.05165 4.61734 
1000 5811 7.37633 3.38011 3.20325 4.83959 
1000 5812 5.62023 7.30226 2.18282 3.26338 
1000 5813 5.81805 3.43867 1.16891 3.99766 
1000 5814 6.296 2.65408 0.854455 5.3511 
1000 5815 6.40778 9.26964 3.67475 9.47421 
1000 5816 2.76525 6.46279 1.65176 2.46511 
1000 5817 4.00061 3.99961 0.500703 3.50051 
1000 5818 6.01371 2.86318 5.62089 2.65284 
1000 5819 4.00008 3.99946 0.500506 3.49905 
1000 5820 6.32813 9.16956 0.866337 7.54165 
1000 5821 4.87897 4.69322 2.18632 4.70623 
1000 5822 8.20979 6.41238 5.65738 6.74137 
1000 5823 5.92652 3.52807 3.7952 2.94718 
1000 5824 1.93457 5.39239 4.52107 3.87137 
1000 5825 1.00025 0.99895 0.500971 1.49887 
1000 5826 1.57857 1.75148 5.53035 0.833465 
1000 5827 5.55182 8.97568 5.77215 7.52886 
1000 5828 5.68204 5.64242 4.43986 1.95873 
1000 5829 6.4133 4.32681 1.97725 4.40158 
1000 5830 2.93439 7.99887 5.69145 1.92549 
1000 5831 7.11191 8.35348 5.62737 2.81965 
1000 5832 3.99988 3.99782 0.500234 3.50073 
1000 5833 4.06163 4.29976 1.74079 4.58759 
1000 5834 5.01077 3.61093 0.699594 3.88659 
1000 5835 5.33078 6.24394 0.886981 2.11338 
1000 5836 8.67389 6.36844 2.07425 5.87867 
1000 5837 8.85015 7.61385 5.26446 8.48275 
1000 5838 7.33126 2.28121 2.68377 9.72915 
1000 5839 4.37977 4.25005 1.25714 2.93955 
1000 5840 6.01484 4.76669 3.30503 7.4779 
1000 5841 6.60448 2.59783 0.907874 5.68118 
1000 5842 1.84324 4.92308 6.56239 7.39585 
1000 5843 7.65195 8.04677 1.0244 2.83787 
1000 5844 2.57655 9.38114 8.75082 9.82858 
1000 5845 6.31145 3.09881 1.70035 3.85464 
1000 5846 4.0008 3.99992 0.501169 3.50013 
1000 5847 3.30665 7.44053 0.935985 7.13258 
1000 5848 3.77798 8.77779 3.91949 6.39808 
1000 5849 3.07599 4.48894 6.56099 4.99755 
1000 5850 4.25356 7.32352 4.60114 8.33595 
1000 5851 4.01642 5.49527 0.677883 4.50811 
1000 5852 7.75177 7.75989 6.6447 3.71597 
1000 5853 7.51483 2.36867 4.32513 7.41755 
1000 5854 3.48365 3.83028 4.50503 8.42827 
1000 5855 8.75494 4.79553 1.4238 6.8391 
1000 5856 1.88577 5.37465 4.64452 3.84492 
1000 5857 5.65986 6.80511 2.74243 6.55046 
1000 5858 9.58113 8.17645 6.25193 1.57209 
1000 5859 5.22657 5.54865 6.79966 7.4808 
1000 5860 8.51464 4.64661 1.47604 6.47778 
1000 5861 1.41585 2.44445 7.95202 1.23892 
1000 5862 4.00052 3.99914 0.500775 3.49845 
1000 5863 2.82359 3.86349 2.84049 4.25413 
1000 5864 6.60501 4.10993 0.843828 8.15556 
1000 5865 4.97423 4.67942 5.82528 3.69065 
1000 5866 6.64928 3.07449 7.51589 6.72172 
1000 5867 4.00105 3.99995 0.501296 3.49875 
1000 5868 7.84632 3.3083 3.47898 5.26946 
1000 5869 5.4379 2.6755 5.7258 5.77413 
1000 5870 1.65857 5.29964 6.27365 3.56518 
1000 5871 4.32747 2.51164 2.65333 3.93956 
1000 5872 4.43515 6.02834 2.70536 2.46643 
1000 5873 6.13616 8.80484 7.3948 3.20361 
1000 5874 8.09734 8.19372 1.15231 3.49337 
1000 5875 3.79702 8.75159 3.89076 6.38843 
1000 5876 3.8265 7.28956 1.87983 4.79494 
1000 5877 9.77768 6.63698 5.91356 9.37132 
1000 5878 8.77033 2.27231 4.73936 8.01473 
1000 5879 3.87222 4.03318 1.3267 5.48201 
1000 5880 5.84794 6.25554 5.59469 1.83857 
1000 5881 5.5586 4.8759 8.06497 2.54708 
1000 5882 3.67736 3.91488 3.12686 7.13046 
1000 5883 5.32821 4.81929 7.17754 2.80736 
1000 5884 8.28816 6.75049 3.61777 1.94451 
1000 5885 4.15645 2.87599 4.5119 7.94585 
1000 5886 4.00085 3.99992 0.500206 3.5006 
1000 5887 9.02245 4.87684 6.36293 9.48496 
1000 5888 6.63176 2.23976 1.1694 6.54856 
1000 5889 4.5832 6.63169 6.04798 3.63317 
1000 5890 10.1475 6.99378 6.32375 9.93354 
1000 5891 5.80764 6.86989 0.739851 5.38238 
1000 5892 8.33991 2.317 4.4831 7.79513 
1000 5893 1.58631 1.73657 5.06137 0.81541 
1000 5894 8.12612 8.88245 4.69661 3.76101 
1000 5895 8.2571 3.96381 1.93484 5.88237 
1000 5896 4.74111 3.87313 1.68111 3.16164 
1000 5897 4.07036 7.04342 2.85298 2.14239 
1000 5898 6.9915 8.13379 5.48117 2.6858 
1000 5899 1.80839 7.05564 3.19418 2.49038 
1000 5900 3.66137 3.95928 3.23571 7.16485 
1000 5901 9.04149 7.03839 7.78363 8.03568 
1000 5902 4.21795 4.74078 0.560533 3.00483 
1000 5903 5.8093 6.87258 0.739964 5.38449 
1000 5904 5.58052 6.22295 8.37948 8.52154 
1000 5905 0.885459 1.0085 2.08404 1.63743 
1000 5906 4.99691 2.58597 4.80043 5.25472 
1000 5907 3.58727 5.02093 2.42428 4.89936 
1000 5908 8.24444 6.63798 4.73131 7.66819 
1000 5909 3.99964 3.99825 0.499222 3.49951 
1000 5910 5.99072 5.64857 4.98729 7.59869 
1000 5911 4.50893 3.9369 2.39057 8.16351 
1000 5912 9.50555 9.07475 6.53444 7.04224 
1000 5913 3.22117 8.71131 6.92052 6.27135 
1000 5914 3.57427 9.76852 7.62616 5.15342 
1000 5915 3.61063 7.18406 5.78247 9.07172 
1000 5916 4.00061 4.00009 0.50111 3.49947 
1000 5917 2.43015 8.3309 7.79101 8.5163 
1000 5918 4.07068 7.04241 2.85284 2.14272 
1000 5919 2.67119 6.52482 4.70772 6.4985 
1000 5920 6.09654 3.20654 4.43868 2.90171 
1000 5921 7.4037 6.04888 3.17494 3.80546 
1000 5922 3.99919 4.00019 0.500185 3.49951 
1000 5923 9.81087 9.56029 11.0051 7.37357 
1000 5924 3.18703 7.66307 0.988972 7.37478 
1000 5925 4.98357 4.87116 6.16461 3.86254 
1000 5926 5.332 3.53618 0.861379 3.92692 
1000 5927 4.55117 6.46711 0.930563 3.40367 
1000 5928 4.61127 3.02642 3.36334 4.6554 
1000 5929 8.59946 10.3694 5.3571 7.06076 
1000 5930 5.50469 6.63541 2.74424 6.42814 
1000 5931 6.06565 8.64551 7.06393 3.12956 
1000 5932 5.86842 6.96687 0.7554 5.45509 
1000 5933 5.92967 5.29846 2.7495 5.35084 
1000 5934 1.65085 1.60909 6.39876 1.02373 
1000 5935 4.83353 5.01016 2.68146 2.39205 
1000 5936 7.41843 5.80424 4.00151 6.51652 
1000 5937 2.42803 3.97498 7.56438 8.66021 
1000 5938 4.64156 8.71161 7.79086 6.7121 
1000 5939 6.65619 7.93675 2.74908 8.2402 
1000 5940 2.44516 3.78296 7.41447 9.96724 
1000 5941 2.21423 1.26441 6.60142 9.05829 
1000 5942 3.66721 6.71845 0.786406 6.22058 
1000 5943 1.86952 0.977057 7.87899 4.31564 
1000 5944 1.62078 1.5925 4.34366 0.869198 
1000 5945 7.24532 5.87413 3.05123 3.78251 
1000 5946 4.0618 4.52596 4.57644 7.28694 
1000 5947 6.44432 2.16001 3.36227 4.09963 
1000 5948 5.0881 3.43461 1.61112 2.39587 
1000 5949 3.85791 2.82026 0.602172 7.84678 
1000 5950 4.00036 3.9996 0.500594 3.50078 
1000 5951 3.40398 3.33512 4.27699 2.46575 
1000 5952 4.03538 4.00016 0.542219 3.45779 
1000 5953 6.1341 8.83577 7.44795 3.22094 
1000 5954 7.48987 2.32687 3.07275 2.82337 
1000 5955 5.46959 3.50508 0.940154 3.94624 
1000 5956 6.81196 2.06769 1.7407 8.11404 
1000 5957 4.25007 6.54836 2.8052 2.33186 
1000 5958 7.799 6.28707 1.07255 2.5422 
1000 5959 5.37072 8.37735 5.395 7.29695 
1000 5960 6.82909 3.53812 1.78715 4.37959 
1000 5961 4.72294 5.09829 1.82772 8.07877 
1000 5962 6.13213 8.80549 7.39364 3.20402 
1000 5963 5.05657 3.77966 3.13496 3.5957 
1000 5964 4.12884 5.40265 3.39537 4.55866 
1000 5965 8.65509 4.6458 2.2418 5.25727 
1000 5966 2.82211 3.91341 2.41119 4.21296 
1000 5967 4.92893 2.59652 4.6238 5.16863 
1000 5968 9.28987 6.4012 5.14211 8.43829 
1000 5969 1.81436 5.25279 5.86273 3.51912 
1000 5970 3.95787 2.762 2.37937 2.80908 
1000 5971 6.77935 8.98013 7.16689 6.40565 
1000 5972 8.10458 8.74654 4.63444 3.73772 
1000 5973 5.11676 6.49207 5.27472 5.18856 
1000 5974 7.9775 7.33904 3.92733 3.72302 
1000 5975 2.89822 3.91393 1.78362 4.12385 
1000 5976 5.19299 6.55159 4.78862 4.43019 
1000 5977 9.06433 8.96418 6.12624 6.92596 
1000 5978 4.59272 6.72686 6.17831 3.66809 
1000 5979 2.85434 5.35068 0.592728 3.9002 
1000 5980 5.12019 2.59415 5.08862 5.4082 
1000 5981 5.60138 3.09857 0.889374 1.9803 
1000 5982 9.56209 6.98793 8.01583 6.77436 
1000 5983 4.46024 8.61623 0.918845 3.79334 
1000 5984 3.19455 4.2047 6.20737 4.98095 
1000 5985 4.4701 8.57659 0.894792 3.7993 
1000 5986 6.58271 5.13634 6.32001 3.44445 
1000 5987 5.99073 5.64891 4.98688 7.59844 
1000 5988 6.33205 8.05389 2.60495 2.91292 
1000 5989 4.7859 3.04589 5.39014 3.99505 
1000 5990 2.1819 7.46752 8.34517 4.16142 
1000 5991 4.25728 4.8194 0.611465 2.95254 
1000 5992 7.85194 6.20905 9.42119 2.5438 
1000 5993 3.97009 4.04369 0.51269 3.62328 
1000 5994 3.87904 3.96567 0.663977 3.45061 
1000 5995 2.84996 4.75015 7.53944 4.94435 
1000 5996 2.52147 4.12971 7.38408 2.2798 
1000 5997 8.14419 6.54675 3.44007 1.92212 
1000 5998 4.471 8.57583 0.894872 3.79736 
1000 5999 0.999201 0.999324 0.500059 1.49991 
1000 6000 1.63192 1.43009 3.86236 0.955615 
1000 6001 4.12609 7.63684 4.7813 8.26327 
1000 6002 3.86948 10.3871 8.62684 9.58093 
1000 6003 4.01779 9.2085 6.16849 10.061 
1000 6004 7.71149 8.02079 4.3848 5.942 
1000 6005 9.18194 5.92896 5.62685 4.70831 
1000 6006 4.74934 6.51837 3.04124 2.26827 
1000 6007 4.00139 3.99926 0.499185 3.49883 
1000 6008 4.09323 3.9338 0.731365 3.66669 
1000 6009 7.36478 8.93031 1.21839 6.86946 
1000 6010 5.91538 3.5361 3.73614 2.95875 
1000 6011 5.65234 7.43244 5.0944 2.86492 
1000 6012 4.40211 3.95646 0.795965 3.38736 
1000 6013 8.5728 2.3722 4.55848 8.01768 
1000 6014 5.87546 7.58824 0.798027 6.15509 
1000 6015 8.7176 6.8583 0.958837 3.12154 
1000 6016 3.87385 4.03296 1.32672 5.48186 
1000 6017 7.66121 9.31028 1.47879 7.25033 
1000 6018 9.13137 3.46056 3.09129 4.10367 
1000 6019 4.00025 3.99987 0.501204 3.49971 
1000 6020 2.78838 3.91996 2.67645 4.31163 
1000 6021 3.93439 4.03246 0.971964 5.29346 
1000 6022 6.34172 2.45152 3.724 6.8089 
1000 6023 5.84314 7.87711 5.82754 2.98518 
1000 6024 5.21724 5.59456 6.86328 7.50335 
1000 6025 6.81981 2.06273 1.7586 8.17742 
1000 6026 6.2258 7.97739 2.54693 2.97105 
1000 6027 8.47341 6.18237 3.73261 1.8296 
1000 6028 4.00027 4.00098 0.499366 3.50127 
1000 6029 3.41449 4.20695 3.81607 7.4737 
1000 6030 9.37546 6.39814 5.2062 8.53568 
1000 6031 4.40085 5.42389 2.32832 2.54631 
1000 6032 9.32515 6.1033 5.78643 4.74424 
1000 6033 3.99998 4.00115 0.498679 3.49895 
1000 6034 5.28179 2.62448 5.42556 5.59712 
1000 6035 5.85086 6.95698 0.75138 5.45769 
1000 6036 9.36632 3.52475 3.26706 4.12383 
1000 6037 9.06329 2.17131 4.51863 8.27498 
1000 6038 1.64112 9.57556 7.90835 2.75762 
1000 6039 3.53153 4.37513 1.53036 2.81969 
1000 6040 4.55319 5.55191 0.688953 3.5333 
1000 6041 2.96096 5.29052 3.19624 4.50388 
1000 6042 3.16809 4.20228 5.96422 4.90182 
1000 6043 4.06443 4.30012 1.74008 4.58942 
1000 6044 5.33927 3.9752 4.07976 3.79176 
1000 6045 8.4621 9.46921 1.15354 2.05917 
1000 6046 5.18221 5.7663 7.1474 7.58786 
1000 6047 6.2979 3.11043 1.68314 3.86159 
1000 6048 7.84816 3.30751 3.47913 5.27169 
1000 6049 3.07866 4.48327 6.53593 5.00124 
1000 6050 5.65017 3.63769 3.19823 3.09182 
1000 6051 4.81129 4.80364 2.56093 5.64823 
1000 6052 10.4596 11.7066 11.9915 10.108 
1000 6053 7.02443 5.59931 2.85283 3.72231 
1000 6054 6.66622 3.55266 1.80216 4.36353 
1000 6055 7.89197 7.08461 6.64724 7.86729 
1000 6056 6.45282 6.12918 5.9807 8.62123 
1000 6057 6.02761 2.63082 7.39651 1.97959 
1000 6058 7.65097 5.40171 1.60237 5.17536 
1000 6059 4.97817 4.66582 5.8117 3.67979 
1000 6060 3.90233 4.0822 0.641131 4.49671 
1000 6061 8.21361 8.36722 1.18105 3.63148 
1000 6062 5.38691 5.17067 7.97657 2.62398 
1000 6063 6.9275 3.44796 2.28266 4.55179 
1000 6064 2.43057 8.52011 7.9423 8.83589 
1000 6065 7.50476 4.47197 1.95348 5.1538 
1000 6066 4.62878 7.18951 4.88567 10.2841 
1000 6067 2.31415 2.18805 3.69112 8.88904 
1000 6068 2.6157 8.44891 6.13256 2.06674 
1000 6069 7.8212 2.89918 1.11535 6.64432 
1000 6070 4.19573 4.00928 0.756227 3.26085 
1000 6071 8.31182 3.91566 1.89169 5.94702 
1000 6072 3.08496 5.8135 3.50594 4.75417 
1000 6073 2.71013 2.73558 1.3874 7.86363 
1000 6074 7.93434 4.96319 7.38791 5.33517 
1000 6075 4.58573 9.39889 6.31031 3.83286 
1000 6076 6.70427 5.18485 6.44573 3.40333 
1000 6077 4.686 9.28237 8.66304 7.11082 
1000 6078 5.29918 7.65168 4.7982 6.97872 
1000 6079 3.9969 4.03501 0.601456 3.42957 
1000 6080 8.36211 9.45553 5.0567 3.86922 
1000 6081 5.35067 4.73258 2.97257 6.52113 
1000 6082 2.66907 3.89524 5.61899 2.15795 
1000 6083 3.91537 4.6384 2.20432 4.74399 
1000 6084 6.17362 3.96242 4.72312 3.98279 
1000 6085 6.63599 1.896 6.39063 3.52667 
1000 6086 3.77908 3.76017 2.5458 6.87053 
1000 6087 5.62309 7.68171 3.45819 1.90358 
1000 6088 4.42237 6.45389 2.89138 7.21924 
1000 6089 8.44224 3.05425 6.43527 7.01589 
1000 6090 7.72054 7.76637 6.46962 3.54436 
1000 6091 7.43876 8.3292 1.52119 5.92269 
1000 6092 5.08264 3.83764 3.74428 3.72524 
1000 6093 4.31266 3.26137 8.36375 5.46811 
1000 6094 8.91567 6.3048 5.94696 6.6934 
1000 6095 4.00113 4.00001 0.499734 3.49842 
1000 6096 6.00934 5.48832 1.46875 2.61639 
1000 6097 7.08822 4.31691 1.93525 2.58004 
1000 6098 4.00076 4.0006 0.500133 3.50062 
1000 6099 8.40207 3.2513 2.61512 4.22516 
1000 6100 8.34513 3.02389 1.75641 8.66903 
1000 6101 4.80459 3.70659 0.635646 3.79409 
1000 6102 1.96755 7.83491 5.6134 9.27665 
1000 6103 7.16828 7.44097 1.01554 1.68637 
1000 6104 8.6994 4.5895 5.05667 4.91131 
1000 6105 3.2578 7.5379 0.959622 7.23811 
1000 6106 7.37416 1.63841 7.14062 8.76933 
1000 6107 3.34705 3.84823 7.54625 5.37455 
1000 6108 8.45364 2.41567 7.92322 4.71969 
1000 6109 7.63069 2.08477 6.15341 8.53672 
1000 6110 6.03508 4.41679 7.48428 3.27252 
1000 6111 2.17163 2.61546 6.39576 5.76071 
1000 6112 6.5263 4.33052 2.02322 4.43253 
1000 6113 4.11117 3.91993 0.765886 3.70342 
1000 6114 7.31631 5.95248 3.10765 3.7934 
1000 6115 7.98911 5.95799 7.98958 3.30531 
1000 6116 6.179 5.1645 6.33084 8.48763 
1000 6117 4.52582 8.04253 6.77772 6.26768 
1000 6118 2.48903 4.02652 6.39164 7.65394 
1000 6119 5.93202 7.19644 4.68476 2.69446 
1000 6120 5.62567 6.98685 5.23156 4.62231 
1000 6121 4.50027 7.3546 7.61389 3.88957 
1000 6122 5.84384 4.67277 3.34614 7.45671 
1000 6123 3.93702 6.98542 1.65648 4.81369 
1000 6124 4.02478 3.99994 0.529325 3.47095 
1000 6125 3.2561 6.777 4.52459 4.98826 
1000 6126 6.32596 2.37157 5.19145 3.1168 
1000 6127 3.37659 4.04088 0.847307 3.84374 
1000 6128 5.83979 7.05118 7.51117 7.42249 
1000 6129 3.83605 3.74545 2.0868 6.5927 
1000 6130 6.20893 2.68918 0.843223 5.25306 
1000 6131 5.05755 4.15958 0.52483 4.32265 
1000 6132 4.2505 7.6708 2.54324 5.71688 
1000 6133 5.6895 3.45567 1.07884 3.97357 
1000 6134 4.00204 3.99893 0.500354 3.49998 
1000 6135 6.01106 2.85492 5.663 2.63597 
1000 6136 6.4453 5.69059 1.68073 2.42965 
1000 6137 8.89655 9.28941 2.49024 5.78804 
1000 6138 4.69737 5.10775 1.89907 8.13852 
1000 6139 4.17161 3.87437 0.954996 3.83895 
1000 6140 8.25976 6.16378 3.42351 1.85148 
1000 6141 0.999686 1.00103 0.500111 1.50051 
1000 6142 7.04551 8.21682 5.52738 2.68282 
1000 6143 8.36915 5.39576 8.03414 2.89392 
1000 6144 5.92688 8.85754 9.04452 4.42958 
1000 6145 5.62063 7.30699 2.18069 3.2716 
1000 6146 8.32213 7.21802 3.99387 3.82359 
1000 6147 6.69376 7.16367 3.26291 5.29253 
1000 6148 9.87293 9.30532 5.10151 2.06837 
1000 6149 9.43762 4.67229 2.55306 6.8568 
1000 6150 9.28237 6.34818 5.08286 8.36268 
1000 6151 8.90519 10.1541 5.68189 4.14291 
1000 6152 7.75084 6.13777 2.9014 1.95406 
1000 6153 3.99954 4.00039 0.500054 3.49901 
1000 6154 2.02637 9.18302 7.05721 2.41191 
1000 6155 3.99943 3.99991 0.499297 3.50059 
1000 6156 2.0311 2.47061 6.78649 6.12682 
1000 6157 1.6713 1.33027 7.32277 1.26013 
1000 6158 4.59905 3.92117 1.3871 3.11362 
1000 6159 7.11313 5.70857 2.93242 3.74667 
1000 6160 2.6623 4.71993 1.22407 7.8842 
1000 6161 6.84773 1.93784 3.84615 4.17811 
1000 6162 3.00869 3.81352 4.73705 4.59815 
1000 6163 4.00129 3.9993 0.499927 3.49864 
1000 6164 6.58899 2.16826 3.3395 4.07191 
1000 6165 7.30667 5.56769 7.29742 3.24043 
1000 6166 3.99984 3.99998 0.501009 3.49926 
1000 6167 5.70626 6.71123 0.717027 5.2596 
1000 6168 3.99962 4.00048 0.500228 3.50116 
1000 6169 1.00145 1.00005 0.500919 1.49864 
1000 6170 3.99924 3.99931 0.498664 3.49905 
1000 6171 7.24309 3.38108 2.88559 4.77145 
1000 6172 6.80242 2.38603 4.08035 7.09048 
1000 6173 5.58168 4.85824 7.97942 2.53647 
1000 6174 2.74311 9.70566 8.03964 7.04305 
1000 6175 8.0432 6.3025 5.42548 6.5329 
1000 6176 5.09037 6.20029 2.75281 6.14167 
1000 6177 2.84446 5.36528 0.599493 3.90456 
1000 6178 2.75305 6.73215 3.08006 8.14934 
1000 6179 3.10214 7.7728 0.986407 7.52214 
1000 6180 3.78634 5.50259 1.41322 8.19539 
1000 6181 6.02784 2.81595 2.45633 5.9327 
1000 6182 6.67668 2.23627 1.23165 6.749 
1000 6183 5.34521 8.20827 5.25302 7.22164 
1000 6184 4.64149 6.97649 2.88348 7.90788 
1000 6185 6.01363 4.58368 5.23214 3.70597 
1000 6186 2.35512 1.60693 3.97421 6.23614 
1000 6187 4.47234 5.22212 2.23577 5.63592 
1000 6188 4.45775 4.82145 5.21104 7.31278 
1000 6189 2.09604 7.56336 6.8422 7.28262 
1000 6190 4.2666 5.62311 3.695 4.51945 
1000 6191 3.2941 3.13717 0.910426 6.82078 
1000 6192 4.77172 6.25869 4.58417 4.86057 
1000 6193 4.9758 4.79142 2.69197 5.91946 
1000 6194 4.46549 8.65124 0.926084 3.79076 
1000 6195 3.97792 4.03814 0.597458 3.42885 
1000 6196 4.55495 6.46369 5.76133 3.58345 
1000 6197 3.99993 3.99924 0.500403 3.49896 
1000 6198 8.07753 2.45393 7.3877 4.90804 
1000 6199 8.03208 2.98684 1.46081 7.40984 
1000 6200 4.29334 7.12848 4.0231 7.97804 
1000 6201 3.99887 4.00027 0.500199 3.49955 
1000 6202 4.89096 3.83745 7.77511 8.33881 
1000 6203 5.40276 5.93846 0.675026 4.39964 
1000 6204 4.95597 4.65951 6.61484 7.6815 
1000 6205 5.83805 3.97684 4.46767 3.88623 
1000 6206 6.28885 7.37489 4.99569 2.57325 
1000 6207 9.3028 9.16391 10.2438 6.66702 
1000 6208 3.50122 9.67508 4.14266 1.70598 
1000 6209 3.35822 7.87321 7.56968 1.49618 
1000 6210 4.55823 6.82055 1.01256 3.37697 
1000 6211 2.41771 2.88613 5.67762 5.28955 
1000 6212 5.9992 2.39532 6.79785 6.43414 
1000 6213 7.41796 5.80457 4.00105 6.51739 
1000 6214 3.87388 4.0322 1.32671 5.48256 
1000 6215 6.35859 3.63257 1.5224 4.23047 
1000 6216 8.05484 8.55537 4.52557 3.72608 
1000 6217 2.85771 3.72603 3.7067 4.36239 
1000 6218 6.87084 2.6423 2.42952 3.43009 
1000 6219 8.07977 6.20019 4.49517 7.32396 
1000 6220 7.41519 6.05693 2.52715 2.04055 
1000 6221 6.75368 2.1852 1.45611 7.38647 
1000 6222 6.91955 5.99808 0.888706 3.03028 
1000 6223 3.31482 7.85228 5.60709 5.24694 
1000 6224 4.89642 6.52691 8.22339 7.7318 
1000 6225 1.61039 1.65177 4.51977 0.837482 
1000 6226 2.84552 3.76015 3.46372 4.32261 
1000 6227 3.9376 4.03431 0.972508 5.29346 
1000 6228 4.93414 3.82273 7.60985 8.20345 
1000 6229 5.81485 3.41353 1.17723 3.97773 
1000 6230 3.5777 7.95339 2.3007 4.72819 
1000 6231 8.14695 6.07419 8.17515 3.33644 
1000 6232 3.99972 3.9985 0.499707 3.50042 
1000 6233 8.25735 3.04678 1.10219 6.79001 
1000 6234 9.03506 6.43384 1.52011 3.79361 
1000 6235 6.12072 8.80451 0.872869 7.2094 
1000 6236 4.09296 3.93373 0.731471 3.66648 
1000 6237 0.979727 0.914273 1.45513 1.50551 
1000 6238 3.80897 6.45128 0.754203 5.8013 
1000 6239 8.62407 6.3852 8.71591 3.37928 
1000 6240 4.02253 4.17884 0.502017 3.38699 
1000 6241 7.91878 3.7492 6.62937 4.99986 
1000 6242 2.26643 4.77967 5.41893 6.77772 
1000 6243 5.31486 4.81844 7.12937 2.81921 
1000 6244 8.06625 4.89845 4.95904 8.32688 
1000 6245 1.57979 1.73473 4.99046 0.801143 
1000 6246 4.57266 9.40158 5.96309 3.93922 
1000 6247 4.0011 3.99984 0.501192 3.4986 
1000 6248 6.10332 4.6468 5.37686 3.67823 
1000 6249 2.81117 8.17778 5.86066 1.97263 
1000 6250 8.51181 9.03647 2.21727 5.89993 
1000 6251 3.68924 6.67832 0.780181 6.16074 
1000 6252 4.01033 5.99008 0.772026 4.99246 
1000 6253 8.59645 8.92758 5.90599 6.69322 
1000 6254 9.06239 4.37293 6.8272 10.0225 
1000 6255 4.9123 2.4523 4.69136 5.2655 
1000 6256 2.48946 8.6278 6.31098 2.12874 
1000 6257 10.8342 12.943 12.9586 10.6023 
1000 6258 8.77235 10.0296 5.61379 3.99041 
1000 6259 7.98037 7.23715 3.8758 3.73456 
1000 6260 2.84919 4.82186 1.11128 7.46244 
1000 6261 4.09814 4.23409 1.62167 6.78936 
1000 6262 4.30507 7.155 3.29381 3.05749 
1000 6263 2.17854 1.15583 8.27043 5.31066 
1000 6264 7.2183 4.34562 1.9868 2.54912 
1000 6265 4.88805 3.82426 2.06012 3.2533 
1000 6266 7.90336 7.96565 1.10159 3.27522 
1000 6267 5.77246 2.92673 6.46483 6.16455 
1000 6268 0.998989 1.00048 0.4998 1.49981 
1000 6269 5.07618 3.42486 1.06034 2.33973 
1000 6270 2.53323 3.97934 3.53521 5.18595 
1000 6271 7.18158 3.40643 1.95153 4.39811 
1000 6272 3.91409 4.06721 1.10104 5.60438 
1000 6273 5.04469 3.76813 2.53605 3.35486 
1000 6274 4.19423 3.86092 1.02481 3.88236 
1000 6275 4.45964 8.6185 0.920015 3.79228 
1000 6276 3.87361 4.0336 1.32663 5.48164 
1000 6277 2.05182 2.5076 6.70933 6.08275 
1000 6278 4.13827 6.84927 2.83116 2.21314 
1000 6279 3.92667 9.90394 3.83652 7.8237 
1000 6280 2.76944 2.77977 1.53407 7.74781 
1000 6281 3.99985 4.00066 0.500361 3.50125 
1000 6282 3.29239 7.46598 0.94076 7.16237 
1000 6283 3.99966 4.00026 0.498626 3.49974 
1000 6284 2.60041 4.63734 4.67447 8.37618 
1000 6285 2.27921 5.45626 3.95567 4.09144 
1000 6286 8.66509 4.85118 5.71007 8.92687 
1000 6287 3.20278 4.21729 6.29827 5.00935 
1000 6288 3.95296 4.07724 0.774485 3.30849 
1000 6289 4.91852 2.4346 4.72156 5.28683 
1000 6290 2.83176 3.83189 3.02815 4.26591 
1000 6291 2.8229 3.86251 2.86027 4.26011 
1000 6292 4.31188 4.1427 2.01707 7.41719 
1000 6293 4.00108 3.99804 0.500848 3.49928 
1000 6294 4.00137 6.03706 0.778242 4.99783 
1000 6295 4.62094 3.9124 1.42736 3.11544 
1000 6296 5.35447 4.73167 2.97615 6.52742 
1000 6297 8.28459 6.7433 3.61238 1.94671 
1000 6298 8.68976 7.35926 4.12507 1.94072 
1000 6299 6.3006 2.65266 0.855179 5.35632 
1000 6300 5.83061 4.43968 0.622373 5.76991 
1000 6301 5.89728 2.93483 2.03742 5.58439 
1000 6302 4.58864 3.08693 3.23743 4.61214 
1000 6303 2.23004 2.66734 6.24273 5.62263 
1000 6304 5.64809 8.99002 6.94621 11.1187 
1000 6305 3.53904 8.8557 1.09192 8.85543 
1000 6306 2.35146 6.26904 0.937179 4.0524 
1000 6307 3.96656 4.06509 0.714503 3.35055 
1000 6308 3.87573 8.49439 3.74528 6.37834 
1000 6309 10.4527 2.52543 6.89987 10.7282 
1000 6310 7.82854 5.82315 4.25179 6.91133 
1000 6311 5.94494 8.88801 9.09377 4.44265 
1000 6312 4.28451 7.12135 4.0615 7.99739 
1000 6313 1.63818 1.47154 6.80836 1.15875 
1000 6314 2.29811 4.3559 4.89778 6.41013 
1000 6315 1.52901 4.7832 7.59781 6.93914 
1000 6316 1.52548 4.78116 7.59561 6.94247 
1000 6317 3.23094 9.74885 3.80041 7.69862 
1000 6318 9.44648 6.53258 5.39965 8.77769 
1000 6319 4.07782 3.00189 4.22633 7.81752 
1000 6320 7.16173 5.97224 2.26516 2.12622 
1000 6321 9.08438 8.45458 7.56284 4.30011 
1000 6322 5.7459 4.39548 0.610572 5.60315 
1000 6323 8.58506 5.86901 8.90773 10.6582 
1000 6324 4.95315 3.79609 2.32629 3.33425 
1000 6325 3.91843 4.09493 0.591866 4.19632 
1000 6326 2.48206 3.9635 3.83411 5.48504 
1000 6327 3.84281 3.30954 0.628308 6.32159 
1000 6328 3.94558 8.0688 3.06975 1.98324 
1000 6329 3.8513 3.80608 1.84971 6.38482 
1000 6330 2.40638 9.86268 7.12398 5.25346 
1000 6331 4.3289 6.99672 3.23762 2.96029 
1000 6332 4.05444 9.76747 4.43729 1.91809 
1000 6333 4.60731 5.65103 2.64538 5.85469 
1000 6334 5.92599 8.85856 9.04245 4.42893 
1000 6335 6.73051 5.49408 7.94809 7.99322 
1000 6336 7.88597 5.73321 8.17979 10.1505 
1000 6337 4.84075 7.38255 4.80521 10.4014 
1000 6338 6.70045 5.58813 3.37067 5.92277 
1000 6339 7.47894 9.08445 1.36071 7.0355 
1000 6340 4.00001 4.00006 0.501342 3.50019 
1000 6341 4.04223 4.07105 0.497295 3.50621 
1000 6342 4.09274 3.93304 0.731942 3.6667 
1000 6343 4.00035 3.99837 0.499579 3.50042 
1000 6344 4.12741 7.63549 4.78312 8.2669 
1000 6345 5.68515 9.32132 5.9932 7.69658 
1000 6346 2.92468 2.90828 1.11375 7.40363 
1000 6347 6.17529 7.43256 2.7417 7.22461 
1000 6348 2.45792 8.67263 8.08313 9.02186 
1000 6349 3.12802 5.12665 2.35104 2.53283 
1000 6350 1.86619 6.90995 3.11261 2.69255 
1000 6351 2.41611 4.0852 6.81216 9.65056 
1000 6352 9.47394 6.58327 5.44147 8.85875 
1000 6353 5.63177 6.77306 2.74299 6.5229 
1000 6354 4.40211 3.95646 0.795961 3.38737 
1000 6355 5.58478 7.40243 4.60325 7.03479 
1000 6356 6.41538 4.32417 1.97425 4.40249 
1000 6357 3.98605 6.06232 0.763709 5.11861 
1000 6358 2.01234 7.73783 7.12336 7.40821 
1000 6359 1.52816 1.09752 3.04607 1.14076 
1000 6360 7.36285 2.30397 2.72272 9.76378 
1000 6361 6.07203 5.67441 0.755845 3.48299 
1000 6362 3.99981 3.99867 0.499267 3.49933 
1000 6363 4.40072 5.34526 2.27976 2.56054 
1000 6364 6.57643 2.37465 2.93933 3.93064 
1000 6365 4.97484 6.94707 4.00494 2.80825 
1000 6366 6.77223 6.1901 8.01322 3.13016 
1000 6367 9.85188 6.13976 5.77728 2.53576 
1000 6368 3.99944 3.99998 0.500894 3.50073 
1000 6369 4.7403 6.84316 3.6735 2.79715 
1000 6370 9.85474 1.31675 7.25416 4.44472 
1000 6371 6.48384 7.78694 2.74675 7.88672 
1000 6372 7.64263 3.59069 5.64971 3.6847 
1000 6373 8.3363 3.13742 1.88843 8.65245 
1000 6374 9.52908 8.02969 5.65938 8.89922 
1000 6375 5.05053 3.792 3.44233 3.66954 
1000 6376 6.30086 7.38606 4.99925 2.57523 
1000 6377 6.81483 6.02691 7.84937 3.1159 
1000 6378 6.49327 4.08444 0.813884 7.69764 
1000 6379 3.87462 4.03293 1.32636 5.48168 
1000 6380 3.43066 9.75204 4.75556 6.50736 
1000 6381 3.99982 4.00003 0.500807 3.49989 
1000 6382 4.33547 8.80965 3.87697 4.29931 
1000 6383 2.90259 3.69988 4.21953 4.47551 
1000 6384 6.33623 7.90902 6.16691 5.39386 
1000 6385 8.31095 3.91719 1.89195 5.94758 
1000 6386 5.76564 4.38954 0.617641 5.64951 
1000 6387 4.61152 3.91612 1.40993 3.1145 
1000 6388 8.32685 9.09645 7.8444 1.65895 
1000 6389 4.34531 9.5678 4.28489 2.18309 
1000 6390 3.15691 5.99097 3.72489 4.76803 
1000 6391 2.79926 8.19297 5.87742 1.9792 
1000 6392 6.53526 2.00285 5.95708 3.35001 
1000 6393 3.45827 3.88522 4.43181 8.30281 
1000 6394 2.31456 7.96941 7.22677 8.00362 
1000 6395 4.79776 4.62642 2.15647 4.68519 
1000 6396 5.92567 8.85836 9.04258 4.42907 
1000 6397 3.1314 5.38408 3.14688 4.61931 
1000 6398 4.60513 3.87527 2.54381 8.39397 
1000 6399 3.47899 3.77043 4.64144 8.59075 
1000 6400 4.38998 4.31072 1.34599 2.89429 
1000 6401 2.09492 6.26456 7.84541 7.86809 
1000 6402 8.92494 3.38106 2.96142 4.14799 
1000 6403 8.24127 4.54441 1.97055 5.24881 
1000 6404 6.33048 3.45635 4.75568 2.4357 
1000 6405 8.84698 7.81017 1.28002 7.7989 
1000 6406 4.32261 4.47468 1.76844 7.28422 
1000 6407 7.95774 9.7995 6.90917 3.991 
1000 6408 8.32634 9.40872 5.01448 3.86392 
1000 6409 6.72409 2.21983 1.3434 7.07409 
1000 6410 4.40425 4.96669 2.04779 2.625 
1000 6411 5.66941 5.74712 0.888773 3.6714 
1000 6412 1.52884 4.78313 7.59776 6.93937 
1000 6413 3.83489 3.28031 2.15223 6.85054 
1000 6414 5.35743 7.32037 4.48196 6.81384 
1000 6415 4.5796 9.39968 6.14789 3.88275 
1000 6416 3.33754 7.56347 5.35911 5.23249 
1000 6417 8.68051 7.3496 3.97742 4.07033 
1000 6418 3.09479 5.35866 1.80938 2.56264 
1000 6419 3.67068 3.93625 3.17604 7.14769 
1000 6420 7.6879 8.96389 3.35723 2.4249 
1000 6421 8.91489 2.6347 4.68468 8.63195 
1000 6422 5.87559 4.75601 3.23132 7.35947 
1000 6423 5.99074 5.64891 4.98689 7.59845 
1000 6424 4.56334 3.86272 2.39865 8.28228 
1000 6425 4.40362 5.09468 2.1244 2.60527 
1000 6426 8.78493 2.70614 2.24424 5.11877 
1000 6427 4.00126 3.99968 0.501041 3.49822 
1000 6428 3.82386 6.42198 0.753092 5.75071 
1000 6429 2.33578 6.03511 5.55861 2.0249 
1000 6430 3.99511 4.03672 0.602693 3.43079 
1000 6431 3.27185 5.72087 3.40237 2.31382 
1000 6432 4.4022 3.95648 0.795868 3.38764 
1000 6433 9.0952 10.3655 6.01456 4.17815 
1000 6434 6.98973 2.52458 2.20104 3.60817 
1000 6435 7.02652 4.30199 1.90971 2.59666 
1000 6436 7.98719 7.00416 3.75621 3.7681 
1000 6437 4.37158 4.03333 1.01828 3.16107 
1000 6438 4.83975 3.73012 8.08713 8.68825 
1000 6439 3.78662 5.5027 1.41306 8.19505 
1000 6440 6.88045 5.4081 2.70475 3.66464 
1000 6441 3.31181 4.6812 1.75518 2.6802 
1000 6442 2.4248 4.02326 6.94951 2.23034 
1000 6443 4.77739 7.33919 6.01251 5.88827 
1000 6444 5.89928 3.28401 7.25754 6.31103 
1000 6445 2.98132 8.94703 6.42992 5.23954 
1000 6446 6.85298 3.46927 8.01449 7.89795 
1000 6447 5.34349 8.68374 1.38018 3.32015 
1000 6448 4.00063 4.00088 0.499387 3.50128 
1000 6449 8.2571 3.96384 1.93507 5.88212 
1000 6450 5.29262 7.81162 4.9679 7.0778 
1000 6451 4.83763 9.0685 8.31385 6.92852 
1000 6452 3.25919 7.53586 0.960634 7.23473 
1000 6453 5.8288 4.585 4.72804 9.1335 
1000 6454 5.74645 4.11846 1.49744 3.05398 
1000 6455 4 4.00141 0.499696 3.50033 
1000 6456 4.32664 6.84736 3.4995 7.69272 
1000 6457 4.33532 3.97944 1.61365 4.23395 
1000 6458 2.4833 3.99581 6.52005 2.23095 
1000 6459 4.42271 5.89739 2.62541 2.48169 
1000 6460 2.78041 5.71805 8.07348 5.49081 
1000 6461 0.869715 1.06226 2.27838 1.67631 
1000 6462 8.06511 6.78697 3.64658 3.84599 
1000 6463 7.78917 1.85559 5.95111 1.01611 
1000 6464 8.04319 6.30245 5.42552 6.53272 
1000 6465 9.43774 4.67141 2.55293 6.85597 
1000 6466 7.82868 5.82311 4.25142 6.91087 
1000 6467 9.8099 8.88388 8.29199 4.35377 
1000 6468 5.1036 4.49976 5.91146 3.34196 
1000 6469 5.6218 7.30458 2.18231 3.26487 
1000 6470 2.71864 4.60107 4.41522 8.18673 
1000 6471 3.83518 3.74089 2.09745 6.6026 
1000 6472 4.58268 6.85159 2.88266 7.7366 
1000 6473 7.16651 3.39103 2.76711 4.72039 
1000 6474 3.9991 3.99884 0.499504 3.50045 
1000 6475 3.22961 5.54163 3.12391 2.37884 
1000 6476 3.4181 7.42961 0.907223 5.94453 
1000 6477 3.81721 7.31278 1.89609 4.79191 
1000 6478 3.55485 3.2384 3.95903 2.53042 
1000 6479 4.47535 5.22564 2.24225 5.64705 
1000 6480 3.88042 3.14535 0.621065 6.92683 
1000 6481 4.58387 9.39846 6.27117 3.84498 
1000 6482 4.28257 6.71054 3.46796 8.36681 
1000 6483 2.70567 5.36843 3.4727 4.3715 
1000 6484 8.34003 6.82236 3.67023 1.96952 
1000 6485 3.19167 4.20939 6.21827 4.98215 
1000 6486 4.17597 4.2948 1.69071 6.9728 
1000 6487 6.53887 4.33345 2.02774 4.43947 
1000 6488 4.00155 3.99886 0.500613 3.50005 
1000 6489 8.142 2.39019 1.25735 7.08918 
1000 6490 6.15 7.28245 8.08794 8.07209 
1000 6491 6.35836 4.80156 3.52306 7.66931 
1000 6492 4.59657 4.46301 2.06674 4.61635 
1000 6493 4.41978 4.00599 1.08634 3.1389 
1000 6494 4.00145 3.99948 0.501164 3.4985 
1000 6495 3.16526 4.16947 5.87156 4.88165 
1000 6496 4.10601 8.20514 2.9326 6.29282 
1000 6497 4.00051 4.0002 0.500712 3.49925 
1000 6498 8.3106 8.44225 5.24217 6.38706 
1000 6499 7.69587 3.45073 6.74245 1.49403 
1000 6500 7.10758 3.51233 8.54735 8.4237 
1000 6501 3.91627 4.06285 1.0895 5.57497 
1000 6502 7.75106 7.74969 8.05882 4.82544 
1000 6503 6.81502 7.30447 3.37406 5.36119 
1000 6504 4.59656 9.41983 6.88886 3.65448 
1000 6505 5.92987 8.08456 0.837531 6.60644 
1000 6506 4.51378 5.8785 2.56149 6.2904 
1000 6507 5.87216 7.05697 0.762355 5.5625 
1000 6508 1.21152 0.916075 2.20767 1.34545 
1000 6509 6.72712 3.3935 7.68884 7.57579 
1000 6510 9.62694 3.23923 8.04773 8.12294 
1000 6511 5.70467 5.46691 6.98978 7.55464 
1000 6512 3.88724 5.05293 2.80959 4.69418 
1000 6513 4.09499 3.93128 0.738049 3.67128 
1000 6514 5.75956 2.95632 0.806457 4.75478 
1000 6515 3.99547 8.40405 3.00423 6.50821 
1000 6516 2.07474 5.04299 6.15993 7.18072 
1000 6517 4.81677 3.70157 0.638982 3.79849 
1000 6518 2.26603 2.72096 6.11706 5.57297 
1000 6519 7.50989 7.60284 7.82485 4.71357 
1000 6520 10.5569 12.939 12.2341 11.9365 
1000 6521 6.19668 3.08942 6.98647 6.6086 
1000 6522 7.82944 5.82283 4.25157 6.91143 
1000 6523 4.05532 6.5875 1.35873 4.82195 
1000 6524 7.69297 7.7664 6.38805 3.45697 
1000 6525 3.82232 4.75534 2.31519 4.76081 
1000 6526 5.6794 3.07895 1.36221 4.98139 
1000 6527 3.44513 7.14954 0.86923 6.79811 
1000 6528 6.37845 2.62212 0.852219 5.39797 
1000 6529 7.29962 1.57696 4.76324 4.2838 
1000 6530 3.91343 3.59017 7.84157 5.38819 
1000 6531 3.95967 7.58037 2.94765 2.02093 
1000 6532 4.38485 3.86105 0.557046 3.63118 
1000 6533 4.54643 5.57331 2.51262 5.88919 
1000 6534 5.87655 2.87419 0.814478 4.88593 
1000 6535 0.999766 0.999924 0.500458 1.50081 
1000 6536 5.2423 5.33217 0.642291 3.66047 
1000 6537 1.56158 8.67786 7.73148 1.29139 
1000 6538 8.4814 5.98361 4.47696 7.401 
1000 6539 3.89601 3.12853 0.615846 7.00059 
1000 6540 5.99086 2.8978 0.820526 1.82459 
1000 6541 6.56042 10.1472 6.03348 8.6182 
1000 6542 0.911733 0.946665 2.56988 1.82015 
1000 6543 7.95071 9.57603 6.92922 1.8867 
1000 6544 10.2816 10.8999 8.17336 10.0582 
1000 6545 4.49388 6.00289 2.60477 6.48024 
1000 6546 4.00146 8.46742 3.58952 6.2698 
1000 6547 5.70012 6.4294 8.6533 8.76015 
1000 6548 2.15076 1.6413 5.65492 8.20622 
1000 6549 8.25382 3.9633 1.9321 5.88614 
1000 6550 4.64464 7.90726 6.67056 6.22413 
1000 6551 4.82121 5.00661 5.70034 7.3831 
1000 6552 5.24393 3.98693 1.24287 3.14359 
1000 6553 3.44786 7.13014 0.863509 6.78057 
1000 6554 2.4292 8.33098 7.79079 8.51669 
1000 6555 8.89122 6.93118 2.0738 6.19054 
1000 6556 7.55655 7.58353 1.01083 2.94819 
1000 6557 2.46527 4.00111 6.67177 7.87286 
1000 6558 5.35333 3.25248 0.981343 2.13966 
1000 6559 4.53893 5.46053 2.4572 5.79153 
1000 6560 2.69191 6.4878 4.60304 6.45668 
1000 6561 8.99616 3.40411 2.99219 4.10321 
1000 6562 5.65816 4.71867 3.1521 7.00658 
1000 6563 5.40205 6.52593 2.74686 6.35274 
1000 6564 5.01624 3.96573 1.13754 3.21565 
1000 6565 3.38569 6.1878 3.99644 2.14983 
1000 6566 7.95045 7.32515 6.97046 8.15962 
1000 6567 7.47117 2.35483 3.03528 2.84256 
1000 6568 4.20465 4.01219 0.770653 3.24914 
1000 6569 2.21971 6.78851 8.85202 8.61696 
1000 6570 6.41396 4.32756 1.97724 4.40109 
1000 6571 6.56027 10.1469 6.03299 8.61859 
1000 6572 8.57845 6.16557 3.96375 2.05669 
1000 6573 4.07725 6.41796 1.22635 4.80633 
1000 6574 6.33263 7.3674 2.11376 4.07102 
1000 6575 6.00977 4.3164 0.686624 6.25524 
1000 6576 9.93175 3.69651 3.88543 4.36747 
1000 6577 5.37634 6.04707 8.0686 8.19734 
1000 6578 6.03887 8.61313 6.9838 3.1315 
1000 6579 8.05912 8.14173 1.14364 3.44567 
1000 6580 3.94508 2.7664 2.14718 2.84769 
1000 6581 1.63839 1.52203 4.10166 0.906465 
1000 6582 4.56582 7.04473 6.98481 3.88383 
1000 6583 7.85826 9.67924 6.82083 3.8314 
1000 6584 6.80397 5.31487 6.87481 9.12142 
1000 6585 2.41863 4.14308 5.10356 6.58408 
1000 6586 2.42875 1.90904 3.38826 5.66587 
1000 6587 7.29752 3.36929 1.95916 4.43413 
1000 6588 3.46368 3.92397 7.25979 5.29344 
1000 6589 3.90845 4.65248 2.22161 4.74481 
1000 6590 2.58182 5.40702 3.69191 4.39335 
1000 6591 9.25929 4.65766 5.71019 1.97744 
1000 6592 3.75073 3.28825 0.673144 6.40552 
1000 6593 4.21762 4.0198 0.795461 3.23067 
1000 6594 4.09314 3.93395 0.731342 3.6667 
1000 6595 7.36214 6.77767 0.95568 3.13641 
1000 6596 3.98925 4.01354 0.503972 3.53747 
1000 6597 4.01391 7.23174 5.4649 8.84507 
1000 6598 4.74853 5.19754 1.94762 8.29542 
1000 6599 4.4365 4.3291 1.98646 4.56875 
1000 6600 3.05799 3.884 4.99341 4.66563 
1000 6601 8.0833 5.92623 1.7501 5.85761 
1000 6602 4.55254 6.5018 0.940895 3.39562 
1000 6603 7.96674 7.37578 7.0209 8.21178 
1000 6604 6.35378 7.64753 2.74211 7.60069 
1000 6605 7.8455 5.44309 1.6244 5.27396 
1000 6606 4.42526 5.91896 2.63954 2.47929 
1000 6607 3.95123 4.84303 0.555658 4.07455 
1000 6608 6.34272 2.45684 3.72549 6.81133 
1000 6609 6.39264 2.43777 3.80343 6.86463 
1000 6610 2.06063 2.71014 5.15788 7.67788 
1000 6611 7.54442 7.57117 1.00869 2.93894 
1000 6612 8.09343 9.1495 3.79185 7.63863 
1000 6613 5.85763 6.47926 5.97929 1.83012 
1000 6614 8.52559 3.07861 6.58312 7.15449 
1000 6615 4.7627 2.23692 6.31938 9.04724 
1000 6616 5.9292 6.356 1.35783 3.82268 
1000 6617 4.01296 8.39028 3.55352 6.2704 
1000 6618 9.62367 3.52995 8.14773 1.86092 
1000 6619 3.90576 4.01107 1.3154 5.47926 
1000 6620 9.06257 2.70056 4.72243 8.83672 
1000 6621 2.84564 3.75891 3.47205 4.32303 
1000 6622 0.998749 1.0005 0.499657 1.4998 
1000 6623 8.26659 9.2792 4.92917 3.82706 
1000 6624 7.83437 8.64812 1.87211 6.20396 
1000 6625 7.17161 6.33853 0.909649 3.21682 
1000 6626 6.58228 7.94102 2.39193 4.24423 
1000 6627 4.34653 3.44606 0.841682 3.58127 
1000 6628 3.84964 3.32082 0.609526 6.27948 
1000 6629 4.32324 4.13521 1.96139 7.44575 
1000 6630 2.91194 4.76478 1.12829 7.3874 
1000 6631 3.75424 4.82894 2.37929 4.77155 
1000 6632 4.77611 7.2393 5.78359 5.78183 
1000 6633 3.14905 4.54196 1.20663 7.14008 
1000 6634 4.2379 3.63539 0.855704 3.64228 
1000 6635 3.47043 4.15959 3.70527 7.40041 
1000 6636 2.85552 3.73308 3.6589 4.35386 
1000 6637 7.4814 5.60577 7.71262 9.84073 
1000 6638 3.59887 9.33601 7.02639 5.20921 
1000 6639 3.21921 4.18255 6.49298 5.07049 
1000 6640 5.1002 3.75416 2.60075 3.33615 
1000 6641 3.9994 3.9995 0.500611 3.49901 
1000 6642 4.44091 2.49946 5.53746 8.53584 
1000 6643 1.71029 5.28743 6.11654 3.55703 
1000 6644 2.65764 6.77231 1.60856 2.44824 
1000 6645 4.80595 1.61206 7.27594 7.38214 
1000 6646 7.89447 7.10987 6.68542 7.89922 
1000 6647 5.34333 2.64304 5.54636 5.66784 
1000 6648 5.84809 4.45546 7.20493 3.24978 
1000 6649 5.21258 5.64328 6.95799 7.54047 
1000 6650 7.41845 5.80418 4.00139 6.51673 
1000 6651 9.29453 11.8493 12.5425 12.6591 
1000 6652 6.85283 2.38438 4.10333 7.11309 
1000 6653 7.39571 5.78169 3.97281 6.48236 
1000 6654 7.97693 5.96408 4.36052 7.11304 
1000 6655 0.9912 0.916274 1.40838 1.48771 
1000 6656 2.84484 5.36496 0.599736 3.90454 
1000 6657 4.31717 2.99205 1.88246 3.80927 
1000 6658 3.95441 4.0928 0.516391 3.68123 
1000 6659 7.56544 7.75403 6.14113 3.19043 
1000 6660 3.99902 3.99991 0.498839 3.49899 
1000 6661 4.62915 2.51438 6.38471 3.90647 
1000 6662 3.20465 6.39515 4.1238 4.88615 
1000 6663 3.99293 5.17781 3.05483 4.61921 
1000 6664 3.99997 4.0005 0.499804 3.50073 
1000 6665 6.67468 4.28746 5.43729 4.43596 
1000 6666 3.85512 3.89788 1.63887 6.12728 
1000 6667 2.82666 3.84892 2.94534 4.26347 
1000 6668 3.90582 4.012 1.31476 5.47973 
1000 6669 6.95342 2.04176 2.1601 9.0233 
1000 6670 8.11066 8.21632 1.15153 3.4728 
1000 6671 4.45642 4.32314 1.97894 4.5488 
1000 6672 3.94146 4.08099 0.54208 3.86096 
1000 6673 3.99941 3.99958 0.500455 3.49915 
1000 6674 7.69736 3.63809 3.74957 4.88136 
1000 6675 3.96651 5.04555 0.582108 4.20253 
1000 6676 7.78531 4.45906 1.82385 5.43811 
1000 6677 4.1132 3.92614 0.717 3.67568 
1000 6678 1.7353 2.9549 7.04552 5.75434 
1000 6679 4.33536 8.81046 3.87826 4.29965 
1000 6680 4.68529 8.74471 7.84938 6.74506 
1000 6681 3.15923 5.75278 3.4735 4.71658 
1000 6682 6.21298 3.17779 1.58176 3.89676 
1000 6683 7.86835 6.54061 3.49624 3.82847 
1000 6684 6.91051 2.03444 2.06812 8.85285 
1000 6685 1.55424 1.19076 7.61028 1.41831 
1000 6686 4.41835 5.8606 2.60126 2.48552 
1000 6687 2.06206 7.30724 2.735 6.23402 
1000 6688 7.14969 4.62575 6.24819 4.90236 
1000 6689 5.35357 4.84264 7.27767 2.78886 
1000 6690 3.42889 4.0453 0.80604 3.81864 
1000 6691 6.42437 4.96376 5.98338 3.5301 
1000 6692 7.8869 7.24017 6.90978 8.18018 
1000 6693 8.3208 6.57838 0.945437 3.31435 
1000 6694 1.97432 4.97165 6.28808 7.25678 
1000 6695 8.42516 3.04867 6.39853 6.97978 
1000 6696 2.81963 6.2648 4.07917 6.32931 
1000 6697 6.15463 7.28521 8.11 8.0818 
1000 6698 4.40998 5.67044 2.4825 2.50691 
1000 6699 2.45152 3.92661 7.06658 9.79041 
1000 6700 4.00068 4.00014 0.498071 3.49968 
1000 6701 5.8702 4.45105 7.23604 3.25293 
1000 6702 4.1447 6.83146 2.82938 2.2199 
1000 6703 3.99944 4.00022 0.500343 3.50036 
1000 6704 5.54005 7.78071 3.84082 1.7119 
1000 6705 1.53099 4.78455 7.59707 6.93926 
1000 6706 4.00056 3.99926 0.500762 3.50081 
1000 6707 9.44569 6.22408 5.89633 4.74746 
1000 6708 4.84044 9.12123 4.26832 6.64327 
1000 6709 6.25258 3.14515 1.63576 3.87789 
1000 6710 9.17715 8.92085 6.24023 6.98399 
1000 6711 2.65757 3.1626 2.02008 4.52107 
1000 6712 5.61704 3.06975 0.808763 4.60759 
1000 6713 8.01126 1.36887 6.74621 2.76982 
1000 6714 3.78717 5.50425 1.41295 8.19434 
1000 6715 4.48898 3.95101 0.848445 3.37592 
1000 6716 3.99071 4.01166 0.503365 3.53168 
1000 6717 6.0118 5.48845 1.46918 2.61706 
1000 6718 2.14987 1.6422 5.65446 8.20684 
1000 6719 5.50313 4.55322 6.83288 3.15038 
1000 6720 3.49775 8.15102 2.42557 4.68094 
1000 6721 7.42277 1.63092 7.22446 8.84501 
1000 6722 3.80372 3.73949 2.36655 6.7732 
1000 6723 7.39576 5.78158 3.97279 6.48236 
1000 6724 5.4574 6.69832 6.76599 5.64391 
1000 6725 2.26714 3.4103 4.59644 6.57206 
1000 6726 2.40506 6.12724 0.884521 4.03213 
1000 6727 3.17241 9.85627 3.88714 7.78639 
1000 6728 4.43158 4.79379 1.99788 2.62627 
1000 6729 3.72674 4.8537 2.40855 4.76777 
1000 6730 6.00614 8.47616 0.865748 6.93131 
1000 6731 3.17467 5.35937 2.81707 2.44408 
1000 6732 4.28035 5.64204 3.71986 4.52068 
1000 6733 1.83231 5.83883 6.78032 3.71191 
1000 6734 3.35084 7.35121 0.916167 7.03154 
1000 6735 4.54446 6.40727 5.63947 3.54795 
1000 6736 5.74538 3.04175 1.56609 5.16398 
1000 6737 1.75167 4.03889 7.5126 1.88312 
1000 6738 5.40761 5.24271 6.58003 10.4778 
1000 6739 3.92859 3.0948 0.606162 7.15914 
1000 6740 9.49562 3.06609 7.61036 2.6159 
1000 6741 5.84603 2.72999 7.01224 2.15754 
1000 6742 1.62691 1.26838 7.45001 1.33015 
1000 6743 4.49224 6.02759 2.60973 6.51361 
1000 6744 3.43154 4.19095 3.8099 7.47973 
1000 6745 4.00056 3.99912 0.499568 3.50081 
1000 6746 4.11381 3.92355 0.713233 3.66989 
1000 6747 4.37378 6.34446 2.86759 2.51651 
1000 6748 4.5507 3.18558 3.01346 4.54243 
1000 6749 6.00153 4.57205 5.20997 3.71094 
1000 6750 3.25955 6.85656 4.61455 5.00143 
1000 6751 6.94153 5.67592 3.60108 6.09447 
1000 6752 5.30115 7.76859 4.88934 7.02211 
1000 6753 3.99843 4.00037 0.500507 3.49916 
1000 6754 5.92535 8.85742 9.04218 4.42971 
1000 6755 5.87473 3.19902 7.0478 6.2866 
1000 6756 1.00075 0.999227 0.501608 1.5 
1000 6757 2.40176 5.42656 3.80828 4.1816 
1000 6758 3.17539 4.15918 5.90225 4.89824 
1000 6759 4.0677 4.00061 0.581936 3.41763 
1000 6760 5.16064 2.59875 5.17713 5.45546 
1000 6761 9.1427 4.2767 7.16143 10.2734 
1000 6762 2.27012 6.09767 2.71951 2.74733 
1000 6763 2.01976 7.7239 7.12067 7.3982 
1000 6764 9.35506 9.64315 7.72267 9.0537 
1000 6765 9.93568 9.17185 5.0298 2.27359 
1000 6766 6.41255 4.32706 1.97753 4.40238 
1000 6767 2.42068 3.93279 6.21758 2.16569 
1000 6768 1.73348 1.30953 7.71344 1.24157 
1000 6769 5.22494 7.14127 3.44856 1.96113 
1000 6770 5.90261 7.65247 2.36022 3.14292 
1000 6771 1.59594 1.74908 5.39907 0.838188 
1000 6772 7.26449 8.46157 3.78138 5.89354 
1000 6773 4.41342 4.55103 1.64344 2.76919 
1000 6774 4.54162 4.76416 0.53279 3.62352 
1000 6775 3.36359 7.84493 7.52332 1.50001 
1000 6776 2.71457 6.62193 1.6236 2.46425 
1000 6777 7.69217 2.86862 1.23977 6.79635 
1000 6778 6.05925 8.58208 0.86047 7.03045 
1000 6779 1.71013 5.28806 6.11856 3.55715 
1000 6780 1.86233 9.30526 7.34656 2.52731 
1000 6781 6.72319 3.52703 1.89949 4.40272 
1000 6782 1.60456 1.67017 4.63272 0.828154 
1000 6783 5.98701 2.80318 0.822055 5.00695 
1000 6784 10.3783 7.33798 9.80543 7.02278 
1000 6785 8.44396 4.80837 4.77671 4.73576 
1000 6786 4.40412 3.95664 0.797563 3.38808 
1000 6787 8.38733 5.97417 4.43784 7.33489 
1000 6788 5.67686 9.31054 5.99103 7.68856 
1000 6789 2.4724 6.85984 5.47556 6.75581 
1000 6790 6.32109 2.41386 5.14045 3.09222 
1000 6791 3.31938 5.9079 3.65121 2.24923 
1000 6792 6.78019 2.12427 1.59827 7.76161 
1000 6793 6.59473 2.23548 1.12606 6.40265 
1000 6794 8.19176 4.57543 1.64303 5.9791 
1000 6795 5.80528 4.41351 0.622573 5.72432 
1000 6796 5.09664 6.96693 3.35007 2.03035 
1000 6797 5.86752 7.04551 2.74284 6.75085 
1000 6798 9.14253 9.3285 9.90572 5.69476 
1000 6799 0.99881 0.999062 0.499566 1.49947 
1000 6800 4.0005 3.99993 0.501161 3.50105 
1000 6801 2.90157 4.77477 1.12547 7.40019 
1000 6802 4.21908 4.74291 0.570422 3.0086 
1000 6803 7.61796 5.08987 7.44209 5.60898 
1000 6804 6.991 8.35976 2.63583 9.04565 
1000 6805 6.37552 4.90279 5.86423 3.54208 
1000 6806 8.60281 7.25821 3.96847 1.97416 
1000 6807 4.51999 7.21672 7.1988 3.96954 
1000 6808 6.77317 2.57523 0.745545 1.6697 
1000 6809 8.90709 3.37639 2.94644 4.14717 
1000 6810 4.55886 4.96165 0.563074 3.61109 
1000 6811 0.959447 1.40358 4.32165 2.43159 
1000 6812 4.8376 7.76191 1.12121 3.38062 
1000 6813 5.88191 7.76898 0.820456 6.32536 
1000 6814 1.74441 5.56872 6.52006 3.64495 
1000 6815 2.5835 2.66457 1.84828 7.88388 
1000 6816 3.88661 4.12236 0.950024 3.19101 
1000 6817 3.59162 8.04562 2.29969 4.78463 
1000 6818 6.50042 4.16397 5.17036 4.26678 
1000 6819 8.06052 8.73641 1.93527 6.06274 
1000 6820 6.73923 5.21768 2.55204 3.59734 
1000 6821 1.53018 4.78394 7.59828 6.93843 
1000 6822 4.71311 2.81097 3.87433 4.82755 
1000 6823 7.29 4.28128 0.641336 3.31052 
1000 6824 9.90012 0.802326 7.5 6.63266 
1000 6825 6.46799 5.00579 6.05376 3.50235 
1000 6826 7.46823 6.11029 0.916642 3.34607 
1000 6827 6.6066 8.54295 3.05155 8.74376 
1000 6828 2.67614 5.96636 5.05085 1.83216 
1000 6829 3.84824 3.31324 0.623176 6.30394 
1000 6830 8.71365 4.84512 5.80188 9.01059 
1000 6831 6.88294 3.80088 5.17569 3.93148 
1000 6832 6.89998 4.45084 2.12056 4.67038 
1000 6833 3.55102 6.93495 0.824946 6.52585 
1000 6834 9.37832 7.95368 5.57379 8.81664 
1000 6835 7.90806 1.98303 6.56585 8.74174 
1000 6836 7.73971 2.36197 2.82725 5.23118 
1000 6837 3.23786 5.57777 3.18348 2.36558 
1000 6838 9.76124 8.81325 8.262 4.41153 
1000 6839 2.91398 6.0942 3.61067 6.20831 
1000 6840 6.47511 7.43198 8.45491 8.53508 
1000 6841 1.00002 1.0009 0.500948 1.49982 
1000 6842 9.73019 7.08234 8.33874 6.83211 
1000 6843 3.99932 3.99925 0.500452 3.49784 
1000 6844 3.29629 4.09952 6.84023 5.18741 
1000 6845 3.88849 5.01726 2.76488 4.69307 
1000 6846 5.02823 4.45239 5.62395 3.44419 
1000 6847 6.11273 3.12505 4.51019 2.9221 
1000 6848 4.28218 7.18748 4.17047 8.06002 
1000 6849 3.87942 3.96517 0.66435 3.45074 
1000 6850 4.46918 4.53911 2.14 4.7991 
1000 6851 5.95767 4.77243 3.25617 7.5138 
1000 6852 6.59162 4.2643 8.33978 3.31634 
1000 6853 5.4956 5.45513 0.680366 3.62565 
1000 6854 4.97279 5.07882 6.01332 7.42158 
1000 6855 4.00111 4.00115 0.500379 3.50039 
1000 6856 5.30127 4.24916 0.547975 4.75191 
1000 6857 5.86822 4.66448 3.37497 7.53419 
1000 6858 2.85703 3.72976 3.68529 4.35876 
1000 6859 6.85905 6.1245 8.05499 3.06898 
1000 6860 7.82625 7.76657 7.1465 4.14498 
1000 6861 6.80401 2.51928 0.885336 5.68454 
1000 6862 2.82315 5.90085 4.66532 2.02778 
1000 6863 4.75254 7.20755 2.89626 8.2369 
1000 6864 3.93609 4.08921 0.828294 3.27346 
1000 6865 4.00039 3.99965 0.500028 3.49921 
1000 6866 4.52685 3.94828 1.25999 3.10661 
1000 6867 7.61504 3.62546 6.65716 1.61285 
1000 6868 4.25537 7.70616 2.59337 5.74749 
1000 6869 5.69187 4.00911 4.38421 3.85216 
1000 6870 5.37925 3.69215 2.89105 3.21085 
1000 6871 2.50878 3.96585 3.65658 5.30644 
1000 6872 6.64675 7.96412 1.02235 6.03815 
1000 6873 5.62133 7.30211 2.18159 3.26538 
1000 6874 5.63819 6.3113 8.53153 8.64137 
1000 6875 6.6113 8.57373 6.72511 5.99102 
1000 6876 5.2116 4.7563 2.87031 6.29461 
1000 6877 2.7268 9.15638 5.20701 7.23796 
1000 6878 7.14642 3.48882 8.62282 8.49003 
1000 6879 3.90913 4.11757 1.31396 6.01638 
1000 6880 7.01983 3.65836 3.73494 2.6119 
1000 6881 8.24186 4.54363 1.97067 5.24878 
1000 6882 4.03832 4.08949 0.49716 3.47914 
1000 6883 4.46256 4.50293 2.11381 4.75527 
1000 6884 9.04998 3.48825 7.89091 5.06878 
1000 6885 4.4416 4.29726 1.95829 4.52849 
1000 6886 4.54433 6.41576 5.67698 3.56979 
1000 6887 5.52956 3.66321 3.04983 3.14519 
1000 6888 2.21414 6.881 2.55226 6.00695 
1000 6889 5.53711 4.72316 3.08115 6.80537 
1000 6890 10.5333 6.15977 2.67031 9.17675 
1000 6891 3.95811 4.94297 0.568041 4.13665 
1000 6892 3.9107 4.09243 0.615676 4.34198 
1000 6893 4.266 7.78091 2.69801 5.80931 
1000 6894 2.45789 4.08144 5.73413 7.08921 
1000 6895 0.999348 1.00074 0.499147 1.50049 
1000 6896 8.39186 4.89491 5.31533 8.58039 
1000 6897 2.85814 3.72456 3.71654 4.36425 
1000 6898 4.55179 6.48955 0.935978 3.40112 
1000 6899 3.69579 4.05137 0.634919 3.70346 
1000 6900 6.64649 10.2923 6.18092 8.73676 
1000 6901 4.30742 3.21694 1.51428 3.75978 
1000 6902 7.12194 8.16482 2.7971 8.91968 
1000 6903 2.85319 5.34976 0.59351 3.90304 
1000 6904 4.0929 3.93405 0.73145 3.66687 
1000 6905 1.88627 7.89917 5.28843 9.2017 
1000 6906 3.13542 5.66023 3.39341 4.68869 
1000 6907 3.95925 7.5872 2.94919 2.02005 
1000 6908 3.86932 3.49918 3.42799 7.39378 
1000 6909 4.06408 4.25869 0.496584 3.37295 
1000 6910 4.78321 6.57476 3.08704 2.24904 
1000 6911 5.87297 2.72518 6.92234 2.17867 
1000 6912 4.41896 3.95032 0.767011 3.42393 
1000 6913 5.51496 6.21292 1.36427 9.10352 
1000 6914 8.63576 6.38285 8.71767 3.39544 
1000 6915 1.44263 1.09628 7.89718 1.5292 
1000 6916 2.18914 7.49819 4.87313 8.7354 
1000 6917 6.24296 4.60044 2.00012 3.30478 
1000 6918 4.69255 7.52806 6.12954 5.99402 
1000 6919 8.96764 7.56933 4.67612 1.83005 
1000 6920 7.12855 4.32667 1.9512 2.5697 
1000 6921 2.90205 6.21724 3.88442 4.91291 
1000 6922 9.85936 2.0681 6.16264 9.09767 
1000 6923 1.94136 2.39064 7.17778 6.55465 
1000 6924 4.40902 4.68223 1.81477 2.69928 
1000 6925 6.01277 8.49979 6.78707 3.06703 
1000 6926 3.99492 4.03596 0.601993 3.42811 
1000 6927 3.70124 8.84125 6.20203 8.39628 
1000 6928 1.53016 4.78397 7.59797 6.93876 
1000 6929 3.90067 4.07923 0.645847 4.52445 
1000 6930 3.99941 3.99973 0.500704 3.49924 
1000 6931 3.52753 10.0259 8.25333 5.19212 
1000 6932 7.64243 5.39454 1.60232 5.1801 
1000 6933 8.18623 8.79626 1.97587 6.03121 
1000 6934 5.37716 2.65384 5.61136 5.70624 
1000 6935 4.74803 3.73182 0.62181 3.7698 
1000 6936 5.74593 7.57956 5.36956 2.90998 
1000 6937 7.13586 4.58179 6.17965 4.87024 
1000 6938 6.5604 10.1472 6.03355 8.6182 
1000 6939 5.53425 5.0732 6.13696 10.2035 
1000 6940 6.2209 9.18793 7.95543 3.1559 
1000 6941 4.3362 2.64881 2.42882 3.89143 
1000 6942 11.0352 12.0991 10.7229 12.7363 
1000 6943 3.76512 4.20249 1.19727 3.02527 
1000 6944 6.85731 5.37689 2.68108 3.65529 
1000 6945 8.29598 6.76144 3.62721 1.94666 
1000 6946 0.968154 0.938974 1.21828 1.50949 
1000 6947 3.23295 4.17396 6.54919 5.09289 
1000 6948 6.13408 7.3014 4.88779 2.61329 
1000 6949 4.47274 5.22195 2.23483 5.63679 
1000 6950 2.67386 6.51785 4.68703 6.49185 
1000 6951 7.95425 7.33882 6.98281 8.17355 
1000 6952 4.51838 5.82903 2.5551 6.22563 
1000 6953 3.37744 4.01123 7.05598 5.24336 
1000 6954 8.51192 7.11156 3.83382 2.00511 
1000 6955 3.90525 7.08512 1.73268 4.81413 
1000 6956 5.9728 2.99349 6.71363 6.34717 
1000 6957 6.3239 7.52991 0.926442 5.73645 
1000 6958 6.81629 5.55636 8.67789 8.46418 
1000 6959 3.99973 4.00134 0.50019 3.49918 
1000 6960 3.15773 5.30365 3.06316 4.61145 
1000 6961 8.4534 6.9954 3.78018 2.0097 
1000 6962 5.8265 4.16151 1.55245 3.06069 
1000 6963 4.9047 2.13332 4.98442 5.57569 
1000 6964 5.81428 5.76061 4.86166 1.86715 
1000 6965 3.99969 3.99957 0.499468 3.49792 
1000 6966 8.37807 6.20194 1.17048 3.60021 
1000 6967 5.43652 5.42942 0.671806 3.63594 
1000 6968 5.28491 5.3564 0.649025 3.65915 
1000 6969 7.36724 3.34081 2.00309 4.42491 
1000 6970 6.56993 3.09012 7.41779 6.72388 
1000 6971 5.22877 5.54108 6.79394 7.48271 
1000 6972 6.09559 5.51977 1.49381 2.60272 
1000 6973 0.999379 0.998913 0.499777 1.49979 
1000 6974 9.84356 1.2495 7.26093 4.26095 
1000 6975 6.91632 9.6192 7.7461 7.24352 
1000 6976 12.5466 12.7202 12.0945 11.107 
1000 6977 2.08168 6.55688 7.42647 3.85652 
1000 6978 9.60106 8.72955 8.04004 4.39113 
1000 6979 2.18908 7.4986 4.87332 8.73468 
1000 6980 8.22696 6.65168 4.73837 7.67418 
1000 6981 5.25164 3.55568 0.818729 3.91513 
1000 6982 4.86694 3.832 1.9954 3.2362 
1000 6983 4.29655 3.89496 1.4285 4.12192 
1000 6984 8.75107 6.44639 8.84429 3.35696 
1000 6985 4.97576 4.85783 6.1466 3.83489 
1000 6986 3.23353 7.58454 0.97325 7.28685 
1000 6987 9.76801 6.17866 6.54447 6.99065 
1000 6988 8.57301 10.5469 8.40484 3.70321 
1000 6989 2.92429 3.91664 1.66277 4.10247 
1000 6990 5.24668 4.72763 6.79052 2.94394 
1000 6991 3.99912 3.99991 0.502065 3.49957 
1000 6992 5.21311 5.65179 6.97936 7.55039 
1000 6993 1.74872 7.79034 5.07678 8.94879 
1000 6994 2.50384 5.89935 5.53562 1.70782 
1000 6995 4.53069 3.87903 1.22598 2.97778 
1000 6996 6.1427 7.39467 2.74309 7.16433 
1000 6997 2.02616 6.21951 6.70268 1.44995 
1000 6998 5.23122 5.05189 3.27764 2.13932 
1000 6999 4.74784 4.8034 2.50803 5.53948 
1000 7000 4.77289 3.92406 8.53365 8.88294 
1000 7001 4.42094 4.2547 1.92321 4.49465 
1000 7002 0.999899 0.999898 0.500112 1.50078 
1000 7003 8.29244 8.51071 1.19411 3.75181 
1000 7004 5.71764 4.48697 7.04797 3.22022 
1000 7005 4.79393 3.89049 8.19427 8.66511 
1000 7006 4.404 6.5249 2.98202 7.33141 
1000 7007 5.35512 8.50372 5.38755 7.37793 
1000 7008 5.12386 3.58912 0.755298 3.89293 
1000 7009 4.40903 4.76292 1.87033 2.68418 
1000 7010 4.00006 4.00003 0.500531 3.49922 
1000 7011 3.93574 4.035 0.975198 5.29346 
1000 7012 3.94934 4.17212 0.516523 3.72437 
1000 7013 5.87758 7.14147 0.769946 5.65838 
1000 7014 7.54393 2.21711 2.58307 3.44981 
1000 7015 3.10089 5.23635 3.04688 4.56742 
1000 7016 4.15938 8.07244 2.8515 6.15347 
1000 7017 5.84472 7.88036 5.83367 2.98668 
1000 7018 7.77541 3.71528 3.87513 4.88458 
1000 7019 8.02501 3.31179 3.6262 5.39323 
1000 7020 5.82188 4.65319 5.04412 9.40577 
1000 7021 4.33622 8.80985 3.8778 4.29771 
1000 7022 4.00085 3.99899 0.499939 3.49838 
1000 7023 5.65378 6.79835 2.74246 6.5452 
1000 7024 0.999122 0.999121 0.499692 1.50007 
1000 7025 5.76454 5.88047 2.59933 4.91265 
1000 7026 4.47353 5.22484 2.23566 5.63693 
1000 7027 4.12517 7.1641 1.91617 5.22251 
1000 7028 4.15007 3.88944 0.889529 3.79449 
1000 7029 4.13865 4.29095 1.64458 6.87436 
1000 7030 1.83098 5.26226 5.87219 3.52353 
1000 7031 6.64742 2.35478 2.96576 3.93126 
1000 7032 4.4516 6.33135 2.76842 6.98055 
1000 7033 10.0585 7.70313 7.38587 8.7733 
1000 7034 7.72495 2.54183 3.17549 10.1999 
1000 7035 2.60387 4.67379 4.48308 8.32871 
1000 7036 2.41883 9.88273 7.11441 5.24175 
1000 7037 6.1012 2.89335 5.12257 2.83072 
1000 7038 1.69823 5.3987 6.32027 3.60039 
1000 7039 4.16953 4.8771 2.87834 2.16748 
1000 7040 6.78549 9.26399 7.25045 6.33493 
1000 7041 4.05116 6.65041 1.41438 4.8357 
1000 7042 4.26898 6.67255 3.41069 8.23756 
1000 7043 5.45751 6.74389 7.17974 5.70883 
1000 7044 2.85935 3.9174 2.01282 4.14807 
1000 7045 4.96048 4.27854 4.80136 3.71047 
1000 7046 4.40213 5.56184 2.41374 2.52417 
1000 7047 5.62016 7.30733 2.18103 3.27118 
1000 7048 3.12187 4.39313 6.42904 4.99214 
1000 7049 4.33623 8.80983 3.87781 4.29767 
1000 7050 6.35909 3.63262 1.52202 4.22995 
1000 7051 4.06484 4.30049 1.73883 4.5887 
1000 7052 9.59081 8.34152 5.81953 9.10627 
1000 7053 6.60673 2.59763 0.908282 5.68347 
1000 7054 5.74569 2.72245 7.39151 2.00272 
1000 7055 6.49791 4.18131 1.70136 2.75361 
1000 7056 4.00022 3.99894 0.500792 3.49988 
1000 7057 6.86644 7.37292 3.42245 5.39349 
1000 7058 3.13864 5.20905 2.51803 2.50271 
1000 7059 8.40245 6.97895 4.90379 7.9499 
1000 7060 3.47625 6.79224 4.70324 1.93131 
1000 7061 4.139 4.29124 1.64488 6.87519 
1000 7062 6.64924 5.16155 6.8221 8.95844 
1000 7063 2.96421 5.29109 3.19416 4.50808 
1000 7064 3.53775 3.3486 5.22374 9.13993 
1000 7065 5.96729 7.1271 0.784848 5.56846 
1000 7066 9.18776 6.3174 4.99633 8.2319 
1000 7067 9.72687 7.71994 7.20707 8.65771 
1000 7068 3.17372 8.7226 6.33471 5.23494 
1000 7069 4.57731 6.58323 5.96003 3.61605 
1000 7070 7.45241 6.10017 3.21018 3.8103 
1000 7071 4.03577 4.00017 0.542694 3.4573 
1000 7072 6.0842 4.71976 0.628997 6.23398 
1000 7073 4.01608 3.99991 0.519 3.48123 
1000 7074 4.00202 4.21786 1.48233 6.51056 
1000 7075 3.80017 3.74198 2.39114 6.78683 
1000 7076 4.58874 6.98059 6.72733 3.79028 
1000 7077 4.42311 6.44692 2.88779 7.18994 
1000 7078 2.65612 4.6414 4.45728 8.26271 
1000 7079 8.32377 8.55267 1.19259 3.77798 
1000 7080 4.06244 4.30023 1.73939 4.58806 
1000 7081 3.99942 4.00099 0.499111 3.49888 
1000 7082 3.36254 7.84836 7.52889 1.49937 
1000 7083 6.86556 4.98323 7.29991 9.22186 
1000 7084 5.49763 4.30387 0.574928 5.11709 
1000 7085 4.02373 3.52932 7.9638 5.41983 
1000 7086 7.50947 7.60316 7.82488 4.71242 
1000 7087 3.6522 4.28001 1.37305 2.91259 
1000 7088 2.82852 3.91074 2.37601 4.20073 
1000 7089 3.93005 4.03966 1.00712 5.37451 
1000 7090 2.20933 1.28391 6.55189 9.01026 
1000 7091 8.25711 3.96382 1.93482 5.88241 
1000 7092 2.71178 9.40723 6.72114 5.2976 
1000 7093 3.43105 6.57394 4.40256 2.02444 
1000 7094 6.58854 7.88124 2.7462 8.10597 
1000 7095 3.80866 6.45189 0.754251 5.8023 
1000 7096 4.12518 4.23445 1.65727 6.85957 
1000 7097 4.73787 7.69585 1.27674 3.09383 
1000 7098 3.28304 5.14944 2.85675 4.64167 
1000 7099 7.88129 6.57893 3.51861 3.82297 
1000 7100 2.41933 4.08447 6.817 9.6417 
1000 7101 3.99986 4.00047 0.50146 3.50026 
1000 7102 6.9909 2.21613 5.41045 7.97004 
1000 7103 4.32637 6.83713 3.47525 7.67397 
1000 7104 9.58635 5.49524 5.71236 8.78388 
1000 7105 3.8491 3.31884 0.610169 6.27872 
1000 7106 6.09513 5.51925 1.4934 2.60134 
1000 7107 6.69136 7.91983 2.96842 7.06661 
1000 7108 4.73472 7.35037 4.70118 10.2495 
1000 7109 2.43015 8.3309 7.791 8.5163 
1000 7110 6.68055 4.22065 1.76824 2.69119 
1000 7111 7.43762 8.32781 1.52055 5.92655 
1000 7112 5.94719 7.70682 2.38612 3.1191 
1000 7113 7.3132 12.2552 12.9769 11.6041 
1000 7114 1.49666 9.02856 9.06737 8.24127 
1000 7115 5.86964 7.37655 0.782562 5.93306 
1000 7116 6.40903 6.70346 3.0376 5.14536 
1000 7117 8.86325 7.39374 1.39474 7.48816 
1000 7118 6.54276 3.59545 1.64082 4.29284 
1000 7119 7.14423 7.70229 5.63172 2.69743 
1000 7120 8.97787 6.1652 4.75329 7.87581 
1000 7121 3.29259 4.10372 6.82035 5.18042 
1000 7122 5.17931 4.59016 6.32221 3.16823 
1000 7123 3.86739 7.1863 1.80548 4.80552 
1000 7124 5.27387 6.63857 4.88712 4.45817 
1000 7125 1.92075 6.06185 6.98031 3.75787 
1000 7126 9.72899 7.72293 7.20242 8.65946 
1000 7127 4.84999 3.94377 1.04139 3.25501 
1000 7128 8.35871 3.86251 1.25674 9.21322 
1000 7129 9.08448 9.41486 2.63845 5.76978 
1000 7130 8.34657 8.3949 8.7077 5.27838 
1000 7131 3.99944 3.99904 0.500566 3.49956 
1000 7132 4.46558 3.99268 2.27573 7.99357 
1000 7133 8.30142 3.25457 1.63039 8.39384 
1000 7134 4.33403 4.4906 1.77232 7.30717 
1000 7135 2.05796 7.49414 8.52557 4.25444 
1000 7136 4.0014 3.99979 0.501689 3.49975 
1000 7137 2.89616 2.8832 1.352 7.39613 
1000 7138 8.92816 9.30656 2.5143 5.78154 
1000 7139 4.37848 5.78339 3.88298 4.594 
1000 7140 5.75233 3.43862 1.12474 3.97899 
1000 7141 7.63442 3.70646 4.00858 2.36624 
1000 7142 8.03329 4.97023 7.47326 5.33805 
1000 7143 6.4477 4.3274 8.10957 3.32234 
1000 7144 7.66124 6.21146 1.08123 2.5097 
1000 7145 6.74855 1.80659 6.83447 3.73348 
1000 7146 8.57898 3.28505 2.72671 4.1861 
1000 7147 2.86385 4.91863 7.14791 5.13225 
1000 7148 4.12307 7.63798 4.77709 8.25445 
1000 7149 9.36059 5.36748 1.49662 7.60797 
1000 7150 6.63473 4.35411 2.06244 4.48905 
1000 7151 7.83434 8.64804 1.87201 6.2039 
1000 7152 4.37592 6.58123 3.08373 7.49937 
1000 7153 6.89353 6.04084 0.863762 3.28289 
1000 7154 4.40472 3.85344 0.559722 3.63754 
1000 7155 6.8349 1.74808 7.12852 3.79677 
1000 7156 5.38212 3.59431 0.742335 3.8581 
1000 7157 6.91683 2.63336 0.983191 5.99947 
1000 7158 7.91857 3.74958 6.62932 5.00006 
1000 7159 4.85015 1.48504 7.85772 7.83792 
1000 7160 2.08185 7.58827 6.87426 7.2987 
1000 7161 6.30578 7.26689 2.03579 4.04761 
1000 7162 8.54524 4.87303 5.52039 8.75554 
1000 7163 3.9361 4.03538 0.975045 5.29285 
1000 7164 9.18803 2.20922 4.50027 8.39061 
1000 7165 4.00089 4.00002 0.50049 3.50078 
1000 7166 3.3759 4.02766 8.10914 5.79513 
1000 7167 7.09125 4.8401 4.12952 7.9454 
1000 7168 3.18404 7.67567 0.987289 7.38902 
1000 7169 5.06691 3.91417 3.90578 3.74282 
1000 7170 6.64265 9.59262 0.888664 7.90739 
1000 7171 3.91386 6.23709 0.75227 5.41193 
1000 7172 7.64271 5.39407 1.60311 5.18003 
1000 7173 4.51625 5.38239 2.38493 5.75532 
1000 7174 8.98094 3.21175 7.10727 7.61179 
1000 7175 6.412 7.46101 5.06537 2.56119 
1000 7176 6.78548 3.82264 5.11527 3.94707 
1000 7177 6.64326 5.17449 6.80018 8.95057 
1000 7178 9.05889 6.27434 6.01459 6.70785 
1000 7179 3.87272 4.03274 1.32651 5.48296 
1000 7180 8.11124 6.35231 5.51418 6.6492 
1000 7181 3.85997 3.97755 0.703772 5.01181 
1000 7182 3.33083 5.12402 2.80766 4.65991 
1000 7183 4.4209 5.94987 2.6558 2.47939 
1000 7184 8.20434 3.36712 7.54594 1.23169 
1000 7185 0.99974 1.00158 0.500482 1.5002 
1000 7186 2.7446 4.58728 4.47089 8.17014 
1000 7187 7.38038 1.64019 7.13946 8.77275 
1000 7188 3.29482 7.06285 4.80695 5.08174 
1000 7189 3.93632 4.035 0.974647 5.29327 
1000 7190 9.17805 3.16372 7.42246 7.78392 
1000 7191 8.13536 8.84008 4.69202 3.75209 
1000 7192 0.999289 1.0001 0.499772 1.5005 
1000 7193 3.23973 8.42583 6.1118 5.25029 
1000 7194 4.63361 4.97352 1.83589 7.92456 
1000 7195 3.47122 4.42662 1.60062 2.78126 
1000 7196 7.64418 5.39507 1.60202 5.17798 
1000 7197 7.7445 6.16126 0.95589 3.38998 
1000 7198 5.55939 5.48183 0.689389 3.61372 
1000 7199 4.55484 5.45854 0.66512 3.54718 
1000 7200 3.90476 4.01358 1.31576 5.47792 
1000 7201 9.31192 6.21426 4.84696 2.37302 
1000 7202 2.25814 4.84775 5.52282 6.83966 
1000 7203 4.4734 5.22462 2.23598 5.63596 
1000 7204 1.46819 1.03133 2.85603 1.18782 
1000 7205 4.59013 9.39916 6.45083 3.78928 
1000 7206 8.37431 2.41098 7.80845 4.77645 
1000 7207 3.8475 2.97854 2.35163 7.01683 
1000 7208 1.41652 2.113 7.44913 1.09242 
1000 7209 7.67558 4.93146 7.12406 5.30612 
1000 7210 4.16604 3.86178 0.593684 3.56588 
1000 7211 6.72826 2.21781 1.35457 7.10607 
1000 7212 9.86219 8.73825 4.27462 4.63639 
1000 7213 3.99982 4.00006 0.50082 3.49988 
1000 7214 4.46755 8.58296 0.902422 3.80977 
1000 7215 4.60939 9.68692 4.47015 2.09233 
1000 7216 3.91145 4.09311 0.612956 4.32661 
1000 7217 4.40941 3.85548 0.559038 3.64117 
1000 7218 3.55649 3.84011 7.39189 5.31212 
1000 7219 7.13541 5.74157 2.95668 3.7569 
1000 7220 2.24136 6.56905 1.07601 4.10984 
1000 7221 3.99882 4.00015 0.499902 3.501 
1000 7222 6.00913 5.48845 1.46872 2.61624 
1000 7223 5.99812 8.45236 0.86595 6.91043 
1000 7224 2.42127 5.84866 2.56895 2.43933 
1000 7225 6.7279 2.21804 1.35348 7.103 
1000 7226 7.65088 5.40175 1.60252 5.17565 
1000 7227 4.19361 3.86122 1.02285 3.88122 
1000 7228 3.99878 4.00092 0.501797 3.50074 
1000 7229 6.73047 8.01154 2.74015 8.40995 
1000 7230 4.53909 4.8069 1.80811 7.70855 
1000 7231 3.50384 5.11193 2.43191 4.97005 
1000 7232 4.92803 5.41268 1.79811 8.42031 
1000 7233 4.37402 4.21972 1.21687 2.95873 
1000 7234 3.13842 5.21463 2.53891 2.49894 
1000 7235 3.99972 3.9994 0.50091 3.49988 
1000 7236 3.15797 5.20982 2.98565 4.5898 
1000 7237 4.00001 4.00012 0.499728 3.49815 
1000 7238 4.53739 3.81605 0.57461 3.68941 
1000 7239 4.0011 3.99959 0.501239 3.49884 
1000 7240 5.22894 5.54046 6.79333 7.48284 
1000 7241 5.4764 2.69149 5.79874 5.81716 
1000 7242 4.41345 6.00361 2.67935 2.47187 
1000 7243 3.43162 4.1909 3.8099 7.47975 
1000 7244 2.92284 6.27912 2.95858 7.0919 
1000 7245 6.99502 4.29191 1.89657 2.60837 
1000 7246 2.38443 4.71274 4.60703 8.59739 
1000 7247 2.60487 6.23637 2.50119 5.77665 
1000 7248 8.67399 3.61375 7.45744 5.08644 
1000 7249 9.53735 7.60242 4.67078 2.58476 
1000 7250 4.33636 8.81073 3.87901 4.2989 
1000 7251 6.31125 4.95724 3.24559 8.08919 
1000 7252 4.00631 8.38715 3.0053 6.4868 
1000 7253 9.41866 7.12457 8.83831 8.77519 
1000 7254 4.03418 10.6627 9.20665 9.99895 
1000 7255 4.64114 3.90561 1.46723 3.12126 
1000 7256 9.52752 4.66131 2.58998 6.86347 
1000 7257 4.56739 3.13225 3.12201 4.58346 
1000 7258 5.60586 4.71768 3.12511 6.92387 
1000 7259 2.97234 6.10637 2.9312 6.70899 
1000 7260 2.18912 7.49867 4.8733 8.73466 
1000 7261 9.59576 1.06065 7.25919 6.62278 
1000 7262 2.34372 4.6997 4.63728 8.64737 
1000 7263 2.17081 1.21491 7.02629 9.50314 
1000 7264 9.49964 3.04656 1.83 8.67895 
1000 7265 7.967 6.8477 3.67169 3.79134 
1000 7266 5.49862 7.22573 4.71723 2.81513 
1000 7267 7.29549 1.76713 1.29363 8.23377 
1000 7268 2.52409 3.94519 6.22784 2.20223 
1000 7269 4.93419 3.82265 7.60969 8.20335 
1000 7270 1.91824 3.95285 7.17021 1.9881 
1000 7271 8.39732 7.15951 3.87339 3.96025 
1000 7272 8.33127 6.78905 3.65547 1.99027 
1000 7273 2.59167 6.96285 1.57597 2.44592 
1000 7274 4.40736 4.48459 1.56236 2.80044 
1000 7275 4.1708 8.20791 3.28221 6.12562 
1000 7276 3.25367 5.71845 3.45453 2.30348 
1000 7277 1.68932 9.6021 7.86901 2.68835 
1000 7278 4.13864 4.29093 1.64457 6.87434 
1000 7279 3.7659 4.04869 0.600385 3.67745 
1000 7280 5.62051 7.30256 2.18166 3.26499 
1000 7281 5.59942 3.47617 1.01945 3.96299 
1000 7282 8.8601 1.78921 3.52248 3.45142 
1000 7283 6.00237 2.85708 5.6779 2.63235 
1000 7284 0.999622 0.999995 0.499995 1.50065 
1000 7285 3.04667 4.65051 1.16315 7.22596 
1000 7286 5.00782 2.58589 4.8285 5.26916 
1000 7287 2.56254 8.53552 6.20502 2.08363 
1000 7288 7.03429 8.43545 2.61059 9.17716 
1000 7289 6.14009 5.37911 2.90053 5.51229 
1000 7290 3.16904 5.30085 3.0527 4.61702 
1000 7291 4.24823 7.70777 5.01737 8.74838 
1000 7292 8.06773 3.76064 6.81186 5.03397 
1000 7293 4.55617 6.79905 2.88818 7.66873 
1000 7294 5.87135 7.44288 0.787571 6.00134 
1000 7295 5.311 7.5023 4.66689 6.91061 
1000 7296 3.99965 4.00076 0.500706 3.50097 
1000 7297 4.21687 3.85653 1.10298 3.92732 
1000 7298 5.64137 6.52797 0.706086 5.05879 
1000 7299 1.00847 0.910483 1.61712 1.48289 
1000 7300 8.78354 7.64707 4.01394 1.98747 
1000 7301 4.40233 3.95626 0.795885 3.38707 
1000 7302 5.34296 3.98145 1.26789 3.09515 
1000 7303 5.57652 5.15574 2.51612 5.08214 
1000 7304 6.82151 4.41697 2.11059 4.61268 
1000 7305 6.75288 2.18663 1.45232 7.37606 
1000 7306 4.61535 3.91432 1.41661 3.11408 
1000 7307 2.71406 4.62126 4.41681 8.19648 
1000 7308 5.69031 4.80459 5.47661 9.74927 
1000 7309 8.45141 9.61878 5.18011 3.89843 
1000 7310 6.96886 6.18733 8.33356 2.98143 
1000 7311 7.82255 3.5577 5.78103 3.62328 
1000 7312 6.7722 4.21306 0.867222 8.52762 
1000 7313 5.93982 5.46696 7.19564 7.64337 
1000 7314 3.99964 3.99903 0.500596 3.50048 
1000 7315 4.88939 1.75881 5.63718 6.16732 
1000 7316 3.90681 4.01127 1.31339 5.47923 
1000 7317 3.17373 4.20672 6.01401 4.9192 
1000 7318 7.49613 6.14679 3.23894 3.81388 
1000 7319 5.58592 7.40152 4.60243 7.03484 
1000 7320 7.86462 3.03793 5.37693 5.31593 
1000 7321 7.72299 2.54069 3.17292 10.198 
1000 7322 4.99408 4.38377 5.27116 3.58029 
1000 7323 0.866633 1.071 2.62095 1.83816 
1000 7324 3.85585 3.31843 0.612497 6.28126 
1000 7325 5.37839 6.50076 2.74744 6.3355 
1000 7326 0.999763 1.00141 0.500215 1.50058 
1000 7327 6.69779 1.83985 6.65733 3.67151 
1000 7328 6.35782 3.63273 1.52301 4.23004 
1000 7329 2.42369 4.01918 6.94065 2.23022 
1000 7330 4.24166 7.62502 3.43822 3.3849 
1000 7331 8.47327 2.7594 6.14643 6.73942 
1000 7332 3.23713 5.56349 3.15266 2.37227 
1000 7333 8.79661 4.96884 8.22487 5.43398 
1000 7334 2.84067 3.78937 3.29421 4.29778 
1000 7335 2.31532 2.18589 3.69062 8.88707 
1000 7336 3.18125 4.18435 6.00085 4.92337 
1000 7337 6.08834 8.72669 0.872741 7.14355 
1000 7338 3.98727 5.2544 0.615844 4.3486 
1000 7339 3.74152 3.81124 2.80472 7.00046 
1000 7340 3.78698 5.49986 1.41215 8.19561 
1000 7341 9.43898 6.71393 8.91455 6.56141 
1000 7342 3.8884 4.67611 2.2392 4.75165 
1000 7343 3.96081 4.06975 0.515695 3.66315 
1000 7344 7.83429 8.64753 1.87134 6.20332 
1000 7345 3.14654 4.04094 5.55023 4.81589 
1000 7346 4.70546 4.79069 2.46706 5.45539 
1000 7347 8.04304 6.3027 5.42519 6.53392 
1000 7348 6.60978 7.04372 3.19253 5.24705 
1000 7349 7.02441 4.49858 2.12308 4.76157 
1000 7350 4.00047 3.99951 0.500541 3.49885 
1000 7351 3.88218 5.00668 2.74608 4.69464 
1000 7352 3.20959 4.00621 1.01442 3.92951 
1000 7353 2.8372 3.91998 2.20291 4.18467 
1000 7354 2.95439 4.71639 6.90733 5.056 
1000 7355 6.41308 4.32602 1.97757 4.40114 
1000 7356 5.78035 3.62993 3.2784 3.04491 
1000 7357 3.17809 4.36283 4.0809 7.69392 
1000 7358 3.91292 4.09382 0.607581 4.29684 
1000 7359 6.60937 2.23698 1.14164 6.45604 
1000 7360 8.04318 6.30245 5.42552 6.5327 
1000 7361 7.08463 3.50002 5.9462 1.81559 
1000 7362 4.55151 5.59619 2.53206 5.90115 
1000 7363 7.37118 1.63781 7.137 8.77232 
1000 7364 3.94042 4.41951 0.521991 3.84039 
1000 7365 8.81654 3.21438 6.84449 3.07568 
1000 7366 5.10353 4.50034 5.91379 3.34119 
1000 7367 9.29186 9.6934 2.90467 6.07306 
1000 7368 2.09862 6.66422 7.52804 3.8834 
1000 7369 2.37771 3.97332 6.65023 2.19611 
1000 7370 3.46146 9.10693 6.78968 5.21751 
1000 7371 2.71186 2.74189 1.63435 7.73173 
1000 7372 6.38348 2.20836 2.88381 7.10588 
1000 7373 3.1293 5.12559 2.35151 2.53271 
1000 7374 5.19014 3.46914 0.741044 4.05981 
1000 7375 5.01548 3.62098 0.706939 3.87029 
1000 7376 4.35949 6.68512 3.22782 7.52981 
1000 7377 2.74502 4.60095 4.4019 8.15903 
1000 7378 4.66495 7.02376 2.88338 7.97258 
1000 7379 6.85267 3.49871 5.54824 2.00803 
1000 7380 4.06176 4.0005 0.574537 3.42508 
1000 7381 6.07708 7.2607 0.823174 5.63255 
1000 7382 5.11555 9.33881 8.80637 7.23428 
1000 7383 5.29106 5.68245 0.658575 4.11932 
1000 7384 3.14883 5.7911 3.84359 2.20628 
1000 7385 6.79227 7.33482 3.35128 5.35811 
1000 7386 5.54152 8.95239 5.75891 7.51785 
1000 7387 4.44902 7.49712 7.79282 3.8634 
1000 7388 8.48545 3.07164 6.52171 7.09648 
1000 7389 3.70756 4.24101 1.29116 2.964 
1000 7390 2.24927 5.42652 6.37421 7.24083 
1000 7391 4.55878 6.83186 1.01464 3.3771 
1000 7392 1.44215 2.98016 7.8536 6.08478 
1000 7393 3.99507 4.03594 0.602014 3.42817 
1000 7394 6.64858 4.21314 1.75524 2.70001 
1000 7395 7.70819 7.76615 6.43629 3.50894 
1000 7396 8.85618 5.45534 5.26091 4.69531 
1000 7397 4.28841 6.78514 3.73904 8.92494 
1000 7398 7.69629 3.7847 4.18442 2.35235 
1000 7399 3.84888 3.31461 0.621818 6.30202 
1000 7400 5.0517 5.06605 2.94145 2.28624 
1000 7401 3.27532 4.3019 3.97876 7.60293 
1000 7402 3.4913 4.14099 3.66632 7.37802 
1000 7403 8.32628 3.7698 7.0686 5.04957 
1000 7404 4.42053 4.25363 1.92229 4.49371 
1000 7405 7.15092 8.13173 3.67605 5.72532 
1000 7406 8.80179 4.84596 1.42317 6.89665 
1000 7407 5.86152 4.5263 4.50576 8.96705 
1000 7408 8.24236 4.54323 1.97112 5.24873 
1000 7409 3.57806 9.47997 7.24336 5.2131 
1000 7410 7.6316 2.10307 6.16707 8.48135 
1000 7411 8.58976 2.67245 6.27504 6.84893 
1000 7412 6.56983 2.38072 4.13438 7.09725 
1000 7413 4.97585 4.77288 2.2269 4.74112 
1000 7414 3.85614 3.91426 1.58212 6.0509 
1000 7415 3.39137 7.83434 1.09033 7.35437 
1000 7416 7.50269 9.04942 6.18208 3.38889 
1000 7417 7.82813 5.82173 4.25266 6.91211 
1000 7418 7.95557 5.63415 1.69894 5.51914 
1000 7419 9.00199 4.54051 6.6303 9.82432 
1000 7420 2.68527 1.0636 5.06358 1.16877 
1000 7421 6.41097 4.32636 1.97652 4.40257 
1000 7422 4.115 3.9254 0.712581 3.67053 
1000 7423 8.25722 8.39953 1.17929 3.57811 
1000 7424 6.52644 5.0485 6.1579 3.47936 
1000 7425 0.99961 1.00001 0.499994 1.50064 
1000 7426 4.66072 3.89916 1.50675 3.1277 
1000 7427 3.52592 6.98202 0.834093 6.58895 
1000 7428 7.83429 8.6478 1.87171 6.20366 
1000 7429 9.76188 5.89539 9.00431 5.9655 
1000 7430 5.37732 6.05313 8.09481 8.22455 
1000 7431 4.00076 3.99841 0.500359 3.49882 
1000 7432 6.78361 4.3586 5.60145 4.5325 
1000 7433 2.86156 3.70344 3.83998 4.39002 
1000 7434 1.70991 5.29277 6.12877 3.55996 
1000 7435 4.46574 9.16775 4.22948 4.37523 
1000 7436 4.25561 7.38545 4.67434 8.39708 
1000 7437 6.50389 2.92961 1.94937 3.74166 
1000 7438 6.8074 2.61444 0.956586 5.89474 
1000 7439 4.40846 6.01696 2.68357 2.46985 
1000 7440 3.61882 4.30417 1.41995 2.88378 
1000 7441 3.12299 5.64681 2.66853 5.6591 
1000 7442 4.2219 9.01337 5.79142 9.15652 
1000 7443 4.00016 3.99953 0.50071 3.49812 
1000 7444 4.40339 3.95714 0.797715 3.38743 
1000 7445 4.11302 3.92183 0.712925 3.6687 
1000 7446 2.43668 8.60739 8.00698 8.9462 
1000 7447 1.96116 6.17674 7.0884 3.78388 
1000 7448 4.56262 5.24509 0.616583 3.57808 
1000 7449 3.4737 3.90038 7.70505 5.4772 
1000 7450 5.85562 5.59299 0.728097 3.54247 
1000 7451 4.03008 5.59631 0.711646 4.57031 
1000 7452 2.47727 4.68299 4.55938 8.47749 
1000 7453 3.81994 3.73677 2.2353 6.69297 
1000 7454 4.26008 4.85199 2.79698 2.20408 
1000 7455 2.53956 2.62255 1.91759 7.92524 
1000 7456 7.67363 2.72046 1.16027 6.64956 
1000 7457 2.7977 4.32606 7.92592 2.45518 
1000 7458 2.4385 8.43268 0.887525 8.61465 
1000 7459 6.66725 2.36677 4.22533 7.16669 
1000 7460 8.74397 4.83518 5.88722 9.08386 
1000 7461 4.34814 4.52194 0.511435 3.58024 
1000 7462 4.96542 6.77782 3.20967 2.1404 
1000 7463 5.14954 5.09218 7.07525 4.1225 
1000 7464 3.9293 4.08865 0.563846 4.01934 
1000 7465 7.67218 2.02889 3.25407 5.14 
1000 7466 4.04381 8.61847 3.32721 2.0246 
1000 7467 2.57506 3.34626 1.98391 4.3175 
1000 7468 4.08661 6.08356 0.978834 4.76295 
1000 7469 4.28621 4.42743 1.75236 7.20888 
1000 7470 2.14701 6.94843 7.78005 3.94082 
1000 7471 6.3993 4.16101 1.6594 2.77217 
1000 7472 8.09384 8.75721 1.95367 6.04906 
1000 7473 4.93414 3.82266 7.60985 8.2035 
1000 7474 3.78718 5.50437 1.41298 8.19437 
1000 7475 3.33876 3.15477 0.884075 6.77499 
1000 7476 7.3612 1.61415 4.77766 4.29763 
1000 7477 4.504 9.30835 5.22974 4.10139 
1000 7478 4.49668 6.03437 2.60267 6.51688 
1000 7479 3.08785 5.24234 3.06273 4.56358 
1000 7480 4.86659 3.84879 7.88279 8.41909 
1000 7481 8.25623 3.96384 1.93324 5.88473 
1000 7482 3.03317 5.59913 1.78514 2.53579 
1000 7483 3.19291 8.65722 2.80742 4.68561 
1000 7484 9.17417 2.30732 6.80879 7.25483 
1000 7485 9.25962 3.32255 8.15183 5.06804 
1000 7486 6.35037 7.5621 0.936223 5.75288 
1000 7487 4.2602 7.45024 3.38704 3.25932 
1000 7488 7.94378 3.16298 5.55886 5.94089 
1000 7489 6.80052 9.17326 7.30679 6.54052 
1000 7490 4.06421 4.29921 1.74213 4.58591 
1000 7491 3.72047 8.7516 6.07512 8.36112 
1000 7492 1.07401 0.897704 1.84138 1.4371 
1000 7493 1.93429 2.08517 7.66515 6.29155 
1000 7494 7.07304 7.58326 3.63332 5.52451 
1000 7495 2.24925 1.11112 7.07788 9.4986 
1000 7496 6.61201 2.67769 0.760078 1.73486 
1000 7497 7.5526 8.84491 3.28734 2.42535 
1000 7498 8.53893 5.39012 8.20104 2.90387 
1000 7499 3.45926 4.17024 3.73436 7.41917 
1000 7500 0.987254 0.993543 0.596469 1.50412 
1000 7501 3.20887 4.52162 1.20443 7.03585 
1000 7502 3.36246 6.1051 3.89369 2.17986 
1000 7503 3.86971 4.00441 0.695188 4.91507 
1000 7504 3.98942 4.01332 0.503896 3.53677 
1000 7505 6.41055 4.32632 1.97709 4.40293 
1000 7506 6.95153 5.6786 3.60954 6.10414 
1000 7507 7.4725 9.02266 3.94781 6.15516 
1000 7508 5.89097 7.81061 0.826523 6.36533 
1000 7509 6.32726 4.12062 0.777574 7.13996 
1000 7510 4.50859 3.95878 1.22955 3.11304 
1000 7511 6.81891 2.1195 1.44849 7.55338 
1000 7512 6.74739 2.19576 1.42773 7.30949 
1000 7513 4.60801 8.99569 8.20577 6.87679 
1000 7514 4.05124 4.0004 0.561534 3.43813 
1000 7515 6.86273 3.47103 2.15526 4.50305 
1000 7516 7.76873 6.18564 2.94446 1.95347 
1000 7517 0.940123 0.938013 1.6723 1.55041 
1000 7518 6.40754 7.59963 2.28536 4.11503 
1000 7519 5.92135 7.9344 5.98687 3.01153 
1000 7520 6.66368 4.16746 0.837396 8.34949 
1000 7521 3.99888 3.9998 0.498491 3.50115 
1000 7522 8.86146 2.41438 8.45498 4.4107 
1000 7523 9.70927 3.73748 3.53465 4.00672 
1000 7524 4.56835 5.55849 2.55778 5.82529 
1000 7525 8.32904 8.5594 1.20388 3.77592 
1000 7526 4.40652 4.44818 1.52161 2.81784 
1000 7527 9.949 9.44975 7.00507 7.20293 
1000 7528 3.68011 8.95912 1.13962 8.98602 
1000 7529 4.48368 4.83256 2.07654 2.59671 
1000 7530 8.61269 8.92469 2.87105 10.2204 
1000 7531 4.75833 7.21837 2.89701 8.25264 
1000 7532 12.6025 11.0527 11.9998 10.8463 
1000 7533 4.30302 2.66658 5.01301 8.18581 
1000 7534 2.70813 3.28222 1.90235 4.44057 
1000 7535 0.999031 0.999124 0.499054 1.49869 
1000 7536 4.20064 3.75599 0.679597 3.58604 
1000 7537 8.50531 2.10153 1.31012 7.38679 
1000 7538 1.69284 3.77392 2.47506 5.82926 
1000 7539 7.89995 6.79274 6.20107 7.47092 
1000 7540 4.22842 3.90454 0.543964 3.57719 
1000 7541 7.34083 5.98322 3.12788 3.79877 
1000 7542 8.99491 8.40843 7.49652 4.2764 
1000 7543 4.48471 6.18189 2.80377 2.4254 
1000 7544 5.7639 3.43444 1.13365 3.97933 
1000 7545 3.60071 8.62638 4.09104 6.56951 
1000 7546 4.55768 3.15427 3.06728 4.56744 
1000 7547 7.42991 5.60653 7.50761 9.77079 
1000 7548 7.88088 6.578 3.51806 3.82307 
1000 7549 6.47332 3.46193 5.01725 2.3109 
1000 7550 4.21186 3.99684 0.766142 3.24488 
1000 7551 7.76714 8.61593 1.07509 2.67052 
1000 7552 2.30103 3.71447 1.78033 4.83447 
1000 7553 2.92782 1.14473 5.2766 1.23087 
1000 7554 3.99869 4.00041 0.500419 3.50075 
1000 7555 7.80972 9.03089 3.39282 2.37238 
1000 7556 6.6265 5.76054 1.79826 2.34334 
1000 7557 6.84015 4.41504 5.72281 4.61823 
1000 7558 6.11236 6.31245 2.82002 5.03191 
1000 7559 6.49205 3.89738 4.93323 3.98746 
1000 7560 5.06276 4.84928 2.26211 4.7716 
1000 7561 6.20249 5.72873 0.772721 3.44597 
1000 7562 2.84084 3.78215 3.32969 4.30144 
1000 7563 3.58728 5.02071 2.42493 4.89859 
1000 7564 7.89909 3.55552 5.83014 3.60258 
1000 7565 9.10833 5.94704 4.59427 2.03646 
1000 7566 4.90908 6.01331 2.7531 6.02831 
1000 7567 3.83585 3.74533 2.08873 6.59402 
1000 7568 2.53772 7.11714 1.55948 2.4403 
1000 7569 4.59724 6.76519 6.28641 3.68557 
1000 7570 4.0291 4.97729 3.83161 1.79051 
1000 7571 1.5816 1.20832 3.30622 1.07715 
1000 7572 3.52655 6.98071 0.833814 6.58729 
1000 7573 6.34041 4.88419 5.81649 3.56411 
1000 7574 5.36641 5.15526 3.47431 2.09452 
1000 7575 3.60409 3.65056 4.83619 8.77138 
1000 7576 6.47811 2.2005 1.02627 6.07222 
1000 7577 3.86978 4.00461 0.695151 4.91444 
1000 7578 2.66976 3.89517 5.6199 2.15741 
1000 7579 2.7947 5.34314 3.37314 4.41784 
1000 7580 8.33157 6.44815 5.82587 6.76111 
1000 7581 4.3046 3.89883 1.46451 4.13814 
1000 7582 3.99999 3.99961 0.499937 3.50045 
1000 7583 4.34224 6.78741 3.40433 7.64424 
1000 7584 3.91252 4.22414 1.41617 6.44623 
1000 7585 1.89013 8.10624 7.73952 7.65438 
1000 7586 2.31453 7.9693 7.22661 8.00363 
1000 7587 7.32819 8.75402 5.92763 3.13339 
1000 7588 8.19603 9.09398 4.81726 3.79323 
1000 7589 1.00128 1.00142 0.500236 1.50043 
1000 7590 4.60753 4.9019 5.36055 7.3558 
1000 7591 4.00145 3.99945 0.499542 3.499 
1000 7592 3.23017 9.75166 3.80292 7.70086 
1000 7593 6.02321 5.33654 2.80419 5.41943 
1000 7594 4.07734 6.41718 1.22574 4.80626 
1000 7595 6.98274 8.47596 2.98253 2.60674 
1000 7596 8.56257 2.41477 8.07904 4.64485 
1000 7597 4.00017 3.99968 0.499571 3.50001 
1000 7598 7.32658 7.75151 3.90988 5.6781 
1000 7599 3.65913 5.01699 5.05008 1.46525 
1000 7600 3.14851 4.03543 5.53558 4.81527 
1000 7601 4.55626 5.13484 0.594589 3.59113 
1000 7602 5.73258 9.40644 6.04539 7.75294 
1000 7603 8.40472 2.41582 7.85226 4.75039 
1000 7604 8.52243 8.96278 1.20368 4.09328 
1000 7605 3.9057 4.01145 1.314 5.47986 
1000 7606 4.00111 3.9998 0.500746 3.49942 
1000 7607 9.4376 4.67223 2.55384 6.8559 
1000 7608 4.46032 4.3692 2.01564 4.59833 
1000 7609 3.89133 10.0607 8.12247 9.43647 
1000 7610 5.85898 3.39442 1.21646 3.97773 
1000 7611 3.86376 4.00165 1.40118 5.71159 
1000 7612 1.61069 1.73287 5.67424 0.875429 
1000 7613 3.9566 2.75442 2.41548 2.8018 
1000 7614 5.85049 7.59481 2.32931 3.16757 
1000 7615 6.62045 5.76922 1.79746 2.34618 
1000 7616 4.78062 3.6785 1.408 2.69973 
1000 7617 3.41179 4.20856 3.8209 7.47763 
1000 7618 4.60653 9.41883 6.88272 3.657 
1000 7619 3.19599 7.65113 0.980799 7.36428 
1000 7620 9.16719 9.05137 10.0491 6.33912 
1000 7621 7.37202 1.63841 7.13853 8.77226 
1000 7622 5.87092 3.56593 3.61553 2.98164 
1000 7623 3.53847 3.60314 4.8268 8.76843 
1000 7624 4.29503 3.3973 1.17685 3.70292 
1000 7625 2.71491 8.3131 5.99387 2.01644 
1000 7626 7.53216 7.61234 7.87719 4.73066 
1000 7627 4.11409 3.92387 0.712926 3.66973 
1000 7628 4.69621 6.00818 3.06245 5.99871 
1000 7629 8.05049 2.99031 1.46065 7.41913 
1000 7630 1.72822 6.80942 8.85369 8.20211 
1000 7631 4.20448 4.34252 0.499934 3.54298 
1000 7632 5.48742 6.15669 0.686232 4.6494 
1000 7633 6.59627 7.89311 2.74237 8.13081 
1000 7634 3.42348 3.96316 7.16084 5.26728 
1000 7635 5.81206 3.00106 1.77777 5.34762 
1000 7636 5.42891 8.23443 5.59975 10.6161 
1000 7637 2.37887 7.04099 5.85834 6.89831 
1000 7638 2.89238 3.9107 1.8238 4.1271 
1000 7639 3.29501 7.29759 5.08166 1.89612 
1000 7640 4.09253 3.93442 0.731395 3.6672 
1000 7641 3.48602 7.05713 0.84889 6.68795 
1000 7642 6.55853 10.1469 6.03374 8.61909 
1000 7643 5.22534 3.56225 0.805055 3.91069 
1000 7644 8.61448 4.69538 1.44074 6.63371 
1000 7645 4.32538 4.47849 1.76943 7.2898 
1000 7646 6.38138 3.62802 1.53518 4.23875 
1000 7647 2.5656 5.12021 1.04133 7.87891 
1000 7648 8.92407 9.14478 1.96505 6.24269 
1000 7649 4.67991 2.00124 8.63772 8.11126 
1000 7650 6.12744 7.29806 4.88233 2.61515 
1000 7651 6.43778 5.82277 0.803151 3.38006 
1000 7652 2.11432 6.75954 8.88012 8.78887 
1000 7653 2.18818 7.17858 8.01881 4.03887 
1000 7654 5.51972 6.93206 8.46621 6.02721 
1000 7655 6.43645 5.82214 0.802968 3.3804 
1000 7656 8.43308 6.8638 3.73192 2.11286 
1000 7657 4.21271 4.33905 1.71297 7.05212 
1000 7658 4.67954 4.94409 5.47364 7.35967 
1000 7659 7.65408 5.40283 1.60063 5.17085 
1000 7660 5.4933 6.7674 6.92231 5.78425 
1000 7661 7.91835 3.75101 6.62986 5.00096 
1000 7662 5.93751 3.52422 3.82002 2.93392 
1000 7663 5.75538 3.43752 1.12717 3.97904 
1000 7664 6.21024 4.89319 3.24888 7.94999 
1000 7665 3.5185 4.11258 3.60423 7.34619 
1000 7666 1.50296 1.04905 2.93489 1.17108 
1000 7667 5.63778 3.05307 0.803618 4.62688 
1000 7668 2.16665 1.56362 5.92169 8.4405 
1000 7669 9.43778 4.67143 2.55294 6.85595 
1000 7670 3.88276 4.35752 4.19619 7.28389 
1000 7671 5.01472 4.4214 5.4643 3.51078 
1000 7672 8.98305 2.66732 4.75419 8.78969 
1000 7673 2.30414 9.02296 6.61076 2.15242 
1000 7674 5.77844 9.65818 6.28024 7.88494 
1000 7675 6.45263 7.78565 2.75895 7.84891 
1000 7676 4.35915 4.01934 1.66462 4.26546 
1000 7677 3.72696 4.2286 1.25845 2.9856 
1000 7678 3.87778 0.847382 7.15942 1.41924 
1000 7679 4.00157 3.99912 0.500771 3.50008 
1000 7680 8.38587 5.39056 8.0484 2.88988 
1000 7681 7.88491 2.94052 5.68376 5.31038 
1000 7682 5.42945 4.02781 4.20018 3.80439 
1000 7683 3.84098 4.94303 2.62885 4.72335 
1000 7684 2.4302 8.33088 7.79101 8.51628 
1000 7685 7.64268 5.39458 1.60225 5.17975 
1000 7686 3.73038 3.84109 2.89489 7.02621 
1000 7687 5.37687 3.69511 2.88967 3.21343 
1000 7688 5.10252 5.07011 6.83895 4.06638 
1000 7689 3.40883 4.51629 1.66315 2.74272 
1000 7690 3.86058 3.98833 1.43685 5.78547 
1000 7691 6.75713 2.5916 0.708462 1.72706 
1000 7692 4.86958 3.83105 2.0031 3.23818 
1000 7693 8.77089 6.77816 6.69354 7.29003 
1000 7694 5.05407 4.78161 2.75258 6.04539 
1000 7695 3.91796 4.0949 0.593327 4.2052 
1000 7696 1.6192 8.0602 3.58431 2.96035 
1000 7697 6.94049 2.03803 2.14972 9.0049 
1000 7698 3.99937 4.00045 0.499735 3.49944 
1000 7699 7.68341 3.21489 2.13799 4.38828 
1000 7700 2.84508 5.36384 0.598589 3.90451 
1000 7701 6.64354 2.63477 0.73853 1.71236 
1000 7702 10.841 9.81391 7.1598 2.11644 
1000 7703 2.03625 9.19263 7.06015 2.43057 
1000 7704 8.22745 6.35252 0.956205 3.40357 
1000 7705 1.0011 1 0.500458 1.50013 
1000 7706 4.49732 2.49277 5.54259 8.49534 
1000 7707 6.51075 3.23233 7.31788 7.04941 
1000 7708 4.52145 3.13228 0.91474 3.51623 
1000 7709 2.21848 5.69255 1.2057 8.79418 
1000 7710 6.09758 3.21226 4.3985 2.90988 
1000 7711 4.34206 4.50205 1.77477 7.32316 
1000 7712 4.41918 3.95028 0.767361 3.42366 
1000 7713 4.29443 4.05622 0.937486 3.12619 
1000 7714 8.41106 8.89658 7.83169 9.83519 
1000 7715 7.64266 5.39447 1.60241 5.17979 
1000 7716 2.58555 6.66876 5.05253 6.61391 
1000 7717 5.65708 6.58931 0.707929 5.13344 
1000 7718 4.27038 7.25919 4.37146 8.18205 
1000 7719 7.67376 7.76576 6.33868 3.40378 
1000 7720 2.8825 4.52826 4.30799 8.00318 
1000 7721 2.83432 8.14414 5.82881 1.96323 
1000 7722 4.29348 2.08737 3.47647 3.64865 
1000 7723 4.0398 6.63016 1.38815 4.81754 
1000 7724 4.12378 4.20599 0.496015 3.52328 
1000 7725 6.35783 3.63275 1.52302 4.23004 
1000 7726 2.18844 7.49767 4.87373 8.73425 
1000 7727 5.22655 8.31963 5.67847 10.8516 
1000 7728 4.41455 5.78544 2.55493 2.49473 
1000 7729 6.50473 4.32458 2.01556 4.42027 
1000 7730 5.94736 8.03316 6.13247 3.03165 
1000 7731 8.07807 6.32706 5.46071 6.59757 
1000 7732 1.00101 1.00063 0.500664 1.50045 
1000 7733 9.8521 6.72042 6.00983 9.51505 
1000 7734 9.43667 4.67199 2.55175 6.85475 
1000 7735 4.53384 4.86868 5.30405 7.32363 
1000 7736 4.28405 7.20878 4.1773 8.06396 
1000 7737 5.8841 2.86956 0.814463 4.8923 
1000 7738 7.11512 8.55586 3.05786 2.55845 
1000 7739 1.94068 9.21831 7.20032 2.47382 
1000 7740 6.45545 8.0683 6.40308 5.52728 
1000 7741 9.06405 6.192 4.80402 7.96149 
1000 7742 7.58438 3.60981 5.60981 3.71155 
1000 7743 7.00157 2.55334 2.57717 3.30805 
1000 7744 4.36108 4.85631 2.33324 2.44333 
1000 7745 5.03903 5.24623 0.612129 3.72391 
1000 7746 3.93614 4.03457 0.974555 5.29377 
1000 7747 8.75248 5.92887 9.08219 6.09295 
1000 7748 4.00036 4.00017 0.500238 3.49835 
1000 7749 6.45979 3.90787 4.91448 3.99179 
1000 7750 6.18864 9.83092 8.64992 11.5073 
1000 7751 7.31821 4.87717 4.29649 7.97539 
1000 7752 7.91803 3.75135 6.62933 5.00171 
1000 7753 4.98134 6.79913 3.22497 2.12897 
1000 7754 8.08624 3.07054 5.74585 6.24397 
1000 7755 4.00024 4.00055 0.499689 3.50061 
1000 7756 3.99918 4.00076 0.500344 3.50158 
1000 7757 6.62578 8.60907 6.76134 6.02995 
1000 7758 6.74586 7.61895 5.31559 2.51699 
1000 7759 5.79693 2.91953 6.46583 6.18385 
1000 7760 8.04256 3.18731 4.23075 4.9444 
1000 7761 1.88247 4.94606 6.45565 7.35491 
1000 7762 3.7857 5.50444 1.41493 8.19358 
1000 7763 4.67021 3.9445 0.945857 3.31879 
1000 7764 5.30586 5.12148 5.7761 7.75895 
1000 7765 7.59209 2.07607 3.17791 5.10296 
1000 7766 4.33722 4.11874 1.06002 3.04804 
1000 7767 6.65664 3.58709 1.69326 4.33435 
1000 7768 4.47372 5.22326 2.23784 5.64064 
1000 7769 7.96472 3.07269 2.1345 4.43374 
1000 7770 4.25908 3.89551 0.546826 3.58759 
1000 7771 8.99733 2.39355 6.64293 7.12859 
1000 7772 10.3379 1.35649 8.26925 7.641 
1000 7773 6.44545 6.09094 5.98394 8.61444 
1000 7774 7.16099 1.53243 8.18665 4.73864 
1000 7775 6.98859 1.63834 7.69405 4.30193 
1000 7776 5.17384 5.2941 0.631523 3.66653 
